timestamp,device,android_version,language,model,model_hash,utterance_id,utterance_length_sec,noise_condition,run_number,cold_or_warm,latency_ms,rtf,wer,cer,resident_pss_mb,peak_pss_mb,result_text,expected_text,success,error
1787941464496,Redmi Note 9 Pro,12,hi,vakyansh_hindi_base.int8.onnx,int8,hi_01_normal,4.01,CLEAN,1,COLD,939,0.234,11.11,2.44,466.04,466.04,सभी गश्ती चौकियों की स्थिती सुरक्षित और स्पष्ट है,सभी गश्ती चौकियों की स्थिति सुरक्षित और स्पष्ट है,YES,
1787941465414,Redmi Note 9 Pro,12,hi,vakyansh_hindi_base.int8.onnx,int8,hi_01_normal,4.01,CLEAN,2,WARM,843,0.210,11.11,2.44,464.88,464.88,सभी गश्ती चौकियों की स्थिती सुरक्षित और स्पष्ट है,सभी गश्ती चौकियों की स्थिति सुरक्षित और स्पष्ट है,YES,
1787941466336,Redmi Note 9 Pro,12,hi,vakyansh_hindi_base.int8.onnx,int8,hi_01_normal,4.01,CLEAN,3,WARM,850,0.212,11.11,2.44,465.47,465.47,सभी गश्ती चौकियों की स्थिती सुरक्षित और स्पष्ट है,सभी गश्ती चौकियों की स्थिति सुरक्षित और स्पष्ट है,YES,
1787941466663,Redmi Note 9 Pro,12,hi,vakyansh_hindi_base.int8.onnx,int8,hi_02_short,1.09,CLEAN,1,WARM,244,0.224,0.00,0.00,465.72,465.72,रोज़र बेस,रोज़र बेस,YES,
1787941466975,Redmi Note 9 Pro,12,hi,vakyansh_hindi_base.int8.onnx,int8,hi_02_short,1.09,CLEAN,2,WARM,237,0.217,0.00,0.00,465.88,465.88,रोज़र बेस,रोज़र बेस,YES,
1787941467282,Redmi Note 9 Pro,12,hi,vakyansh_hindi_base.int8.onnx,int8,hi_02_short,1.09,CLEAN,3,WARM,237,0.217,0.00,0.00,466.02,466.02,रोज़र बेस,रोज़र बेस,YES,
1787941469011,Redmi Note 9 Pro,12,hi,vakyansh_hindi_base.int8.onnx,int8,hi_03_long,7.25,CLEAN,1,WARM,1639,0.226,0.00,0.00,533.91,533.91,हमारा दस्ता पश्चिमी राजमार्ग से होते हुए जंक्शन सात की ओर सामान्य प्रोटोकॉल के तहत बढ़ रहा है,हमारा दस्ता पश्चिमी राजमार्ग से होते हुए जंक्शन सात की ओर सामान्य प्रोटोकॉल के तहत बढ़ रहा है,YES,
1787941470757,Redmi Note 9 Pro,12,hi,vakyansh_hindi_base.int8.onnx,int8,hi_03_long,7.25,CLEAN,2,WARM,1654,0.228,0.00,0.00,625.60,625.60,हमारा दस्ता पश्चिमी राजमार्ग से होते हुए जंक्शन सात की ओर सामान्य प्रोटोकॉल के तहत बढ़ रहा है,हमारा दस्ता पश्चिमी राजमार्ग से होते हुए जंक्शन सात की ओर सामान्य प्रोटोकॉल के तहत बढ़ रहा है,YES,
1787941472440,Redmi Note 9 Pro,12,hi,vakyansh_hindi_base.int8.onnx,int8,hi_03_long,7.25,CLEAN,3,WARM,1594,0.220,0.00,0.00,623.93,623.93,हमारा दस्ता पश्चिमी राजमार्ग से होते हुए जंक्शन सात की ओर सामान्य प्रोटोकॉल के तहत बढ़ रहा है,हमारा दस्ता पश्चिमी राजमार्ग से होते हुए जंक्शन सात की ओर सामान्य प्रोटोकॉल के तहत बढ़ रहा है,YES,
1787941473612,Redmi Note 9 Pro,12,hi,vakyansh_hindi_base.int8.onnx,int8,hi_04_numbers,4.93,CLEAN,1,WARM,1067,0.216,33.33,8.33,626.90,626.90,टीन में कोल बारह सदस्य है और बैटरी स्तर पहत्तर प्रतिशत है,टीम में कुल बारह सदस्य हैं और बैटरी स्तर पचहत्तर प्रतिशत है,YES,
1787941474741,Redmi Note 9 Pro,12,hi,vakyansh_hindi_base.int8.onnx,int8,hi_04_numbers,4.93,CLEAN,2,WARM,1047,0.212,33.33,8.33,625.76,626.94,टीन में कोल बारह सदस्य है और बैटरी स्तर पहत्तर प्रतिशत है,टीम में कुल बारह सदस्य हैं और बैटरी स्तर पचहत्तर प्रतिशत है,YES,
1787941475881,Redmi Note 9 Pro,12,hi,vakyansh_hindi_base.int8.onnx,int8,hi_04_numbers,4.93,CLEAN,3,WARM,1057,0.214,33.33,8.33,626.50,626.50,टीन में कोल बारह सदस्य है और बैटरी स्तर पहत्तर प्रतिशत है,टीम में कुल बारह सदस्य हैं और बैटरी स्तर पचहत्तर प्रतिशत है,YES,
1787941477056,Redmi Note 9 Pro,12,hi,vakyansh_hindi_base.int8.onnx,int8,hi_05_location,5.03,CLEAN,1,WARM,1079,0.215,0.00,0.00,627.03,627.03,स्टेशन अल्फा मुख्य द्वार से पचास मीटर उत्तर की ओर स्थित है,स्टेशन अल्फा मुख्य द्वार से पचास मीटर उत्तर की ओर स्थित है,YES,
1787941478222,Redmi Note 9 Pro,12,hi,vakyansh_hindi_base.int8.onnx,int8,hi_05_location,5.03,CLEAN,2,WARM,1080,0.215,0.00,0.00,627.77,627.77,स्टेशन अल्फा मुख्य द्वार से पचास मीटर उत्तर की ओर स्थित है,स्टेशन अल्फा मुख्य द्वार से पचास मीटर उत्तर की ओर स्थित है,YES,
1787941479383,Redmi Note 9 Pro,12,hi,vakyansh_hindi_base.int8.onnx,int8,hi_05_location,5.03,CLEAN,3,WARM,1071,0.213,0.00,0.00,628.52,628.52,स्टेशन अल्फा मुख्य द्वार से पचास मीटर उत्तर की ओर स्थित है,स्टेशन अल्फा मुख्य द्वार से पचास मीटर उत्तर की ओर स्थित है,YES,
1787941480614,Redmi Note 9 Pro,12,hi,vakyansh_hindi_base.int8.onnx,int8,hi_06_emergency,5.18,CLEAN,1,WARM,1124,0.217,10.00,1.96,632.58,632.58,आपाकालीन चेतावनी सेक्टर चार में तुरंत सहायता की आवश्यकता है,आपातकालीन चेतावनी सेक्टर चार में तुरंत सहायता की आवश्यकता है,YES,
1787941481810,Redmi Note 9 Pro,12,hi,vakyansh_hindi_base.int8.onnx,int8,hi_06_emergency,5.18,CLEAN,2,WARM,1116,0.216,10.00,1.96,630.98,632.63,आपाकालीन चेतावनी सेक्टर चार में तुरंत सहायता की आवश्यकता है,आपातकालीन चेतावनी सेक्टर चार में तुरंत सहायता की आवश्यकता है,YES,
1787941483006,Redmi Note 9 Pro,12,hi,vakyansh_hindi_base.int8.onnx,int8,hi_06_emergency,5.18,CLEAN,3,WARM,1109,0.214,10.00,1.96,631.74,631.74,आपाकालीन चेतावनी सेक्टर चार में तुरंत सहायता की आवश्यकता है,आपातकालीन चेतावनी सेक्टर चार में तुरंत सहायता की आवश्यकता है,YES,
1787941483908,Redmi Note 9 Pro,12,hi,vakyansh_hindi_base.int8.onnx,int8,hi_07_radio,3.85,CLEAN,1,WARM,813,0.211,10.00,2.86,632.68,632.68,रेडियो चेक क्या आपको मेरी आवाज आ रही है ओवर,रेडियो चेक क्या आपको मेरी आवाज़ आ रही है ओवर,YES,
1787941484814,Redmi Note 9 Pro,12,hi,vakyansh_hindi_base.int8.onnx,int8,hi_07_radio,3.85,CLEAN,2,WARM,815,0.212,10.00,2.86,629.68,632.71,रेडियो चेक क्या आपको मेरी आवाज आ रही है ओवर,रेडियो चेक क्या आपको मेरी आवाज़ आ रही है ओवर,YES,
1787941485719,Redmi Note 9 Pro,12,hi,vakyansh_hindi_base.int8.onnx,int8,hi_07_radio,3.85,CLEAN,3,WARM,823,0.214,10.00,2.86,630.26,630.26,रेडियो चेक क्या आपको मेरी आवाज आ रही है ओवर,रेडियो चेक क्या आपको मेरी आवाज़ आ रही है ओवर,YES,
1787941486578,Redmi Note 9 Pro,12,hi,vakyansh_hindi_base.int8.onnx,int8,hi_08_punct,3.60,CLEAN,1,WARM,770,0.214,12.50,2.70,631.14,631.14,स्थिती बनाए रखें अगले आदेश की प्रतीक्षा करें,स्थिति बनाए रखें अगले आदेश की प्रतीक्षा करें,YES,
1787941487432,Redmi Note 9 Pro,12,hi,vakyansh_hindi_base.int8.onnx,int8,hi_08_punct,3.60,CLEAN,2,WARM,761,0.212,12.50,2.70,631.68,631.68,स्थिती बनाए रखें अगले आदेश की प्रतीक्षा करें,स्थिति बनाए रखें अगले आदेश की प्रतीक्षा करें,YES,
1787941488281,Redmi Note 9 Pro,12,hi,vakyansh_hindi_base.int8.onnx,int8,hi_08_punct,3.60,CLEAN,3,WARM,761,0.212,12.50,2.70,632.23,632.23,स्थिती बनाए रखें अगले आदेश की प्रतीक्षा करें,स्थिति बनाए रखें अगले आदेश की प्रतीक्षा करें,YES,
1787941489331,Redmi Note 9 Pro,12,hi,vakyansh_hindi_base.int8.onnx,int8,hi_09_proper_nouns,4.46,CLEAN,1,WARM,962,0.216,10.00,2.27,631.05,632.81,दस्ता नायक विक्रम बेस पर कैप्तन शर्मा को रिपोर्ट करें,दस्ता नायक विक्रम बेस पर कैप्टन शर्मा को रिपोर्ट करें,YES,
1787941490388,Redmi Note 9 Pro,12,hi,vakyansh_hindi_base.int8.onnx,int8,hi_09_proper_nouns,4.46,CLEAN,2,WARM,977,0.219,10.00,2.27,631.71,631.71,दस्ता नायक विक्रम बेस पर कैप्तन शर्मा को रिपोर्ट करें,दस्ता नायक विक्रम बेस पर कैप्टन शर्मा को रिपोर्ट करें,YES,
1787941491430,Redmi Note 9 Pro,12,hi,vakyansh_hindi_base.int8.onnx,int8,hi_09_proper_nouns,4.46,CLEAN,3,WARM,952,0.214,10.00,2.27,632.37,632.37,दस्ता नायक विक्रम बेस पर कैप्तन शर्मा को रिपोर्ट करें,दस्ता नायक विक्रम बेस पर कैप्टन शर्मा को रिपोर्ट करें,YES,
1787941492437,Redmi Note 9 Pro,12,hi,vakyansh_hindi_base.int8.onnx,int8,hi_10_fast,4.21,CLEAN,1,WARM,912,0.216,18.18,6.98,630.06,632.84,स्वरत सूचना तीम अब सुरक्षा घेरे में प्रवेश कर रही है,त्वरित सूचना टीम अब सुरक्षा घेरे में प्रवेश कर रही है,YES,
1787941493426,Redmi Note 9 Pro,12,hi,vakyansh_hindi_base.int8.onnx,int8,hi_10_fast,4.21,CLEAN,2,WARM,898,0.213,18.18,6.98,630.69,630.69,स्वरत सूचना तीम अब सुरक्षा घेरे में प्रवेश कर रही है,त्वरित सूचना टीम अब सुरक्षा घेरे में प्रवेश कर रही है,YES,
1787941494427,Redmi Note 9 Pro,12,hi,vakyansh_hindi_base.int8.onnx,int8,hi_10_fast,4.21,CLEAN,3,WARM,902,0.214,18.18,6.98,631.31,631.31,स्वरत सूचना तीम अब सुरक्षा घेरे में प्रवेश कर रही है,त्वरित सूचना टीम अब सुरक्षा घेरे में प्रवेश कर रही है,YES,
1787941495417,Redmi Note 9 Pro,12,hi,vakyansh_hindi_base.int8.onnx,int8,hi_11_tactical_1,4.19,CLEAN,1,WARM,905,0.216,11.11,2.56,632.33,632.33,रेड अलर्ट सभी टीमें सुरक्षित स्थान पर पीछे हटे,रेड अलर्ट सभी टीमें सुरक्षित स्थान पर पीछे हटें,YES,
1787941496406,Redmi Note 9 Pro,12,hi,vakyansh_hindi_base.int8.onnx,int8,hi_11_tactical_1,4.19,CLEAN,2,WARM,901,0.215,11.11,2.56,632.95,632.95,रेड अलर्ट सभी टीमें सुरक्षित स्थान पर पीछे हटे,रेड अलर्ट सभी टीमें सुरक्षित स्थान पर पीछे हटें,YES,
1787941497385,Redmi Note 9 Pro,12,hi,vakyansh_hindi_base.int8.onnx,int8,hi_11_tactical_1,4.19,CLEAN,3,WARM,885,0.211,11.11,2.56,630.45,633.11,रेड अलर्ट सभी टीमें सुरक्षित स्थान पर पीछे हटे,रेड अलर्ट सभी टीमें सुरक्षित स्थान पर पीछे हटें,YES,
1787941498187,Redmi Note 9 Pro,12,hi,vakyansh_hindi_base.int8.onnx,int8,hi_12_tactical_2,3.31,CLEAN,1,WARM,709,0.214,0.00,0.00,631.25,631.25,चिकित्सा दल को सेक्टर नौ में भेजा गया है,चिकित्सा दल को सेक्टर नौ में भेजा गया है,YES,
1787941498977,Redmi Note 9 Pro,12,hi,vakyansh_hindi_base.int8.onnx,int8,hi_12_tactical_2,3.31,CLEAN,2,WARM,706,0.213,0.00,0.00,631.75,631.75,चिकित्सा दल को सेक्टर नौ में भेजा गया है,चिकित्सा दल को सेक्टर नौ में भेजा गया है,YES,
1787941499768,Redmi Note 9 Pro,12,hi,vakyansh_hindi_base.int8.onnx,int8,hi_12_tactical_2,3.31,CLEAN,3,WARM,712,0.215,0.00,0.00,632.23,632.23,चिकित्सा दल को सेक्टर नौ में भेजा गया है,चिकित्सा दल को सेक्टर नौ में भेजा गया है,YES,
1787941500646,Redmi Note 9 Pro,12,hi,vakyansh_hindi_base.int8.onnx,int8,hi_13_tactical_3,3.66,CLEAN,1,WARM,786,0.215,14.29,2.63,633.12,633.12,ऑक्सीजन स्तर चालीस प्रतिशत तुरंत बाहर निकले,ऑक्सीजन स्तर चालीस प्रतिशत तुरंत बाहर निकलें,YES,
1787941501509,Redmi Note 9 Pro,12,hi,vakyansh_hindi_base.int8.onnx,int8,hi_13_tactical_3,3.66,CLEAN,2,WARM,765,0.209,14.29,2.63,629.68,633.15,ऑक्सीजन स्तर चालीस प्रतिशत तुरंत बाहर निकले,ऑक्सीजन स्तर चालीस प्रतिशत तुरंत बाहर निकलें,YES,
1787941502370,Redmi Note 9 Pro,12,hi,vakyansh_hindi_base.int8.onnx,int8,hi_13_tactical_3,3.66,CLEAN,3,WARM,770,0.211,14.29,2.63,630.25,630.25,ऑक्सीजन स्तर चालीस प्रतिशत तुरंत बाहर निकले,ऑक्सीजन स्तर चालीस प्रतिशत तुरंत बाहर निकलें,YES,
1787941503087,Redmi Note 9 Pro,12,hi,vakyansh_hindi_base.int8.onnx,int8,hi_14_tactical_4,2.94,CLEAN,1,WARM,625,0.213,12.50,7.69,630.96,630.96,गोदाम दो में घना धुमा देखा गया है,गोदाम दो में घना धुआं देखा गया है,YES,
1787941503812,Redmi Note 9 Pro,12,hi,vakyansh_hindi_base.int8.onnx,int8,hi_14_tactical_4,2.94,CLEAN,2,WARM,636,0.217,12.50,7.69,631.41,631.41,गोदाम दो में घना धुमा देखा गया है,गोदाम दो में घना धुआं देखा गया है,YES,
1787941504517,Redmi Note 9 Pro,12,hi,vakyansh_hindi_base.int8.onnx,int8,hi_14_tactical_4,2.94,CLEAN,3,WARM,627,0.213,12.50,7.69,631.85,631.85,गोदाम दो में घना धुमा देखा गया है,गोदाम दो में घना धुआं देखा गया है,YES,
1787941505318,Redmi Note 9 Pro,12,hi,vakyansh_hindi_base.int8.onnx,int8,hi_15_tactical_5,3.34,CLEAN,1,WARM,713,0.213,11.11,9.38,630.45,632.20,सीमा बार्ड के पास घुसपैठ की सूचना मिली है,सीमा बाड़ के पास घुसपैठ की सूचना मिली है,YES,
1787941506106,Redmi Note 9 Pro,12,hi,vakyansh_hindi_base.int8.onnx,int8,hi_15_tactical_5,3.34,CLEAN,2,WARM,709,0.212,11.11,9.38,630.96,630.96,सीमा बार्ड के पास घुसपैठ की सूचना मिली है,सीमा बाड़ के पास घुसपैठ की सूचना मिली है,YES,
1787941506907,Redmi Note 9 Pro,12,hi,vakyansh_hindi_base.int8.onnx,int8,hi_15_tactical_5,3.34,CLEAN,3,WARM,719,0.215,11.11,9.38,631.50,631.50,सीमा बार्ड के पास घुसपैठ की सूचना मिली है,सीमा बाड़ के पास घुसपैठ की सूचना मिली है,YES,
1787941508147,Redmi Note 9 Pro,12,hi,vakyansh_hindi_base.int8.onnx,int8,hi_16_coords_1,5.34,CLEAN,1,WARM,1144,0.214,37.50,7.32,635.83,635.83,अक्षांच बारह दशमलव पांच देशांतर सतत्तर दशमलव छह,अक्षांश बारह दशमलव पाँच देशांतर सतहत्तर दशमलव छह,YES,
1787941509381,Redmi Note 9 Pro,12,hi,vakyansh_hindi_base.int8.onnx,int8,hi_16_coords_1,5.34,CLEAN,2,WARM,1139,0.213,37.50,7.32,633.15,635.91,अक्षांच बारह दशमलव पांच देशांतर सतत्तर दशमलव छह,अक्षांश बारह दशमलव पाँच देशांतर सतहत्तर दशमलव छह,YES,
1787941510596,Redmi Note 9 Pro,12,hi,vakyansh_hindi_base.int8.onnx,int8,hi_16_coords_1,5.34,CLEAN,3,WARM,1132,0.212,37.50,7.32,633.93,633.93,अक्षांच बारह दशमलव पांच देशांतर सतत्तर दशमलव छह,अक्षांश बारह दशमलव पाँच देशांतर सतहत्तर दशमलव छह,YES,
1787941511382,Redmi Note 9 Pro,12,hi,vakyansh_hindi_base.int8.onnx,int8,hi_17_coords_2,3.25,CLEAN,1,WARM,691,0.213,100.00,17.86,634.72,634.72,चेक पॉइंट डेरता ऊंचाई तीन सोमीटर,चेकपॉइंट डेल्टा ऊँचाई तीन सौ मीटर,NO,
1787941512158,Redmi Note 9 Pro,12,hi,vakyansh_hindi_base.int8.onnx,int8,hi_17_coords_2,3.25,CLEAN,2,WARM,694,0.213,100.00,17.86,635.21,635.21,चेक पॉइंट डेरता ऊंचाई तीन सोमीटर,चेकपॉइंट डेल्टा ऊँचाई तीन सौ मीटर,NO,
1787941512937,Redmi Note 9 Pro,12,hi,vakyansh_hindi_base.int8.onnx,int8,hi_17_coords_2,3.25,CLEAN,3,WARM,697,0.214,100.00,17.86,635.69,635.69,चेक पॉइंट डेरता ऊंचाई तीन सोमीटर,चेकपॉइंट डेल्टा ऊँचाई तीन सौ मीटर,NO,
1787941513758,Redmi Note 9 Pro,12,hi,vakyansh_hindi_base.int8.onnx,int8,hi_18_coords_3,3.39,CLEAN,1,WARM,729,0.215,33.33,6.45,633.41,636.16,इमारा चार कमरा नंबर अट्ठाई सुरक्षित,इमारत चार कमरा नंबर अट्ठाईस सुरक्षित,YES,
1787941514567,Redmi Note 9 Pro,12,hi,vakyansh_hindi_base.int8.onnx,int8,hi_18_coords_3,3.39,CLEAN,2,WARM,726,0.214,33.33,6.45,633.91,633.91,इमारा चार कमरा नंबर अट्ठाई सुरक्षित,इमारत चार कमरा नंबर अट्ठाईस सुरक्षित,YES,
1787941515379,Redmi Note 9 Pro,12,hi,vakyansh_hindi_base.int8.onnx,int8,hi_18_coords_3,3.39,CLEAN,3,WARM,727,0.214,33.33,6.45,634.41,634.41,इमारा चार कमरा नंबर अट्ठाई सुरक्षित,इमारत चार कमरा नंबर अट्ठाईस सुरक्षित,YES,
1787941516251,Redmi Note 9 Pro,12,hi,vakyansh_hindi_base.int8.onnx,int8,hi_19_coords_4,3.63,CLEAN,1,WARM,777,0.214,0.00,0.00,635.29,635.29,गति तीस किलोमीटर प्रति घंटा दक्षिण की ओर,गति तीस किलोमीटर प्रति घंटा दक्षिण की ओर,YES,
1787941517099,Redmi Note 9 Pro,12,hi,vakyansh_hindi_base.int8.onnx,int8,hi_19_coords_4,3.63,CLEAN,2,WARM,766,0.211,0.00,0.00,635.82,635.82,गति तीस किलोमीटर प्रति घंटा दक्षिण की ओर,गति तीस किलोमीटर प्रति घंटा दक्षिण की ओर,YES,
1787941517970,Redmi Note 9 Pro,12,hi,vakyansh_hindi_base.int8.onnx,int8,hi_19_coords_4,3.63,CLEAN,3,WARM,764,0.210,0.00,0.00,636.36,636.36,गति तीस किलोमीटर प्रति घंटा दक्षिण की ओर,गति तीस किलोमीटर प्रति घंटा दक्षिण की ओर,YES,
1787941518860,Redmi Note 9 Pro,12,hi,vakyansh_hindi_base.int8.onnx,int8,hi_20_coords_5,3.69,CLEAN,1,WARM,793,0.215,57.14,11.43,633.02,636.79,रिलेतावर पांच सिग्नल शक्ति असी प्रतिशत,रिले टावर पाँच सिग्नल शक्ति अस्सी प्रतिशत,NO,
1787941519723,Redmi Note 9 Pro,12,hi,vakyansh_hindi_base.int8.onnx,int8,hi_20_coords_5,3.69,CLEAN,2,WARM,773,0.210,57.14,11.43,633.57,633.57,रिलेतावर पांच सिग्नल शक्ति असी प्रतिशत,रिले टावर पाँच सिग्नल शक्ति अस्सी प्रतिशत,NO,
1787941520588,Redmi Note 9 Pro,12,hi,vakyansh_hindi_base.int8.onnx,int8,hi_20_coords_5,3.69,CLEAN,3,WARM,782,0.212,57.14,11.43,634.11,634.11,रिलेतावर पांच सिग्नल शक्ति असी प्रतिशत,रिले टावर पाँच सिग्नल शक्ति अस्सी प्रतिशत,NO,
1787941523161,Redmi Note 9 Pro,12,hi,vakyansh_hindi_base.int8.onnx,int8,hi_21_long_tactical_1,10.77,CLEAN,1,WARM,2467,0.229,11.11,3.77,635.67,635.67,काफिला अल्फा एक बेस ब्रावों को सूचित करता है कि ग्रिड समम्वय बयालीस के पास पश्चिमी बाट टूट गई है और तुरंत चिकित्सा दल की आवश्यकता है,काफिला अल्फा एक बेस ब्रावो को सूचित करता है कि ग्रिड समन्वय बयालीस के पास पश्चिमी बाड़ टूट गई है और तुरंत चिकित्सा दल की आवश्यकता है,YES,
1787941525739,Redmi Note 9 Pro,12,hi,vakyansh_hindi_base.int8.onnx,int8,hi_21_long_tactical_1,10.77,CLEAN,2,WARM,2481,0.230,11.11,3.77,703.33,703.33,काफिला अल्फा एक बेस ब्रावों को सूचित करता है कि ग्रिड समम्वय बयालीस के पास पश्चिमी बाट टूट गई है और तुरंत चिकित्सा दल की आवश्यकता है,काफिला अल्फा एक बेस ब्रावो को सूचित करता है कि ग्रिड समन्वय बयालीस के पास पश्चिमी बाड़ टूट गई है और तुरंत चिकित्सा दल की आवश्यकता है,YES,
1787941528309,Redmi Note 9 Pro,12,hi,vakyansh_hindi_base.int8.onnx,int8,hi_21_long_tactical_1,10.77,CLEAN,3,WARM,2483,0.230,11.11,3.77,701.20,701.20,काफिला अल्फा एक बेस ब्रावों को सूचित करता है कि ग्रिड समम्वय बयालीस के पास पश्चिमी बाट टूट गई है और तुरंत चिकित्सा दल की आवश्यकता है,काफिला अल्फा एक बेस ब्रावो को सूचित करता है कि ग्रिड समन्वय बयालीस के पास पश्चिमी बाड़ टूट गई है और तुरंत चिकित्सा दल की आवश्यकता है,YES,
1787941530743,Redmi Note 9 Pro,12,hi,vakyansh_hindi_base.int8.onnx,int8,hi_22_long_tactical_2,10.07,CLEAN,1,WARM,2322,0.231,15.38,5.71,701.45,702.21,स्टेशन देलता पुष्टि करता है कि सेक्टर तीन में ऑक्सीजन का स्तर तप्रतिशत तक गिर गया है सभी कर्मी दक्षिणी निकास द्वार की ओर बढ़े,स्टेशन डेल्टा पुष्टि करता है कि सेक्टर तीन में ऑक्सीजन का स्तर तीस प्रतिशत तक गिर गया है सभी कर्मी दक्षिणी निकास द्वार की ओर बढ़ें,YES,
1787941533110,Redmi Note 9 Pro,12,hi,vakyansh_hindi_base.int8.onnx,int8,hi_22_long_tactical_2,10.07,CLEAN,2,WARM,2280,0.226,15.38,5.71,700.71,700.71,स्टेशन देलता पुष्टि करता है कि सेक्टर तीन में ऑक्सीजन का स्तर तप्रतिशत तक गिर गया है सभी कर्मी दक्षिणी निकास द्वार की ओर बढ़े,स्टेशन डेल्टा पुष्टि करता है कि सेक्टर तीन में ऑक्सीजन का स्तर तीस प्रतिशत तक गिर गया है सभी कर्मी दक्षिणी निकास द्वार की ओर बढ़ें,YES,
1787941535514,Redmi Note 9 Pro,12,hi,vakyansh_hindi_base.int8.onnx,int8,hi_22_long_tactical_2,10.07,CLEAN,3,WARM,2315,0.230,15.38,5.71,702.29,702.29,स्टेशन देलता पुष्टि करता है कि सेक्टर तीन में ऑक्सीजन का स्तर तप्रतिशत तक गिर गया है सभी कर्मी दक्षिणी निकास द्वार की ओर बढ़े,स्टेशन डेल्टा पुष्टि करता है कि सेक्टर तीन में ऑक्सीजन का स्तर तीस प्रतिशत तक गिर गया है सभी कर्मी दक्षिणी निकास द्वार की ओर बढ़ें,YES,
1787941538110,Redmi Note 9 Pro,12,hi,vakyansh_hindi_base.int8.onnx,int8,hi_23_long_tactical_3,10.37,CLEAN,1,WARM,2492,0.240,11.11,3.06,701.80,701.80,खोज और बचाव दल बाराह बाढ़ प्रभावित क्षेत्र में आगे बढ़ रहा है पानी का स्तर सड़क से दो मीटर ऊपर पहुँच चुका है नौकाएं तैनात है,खोज और बचाव दल बारह बाढ़ प्रभावित क्षेत्र में आगे बढ़ रहा है पानी का स्तर सड़क से दो मीटर ऊपर पहुंच चुका है नौकाएं तैनात हैं,YES,
1787941540685,Redmi Note 9 Pro,12,hi,vakyansh_hindi_base.int8.onnx,int8,hi_23_long_tactical_3,10.37,CLEAN,2,WARM,2479,0.239,11.11,3.06,700.64,701.88,खोज और बचाव दल बाराह बाढ़ प्रभावित क्षेत्र में आगे बढ़ रहा है पानी का स्तर सड़क से दो मीटर ऊपर पहुँच चुका है नौकाएं तैनात है,खोज और बचाव दल बारह बाढ़ प्रभावित क्षेत्र में आगे बढ़ रहा है पानी का स्तर सड़क से दो मीटर ऊपर पहुंच चुका है नौकाएं तैनात हैं,YES,
1787941543160,Redmi Note 9 Pro,12,hi,vakyansh_hindi_base.int8.onnx,int8,hi_23_long_tactical_3,10.37,CLEAN,3,WARM,2390,0.231,11.11,3.06,702.16,702.16,खोज और बचाव दल बाराह बाढ़ प्रभावित क्षेत्र में आगे बढ़ रहा है पानी का स्तर सड़क से दो मीटर ऊपर पहुँच चुका है नौकाएं तैनात है,खोज और बचाव दल बारह बाढ़ प्रभावित क्षेत्र में आगे बढ़ रहा है पानी का स्तर सड़क से दो मीटर ऊपर पहुंच चुका है नौकाएं तैनात हैं,YES,
1787941545616,Redmi Note 9 Pro,12,hi,vakyansh_hindi_base.int8.onnx,int8,hi_24_long_tactical_4,10.12,CLEAN,1,WARM,2344,0.232,8.70,2.02,702.64,703.18,आपातकालीन चेतावनी तटीय सेक्टर साथ में भीषण तूफान आ रहा है हवा की गति सत्तर किरोमीटर प्रति घंटा है सभी उपकरण सुरक्षित करें,आपातकालीन चेतावनी तटीय सेक्टर सात में भीषण तूफान आ रहा है हवा की गति सत्तर किलोमीटर प्रति घंटा है सभी उपकरण सुरक्षित करें,YES,
1787941548091,Redmi Note 9 Pro,12,hi,vakyansh_hindi_base.int8.onnx,int8,hi_24_long_tactical_4,10.12,CLEAN,2,WARM,2389,0.236,8.70,2.02,704.13,704.13,आपातकालीन चेतावनी तटीय सेक्टर साथ में भीषण तूफान आ रहा है हवा की गति सत्तर किरोमीटर प्रति घंटा है सभी उपकरण सुरक्षित करें,आपातकालीन चेतावनी तटीय सेक्टर सात में भीषण तूफान आ रहा है हवा की गति सत्तर किलोमीटर प्रति घंटा है सभी उपकरण सुरक्षित करें,YES,
1787941550567,Redmi Note 9 Pro,12,hi,vakyansh_hindi_base.int8.onnx,int8,hi_24_long_tactical_4,10.12,CLEAN,3,WARM,2385,0.236,8.70,2.02,700.58,704.21,आपातकालीन चेतावनी तटीय सेक्टर साथ में भीषण तूफान आ रहा है हवा की गति सत्तर किरोमीटर प्रति घंटा है सभी उपकरण सुरक्षित करें,आपातकालीन चेतावनी तटीय सेक्टर सात में भीषण तूफान आ रहा है हवा की गति सत्तर किलोमीटर प्रति घंटा है सभी उपकरण सुरक्षित करें,YES,
1787941552750,Redmi Note 9 Pro,12,hi,vakyansh_hindi_base.int8.onnx,int8,hi_25_long_tactical_5,9.31,CLEAN,1,WARM,2091,0.225,14.29,5.32,718.34,718.34,कमानड सेंटर सभी दष्टी दलों को निर्देश देता है कि पश्चिमी राजमार्ग जंक्शन चार पर पहुंचे और रेडियो संपर्क बनाए रखें,कमांड सेंटर सभी गश्ती दलों को निर्देश देता है कि पश्चिमी राजमार्ग जंक्शन चार पर पहुंचें और रेडियो संपर्क बनाए रखें,YES,
1787941554920,Redmi Note 9 Pro,12,hi,vakyansh_hindi_base.int8.onnx,int8,hi_25_long_tactical_5,9.31,CLEAN,2,WARM,2086,0.224,14.29,5.32,719.73,719.73,कमानड सेंटर सभी दष्टी दलों को निर्देश देता है कि पश्चिमी राजमार्ग जंक्शन चार पर पहुंचे और रेडियो संपर्क बनाए रखें,कमांड सेंटर सभी गश्ती दलों को निर्देश देता है कि पश्चिमी राजमार्ग जंक्शन चार पर पहुंचें और रेडियो संपर्क बनाए रखें,YES,
1787941558114,Redmi Note 9 Pro,12,hi,vakyansh_hindi_base.int8.onnx,int8,hi_25_long_tactical_5,9.31,CLEAN,3,WARM,3101,0.333,14.29,5.32,717.95,719.93,कमानड सेंटर सभी दष्टी दलों को निर्देश देता है कि पश्चिमी राजमार्ग जंक्शन चार पर पहुंचे और रेडियो संपर्क बनाए रखें,कमांड सेंटर सभी गश्ती दलों को निर्देश देता है कि पश्चिमी राजमार्ग जंक्शन चार पर पहुंचें और रेडियो संपर्क बनाए रखें,YES,
1787941561162,Redmi Note 9 Pro,12,hi,vakyansh_hindi_base.int8.onnx,int8,hi_26_long_tactical_6,9.21,CLEAN,1,WARM,2947,0.320,9.09,3.19,720.13,720.13,चिकित्सा आपूर्ति कफला राहत शिवर नौ में पहुंच चुका है भोजन और प्राथमिक उपचार सामग्री का वितरण शुरू किया जा रहा है,चिकित्सा आपूर्ति काफिला राहत शिविर नौ में पहुंच चुका है भोजन और प्राथमिक उपचार सामग्री का वितरण शुरू किया जा रहा है,YES,
1787941563321,Redmi Note 9 Pro,12,hi,vakyansh_hindi_base.int8.onnx,int8,hi_26_long_tactical_6,9.21,CLEAN,2,WARM,2071,0.225,9.09,3.19,715.95,720.24,चिकित्सा आपूर्ति कफला राहत शिवर नौ में पहुंच चुका है भोजन और प्राथमिक उपचार सामग्री का वितरण शुरू किया जा रहा है,चिकित्सा आपूर्ति काफिला राहत शिविर नौ में पहुंच चुका है भोजन और प्राथमिक उपचार सामग्री का वितरण शुरू किया जा रहा है,YES,
1787941565507,Redmi Note 9 Pro,12,hi,vakyansh_hindi_base.int8.onnx,int8,hi_26_long_tactical_6,9.21,CLEAN,3,WARM,2088,0.227,9.09,3.19,720.53,720.53,चिकित्सा आपूर्ति कफला राहत शिवर नौ में पहुंच चुका है भोजन और प्राथमिक उपचार सामग्री का वितरण शुरू किया जा रहा है,चिकित्सा आपूर्ति काफिला राहत शिविर नौ में पहुंच चुका है भोजन और प्राथमिक उपचार सामग्री का वितरण शुरू किया जा रहा है,YES,
1787941567547,Redmi Note 9 Pro,12,hi,vakyansh_hindi_base.int8.onnx,int8,hi_27_long_tactical_7,8.42,CLEAN,1,WARM,1942,0.231,13.64,3.70,716.53,718.19,निद्रानी दल ने रिलेटाबर तीन पर बिजली आपूर्ति बाधित होने की सूचना दी है बैकअप जनरेटर चालू कर दिए गए हैं,निगरानी दल ने रिले टावर तीन पर बिजली आपूर्ति बाधित होने की सूचना दी है बैकअप जनरेटर चालू कर दिए गए हैं,YES,
1787941569567,Redmi Note 9 Pro,12,hi,vakyansh_hindi_base.int8.onnx,int8,hi_27_long_tactical_7,8.42,CLEAN,2,WARM,1928,0.229,13.64,3.70,717.75,717.75,निद्रानी दल ने रिलेटाबर तीन पर बिजली आपूर्ति बाधित होने की सूचना दी है बैकअप जनरेटर चालू कर दिए गए हैं,निगरानी दल ने रिले टावर तीन पर बिजली आपूर्ति बाधित होने की सूचना दी है बैकअप जनरेटर चालू कर दिए गए हैं,YES,
1787941572057,Redmi Note 9 Pro,12,hi,vakyansh_hindi_base.int8.onnx,int8,hi_27_long_tactical_7,8.42,CLEAN,3,WARM,2393,0.284,13.64,3.70,718.98,718.98,निद्रानी दल ने रिलेटाबर तीन पर बिजली आपूर्ति बाधित होने की सूचना दी है बैकअप जनरेटर चालू कर दिए गए हैं,निगरानी दल ने रिले टावर तीन पर बिजली आपूर्ति बाधित होने की सूचना दी है बैकअप जनरेटर चालू कर दिए गए हैं,YES,
1787941574773,Redmi Note 9 Pro,12,hi,vakyansh_hindi_base.int8.onnx,int8,hi_28_long_tactical_8,7.90,CLEAN,1,WARM,2611,0.331,19.05,6.33,715.73,719.78,दस्ताबरावो वन क्षेत्र से होते हुए बिंदु पांच की ओर बढ़ रहा है कोई संदेगत गतिविधि नहीं देखी गई है,दस्ता ब्रावो वन क्षेत्र से होते हुए बिंदु पाँच की ओर बढ़ रहा है कोई संदिग्ध गतिविधि नहीं देखी गई है,YES,
1787941576722,Redmi Note 9 Pro,12,hi,vakyansh_hindi_base.int8.onnx,int8,hi_28_long_tactical_8,7.90,CLEAN,2,WARM,1857,0.235,19.05,6.33,716.88,716.88,दस्ताबरावो वन क्षेत्र से होते हुए बिंदु पांच की ओर बढ़ रहा है कोई संदेगत गतिविधि नहीं देखी गई है,दस्ता ब्रावो वन क्षेत्र से होते हुए बिंदु पाँच की ओर बढ़ रहा है कोई संदिग्ध गतिविधि नहीं देखी गई है,YES,
1787941578637,Redmi Note 9 Pro,12,hi,vakyansh_hindi_base.int8.onnx,int8,hi_28_long_tactical_8,7.90,CLEAN,3,WARM,1822,0.231,19.05,6.33,718.04,718.04,दस्ताबरावो वन क्षेत्र से होते हुए बिंदु पांच की ओर बढ़ रहा है कोई संदेगत गतिविधि नहीं देखी गई है,दस्ता ब्रावो वन क्षेत्र से होते हुए बिंदु पाँच की ओर बढ़ रहा है कोई संदिग्ध गतिविधि नहीं देखी गई है,YES,
1787941581010,Redmi Note 9 Pro,12,hi,vakyansh_hindi_base.int8.onnx,int8,hi_29_long_tactical_9,9.77,CLEAN,1,WARM,2270,0.232,12.50,2.08,723.45,723.45,अभियांत्रि की टीम ने नदी के पुल को भारी वाहनों के लिए औरसुरक्षित घोषित किया है सभी यातायात को पूर्व दिशा में मोड़ा गया है,अभियांत्रिकी टीम ने नदी के पुल को भारी वाहनों के लिए असुरक्षित घोषित किया है सभी यातायात को पूर्व दिशा में मोड़ा गया है,YES,
1787941583321,Redmi Note 9 Pro,12,hi,vakyansh_hindi_base.int8.onnx,int8,hi_29_long_tactical_9,9.77,CLEAN,2,WARM,2221,0.227,12.50,2.08,721.84,723.54,अभियांत्रि की टीम ने नदी के पुल को भारी वाहनों के लिए औरसुरक्षित घोषित किया है सभी यातायात को पूर्व दिशा में मोड़ा गया है,अभियांत्रिकी टीम ने नदी के पुल को भारी वाहनों के लिए असुरक्षित घोषित किया है सभी यातायात को पूर्व दिशा में मोड़ा गया है,YES,
1787941585620,Redmi Note 9 Pro,12,hi,vakyansh_hindi_base.int8.onnx,int8,hi_29_long_tactical_9,9.77,CLEAN,3,WARM,2209,0.226,12.50,2.08,723.29,723.29,अभियांत्रि की टीम ने नदी के पुल को भारी वाहनों के लिए औरसुरक्षित घोषित किया है सभी यातायात को पूर्व दिशा में मोड़ा गया है,अभियांत्रिकी टीम ने नदी के पुल को भारी वाहनों के लिए असुरक्षित घोषित किया है सभी यातायात को पूर्व दिशा में मोड़ा गया है,YES,
1787941587976,Redmi Note 9 Pro,12,hi,vakyansh_hindi_base.int8.onnx,int8,hi_30_long_tactical_10,9.57,CLEAN,1,WARM,2238,0.234,20.83,4.85,725.64,725.64,मुख्यालय पुष्टि करता है कि सभी मुख्य चौखियां सुरक्षित है रात्रि गष्ती दल तुरंत अपना स्थान ले और हार आधे घंटे में रिपोर्ट करें,मुख्यालय पुष्टि करता है कि सभी मुख्य चौकियां सुरक्षित हैं रात्रि गश्ती दल तुरंत अपना स्थान लें और हर आधे घंटे में रिपोर्ट करें,YES,
1787941590332,Redmi Note 9 Pro,12,hi,vakyansh_hindi_base.int8.onnx,int8,hi_30_long_tactical_10,9.57,CLEAN,2,WARM,2267,0.237,20.83,4.85,723.83,725.73,मुख्यालय पुष्टि करता है कि सभी मुख्य चौखियां सुरक्षित है रात्रि गष्ती दल तुरंत अपना स्थान ले और हार आधे घंटे में रिपोर्ट करें,मुख्यालय पुष्टि करता है कि सभी मुख्य चौकियां सुरक्षित हैं रात्रि गश्ती दल तुरंत अपना स्थान लें और हर आधे घंटे में रिपोर्ट करें,YES,
1787941592736,Redmi Note 9 Pro,12,hi,vakyansh_hindi_base.int8.onnx,int8,hi_30_long_tactical_10,9.57,CLEAN,3,WARM,2304,0.241,20.83,4.85,721.93,723.93,मुख्यालय पुष्टि करता है कि सभी मुख्य चौखियां सुरक्षित है रात्रि गष्ती दल तुरंत अपना स्थान ले और हार आधे घंटे में रिपोर्ट करें,मुख्यालय पुष्टि करता है कि सभी मुख्य चौकियां सुरक्षित हैं रात्रि गश्ती दल तुरंत अपना स्थान लें और हर आधे घंटे में रिपोर्ट करें,YES,
1787941594446,Redmi Note 9 Pro,12,en,whisper-tiny-en,int8,en_01_normal,3.36,CLEAN,1,COLD,658,0.196,25.00,4.44,378.25,378.25,All patrol checkpoints are reported clear and secure.,all patrol checkpoints are reported clear and secure,YES,
1787941595066,Redmi Note 9 Pro,12,en,whisper-tiny-en,int8,en_01_normal,3.36,CLEAN,2,WARM,539,0.160,25.00,4.44,405.36,405.36,All patrol checkpoints are reported clear and secure.,all patrol checkpoints are reported clear and secure,YES,
1787941595726,Redmi Note 9 Pro,12,en,whisper-tiny-en,int8,en_01_normal,3.36,CLEAN,3,WARM,583,0.174,25.00,4.44,404.96,405.39,All patrol checkpoints are reported clear and secure.,all patrol checkpoints are reported clear and secure,YES,
1787941596114,Redmi Note 9 Pro,12,en,whisper-tiny-en,int8,en_02_short,1.41,CLEAN,1,WARM,306,0.217,66.67,15.38,409.67,409.67,Roger that base.,roger that base,NO,
1787941596489,Redmi Note 9 Pro,12,en,whisper-tiny-en,int8,en_02_short,1.41,CLEAN,2,WARM,306,0.217,66.67,15.38,409.70,409.70,Roger that base.,roger that base,NO,
1787941596865,Redmi Note 9 Pro,12,en,whisper-tiny-en,int8,en_02_short,1.41,CLEAN,3,WARM,306,0.217,66.67,15.38,409.77,409.77,Roger that base.,roger that base,NO,
1787941597776,Redmi Note 9 Pro,12,en,whisper-tiny-en,int8,en_03_long,5.81,CLEAN,1,WARM,828,0.143,28.57,6.02,412.42,412.42,The convoy is proceeding along the Western Highway toward junction seven under standard Protocol.,the convoy is proceeding along the western highway toward junction seven under standard protocol,YES,
1787941598686,Redmi Note 9 Pro,12,en,whisper-tiny-en,int8,en_03_long,5.81,CLEAN,2,WARM,833,0.143,28.57,6.02,447.86,447.86,The convoy is proceeding along the Western Highway toward junction seven under standard Protocol.,the convoy is proceeding along the western highway toward junction seven under standard protocol,YES,
1787941599598,Redmi Note 9 Pro,12,en,whisper-tiny-en,int8,en_03_long,5.81,CLEAN,3,WARM,833,0.143,28.57,6.02,447.84,447.92,The convoy is proceeding along the Western Highway toward junction seven under standard Protocol.,the convoy is proceeding along the western highway toward junction seven under standard protocol,YES,
1787941600276,Redmi Note 9 Pro,12,en,whisper-tiny-en,int8,en_04_numbers,4.45,CLEAN,1,WARM,592,0.133,27.27,30.00,448.43,448.43,twelve personnel are present and battery level is 75%.,twelve personnel are present and battery level is seventy five percent,YES,
1787941600946,Redmi Note 9 Pro,12,en,whisper-tiny-en,int8,en_04_numbers,4.45,CLEAN,2,WARM,587,0.132,27.27,30.00,450.77,450.77,twelve personnel are present and battery level is 75%.,twelve personnel are present and battery level is seventy five percent,YES,
1787941601595,Redmi Note 9 Pro,12,en,whisper-tiny-en,int8,en_04_numbers,4.45,CLEAN,3,WARM,573,0.129,27.27,30.00,450.84,450.84,twelve personnel are present and battery level is 75%.,twelve personnel are present and battery level is seventy five percent,YES,
1787941602266,Redmi Note 9 Pro,12,en,whisper-tiny-en,int8,en_05_location,3.90,CLEAN,1,WARM,584,0.150,30.00,6.25,451.32,451.32,Station Alpha located fifty meters north of the main gate.,station alpha located fifty meters north of the main gate,YES,
1787941602934,Redmi Note 9 Pro,12,en,whisper-tiny-en,int8,en_05_location,3.90,CLEAN,2,WARM,584,0.150,30.00,6.25,451.34,451.35,Station Alpha located fifty meters north of the main gate.,station alpha located fifty meters north of the main gate,YES,
1787941603595,Redmi Note 9 Pro,12,en,whisper-tiny-en,int8,en_05_location,3.90,CLEAN,3,WARM,587,0.150,30.00,6.25,451.68,451.68,Station Alpha located fifty meters north of the main gate.,station alpha located fifty meters north of the main gate,YES,
1787941604256,Redmi Note 9 Pro,12,en,whisper-tiny-en,int8,en_06_emergency,3.84,CLEAN,1,WARM,574,0.149,62.50,16.00,451.88,452.07,Emergency Alert Cracal Assistance needed at sector four.,emergency alert critical assistance needed at sector four,NO,
1787941604916,Redmi Note 9 Pro,12,en,whisper-tiny-en,int8,en_06_emergency,3.84,CLEAN,2,WARM,583,0.152,62.50,16.00,452.19,452.19,Emergency Alert Cracal Assistance needed at sector four.,emergency alert critical assistance needed at sector four,NO,
1787941605566,Redmi Note 9 Pro,12,en,whisper-tiny-en,int8,en_06_emergency,3.84,CLEAN,3,WARM,569,0.148,62.50,16.00,451.98,452.23,Emergency Alert Cracal Assistance needed at sector four.,emergency alert critical assistance needed at sector four,NO,
1787941606145,Redmi Note 9 Pro,12,en,whisper-tiny-en,int8,en_07_radio,3.17,CLEAN,1,WARM,493,0.156,25.00,5.41,452.34,452.34,Radio check do you copy my transmission over?,radio check do you copy my transmission over,YES,
1787941606736,Redmi Note 9 Pro,12,en,whisper-tiny-en,int8,en_07_radio,3.17,CLEAN,2,WARM,512,0.162,25.00,5.41,452.41,452.41,Radio check do you copy my transmission over?,radio check do you copy my transmission over,YES,
1787941607305,Redmi Note 9 Pro,12,en,whisper-tiny-en,int8,en_07_radio,3.17,CLEAN,3,WARM,494,0.156,25.00,5.41,452.46,452.46,Radio check do you copy my transmission over?,radio check do you copy my transmission over,YES,
1787941607875,Redmi Note 9 Pro,12,en,whisper-tiny-en,int8,en_08_punct,3.01,CLEAN,1,WARM,485,0.161,85.71,18.92,452.84,452.84,Hold Position Stand by For Immediate Orders.,hold position stand by for immediate orders,NO,
1787941608434,Redmi Note 9 Pro,12,en,whisper-tiny-en,int8,en_08_punct,3.01,CLEAN,2,WARM,486,0.162,85.71,18.92,453.15,453.15,Hold Position Stand by For Immediate Orders.,hold position stand by for immediate orders,NO,
1787941609005,Redmi Note 9 Pro,12,en,whisper-tiny-en,int8,en_08_punct,3.01,CLEAN,3,WARM,491,0.163,85.71,18.92,453.29,453.29,Hold Position Stand by For Immediate Orders.,hold position stand by for immediate orders,NO,
1787941609666,Redmi Note 9 Pro,12,en,whisper-tiny-en,int8,en_09_proper_nouns,3.70,CLEAN,1,WARM,574,0.155,77.78,15.91,453.80,453.80,Squad Leader Vikram Report to Captain Sharma at base.,squad leader vikram report to captain sharma at base,NO,
1787941610315,Redmi Note 9 Pro,12,en,whisper-tiny-en,int8,en_09_proper_nouns,3.70,CLEAN,2,WARM,573,0.155,77.78,15.91,453.59,453.83,Squad Leader Vikram Report to Captain Sharma at base.,squad leader vikram report to captain sharma at base,NO,
1787941610955,Redmi Note 9 Pro,12,en,whisper-tiny-en,int8,en_09_proper_nouns,3.70,CLEAN,3,WARM,565,0.153,77.78,15.91,453.59,453.63,Squad Leader Vikram Report to Captain Sharma at base.,squad leader vikram report to captain sharma at base,NO,
1787941611525,Redmi Note 9 Pro,12,en,whisper-tiny-en,int8,en_10_fast,2.90,CLEAN,1,WARM,486,0.168,57.14,10.81,451.45,454.02,Quick Update team moving into Perimeter now.,quick update team moving into perimeter now,NO,
1787941612087,Redmi Note 9 Pro,12,en,whisper-tiny-en,int8,en_10_fast,2.90,CLEAN,2,WARM,482,0.166,57.14,10.81,451.44,451.48,Quick Update team moving into Perimeter now.,quick update team moving into perimeter now,NO,
1787941612656,Redmi Note 9 Pro,12,en,whisper-tiny-en,int8,en_10_fast,2.90,CLEAN,3,WARM,485,0.167,57.14,10.81,451.50,451.50,Quick Update team moving into Perimeter now.,quick update team moving into perimeter now,NO,
1787941613264,Redmi Note 9 Pro,12,en,whisper-tiny-en,int8,en_11_tactical_1,3.17,CLEAN,1,WARM,527,0.166,33.33,8.82,451.88,451.88,Red Alert all units fall back to safe zone.,red alert all units fall back to safe zone,YES,
1787941613874,Redmi Note 9 Pro,12,en,whisper-tiny-en,int8,en_11_tactical_1,3.17,CLEAN,2,WARM,535,0.169,33.33,8.82,451.97,451.97,Red Alert all units fall back to safe zone.,red alert all units fall back to safe zone,YES,
1787941614475,Redmi Note 9 Pro,12,en,whisper-tiny-en,int8,en_11_tactical_1,3.17,CLEAN,3,WARM,521,0.164,33.33,8.82,452.02,452.02,Red Alert all units fall back to safe zone.,red alert all units fall back to safe zone,YES,
1787941615056,Redmi Note 9 Pro,12,en,whisper-tiny-en,int8,en_12_tactical_2,2.85,CLEAN,1,WARM,498,0.175,33.33,6.06,452.30,452.31,Medical team dispatched to sector nine.,medical team dispatched to sector nine,YES,
1787941615625,Redmi Note 9 Pro,12,en,whisper-tiny-en,int8,en_12_tactical_2,2.85,CLEAN,2,WARM,487,0.171,33.33,6.06,452.41,452.41,Medical team dispatched to sector nine.,medical team dispatched to sector nine,YES,
1787941616196,Redmi Note 9 Pro,12,en,whisper-tiny-en,int8,en_12_tactical_2,2.85,CLEAN,3,WARM,494,0.173,33.33,6.06,452.47,452.47,Medical team dispatched to sector nine.,medical team dispatched to sector nine,YES,
1787941616776,Redmi Note 9 Pro,12,en,whisper-tiny-en,int8,en_13_tactical_3,3.33,CLEAN,1,WARM,495,0.149,66.67,33.33,452.83,452.83,Oxygen level 40% evacuate immediately.,oxygen level forty percent evacuate immediately,NO,
1787941617325,Redmi Note 9 Pro,12,en,whisper-tiny-en,int8,en_13_tactical_3,3.33,CLEAN,2,WARM,472,0.142,66.67,33.33,452.92,452.92,Oxygen level 40% evacuate immediately.,oxygen level forty percent evacuate immediately,NO,
1787941617874,Redmi Note 9 Pro,12,en,whisper-tiny-en,int8,en_13_tactical_3,3.33,CLEAN,3,WARM,475,0.143,66.67,33.33,453.69,453.69,Oxygen level 40% evacuate immediately.,oxygen level forty percent evacuate immediately,NO,
1787941618365,Redmi Note 9 Pro,12,en,whisper-tiny-en,int8,en_14_tactical_4,2.62,CLEAN,1,WARM,411,0.157,16.67,6.25,453.99,453.99,heavy smoke reported in warehouse too.,heavy smoke reported in warehouse two,YES,
1787941618862,Redmi Note 9 Pro,12,en,whisper-tiny-en,int8,en_14_tactical_4,2.62,CLEAN,2,WARM,409,0.156,16.67,6.25,453.37,454.02,heavy smoke reported in warehouse too.,heavy smoke reported in warehouse two,YES,
1787941619345,Redmi Note 9 Pro,12,en,whisper-tiny-en,int8,en_14_tactical_4,2.62,CLEAN,3,WARM,411,0.157,16.67,6.25,453.43,453.43,heavy smoke reported in warehouse too.,heavy smoke reported in warehouse two,YES,
1787941619926,Redmi Note 9 Pro,12,en,whisper-tiny-en,int8,en_15_tactical_5,2.83,CLEAN,1,WARM,504,0.178,66.67,12.50,453.84,453.84,For aimeter breech detected near boundary fence.,perimeter breach detected near boundary fence,NO,
1787941620527,Redmi Note 9 Pro,12,en,whisper-tiny-en,int8,en_15_tactical_5,2.83,CLEAN,2,WARM,515,0.182,66.67,12.50,453.94,453.94,For aimeter breech detected near boundary fence.,perimeter breach detected near boundary fence,NO,
1787941621141,Redmi Note 9 Pro,12,en,whisper-tiny-en,int8,en_15_tactical_5,2.83,CLEAN,3,WARM,521,0.184,66.67,12.50,453.95,453.97,For aimeter breech detected near boundary fence.,perimeter breach detected near boundary fence,NO,
1787941621836,Redmi Note 9 Pro,12,en,whisper-tiny-en,int8,en_16_coords_1,4.93,CLEAN,1,WARM,610,0.124,70.00,46.03,451.26,454.48,coordinates latitude twelve.5 longitude 77.6,coordinates latitude twelve point five longitude seventy seven point six,YES,
1787941622527,Redmi Note 9 Pro,12,en,whisper-tiny-en,int8,en_16_coords_1,4.93,CLEAN,2,WARM,609,0.124,70.00,46.03,453.06,453.06,coordinates latitude twelve.5 longitude 77.6,coordinates latitude twelve point five longitude seventy seven point six,YES,
1787941623226,Redmi Note 9 Pro,12,en,whisper-tiny-en,int8,en_16_coords_1,4.93,CLEAN,3,WARM,619,0.126,70.00,46.03,453.10,453.10,coordinates latitude twelve.5 longitude 77.6,coordinates latitude twelve point five longitude seventy seven point six,YES,
1787941623776,Redmi Note 9 Pro,12,en,whisper-tiny-en,int8,en_17_coords_2,2.93,CLEAN,1,WARM,465,0.159,66.67,14.63,453.32,453.41,Checkcoin Delta Altitude three hundred meters.,checkpoint delta altitude three hundred meters,NO,
1787941624315,Redmi Note 9 Pro,12,en,whisper-tiny-en,int8,en_17_coords_2,2.93,CLEAN,2,WARM,464,0.158,66.67,14.63,453.36,453.36,Checkcoin Delta Altitude three hundred meters.,checkpoint delta altitude three hundred meters,NO,
1787941624866,Redmi Note 9 Pro,12,en,whisper-tiny-en,int8,en_17_coords_2,2.93,CLEAN,3,WARM,476,0.163,66.67,14.63,453.42,453.42,Checkcoin Delta Altitude three hundred meters.,checkpoint delta altitude three hundred meters,NO,
1787941625324,Redmi Note 9 Pro,12,en,whisper-tiny-en,int8,en_18_coords_3,2.54,CLEAN,1,WARM,374,0.147,66.67,21.88,453.76,453.76,Building 4 Room twenty eight Clear,building four room twenty eight clear,NO,
1787941625785,Redmi Note 9 Pro,12,en,whisper-tiny-en,int8,en_18_coords_3,2.54,CLEAN,2,WARM,381,0.150,66.67,21.88,453.78,453.79,Building 4 Room twenty eight Clear,building four room twenty eight clear,NO,
1787941626227,Redmi Note 9 Pro,12,en,whisper-tiny-en,int8,en_18_coords_3,2.54,CLEAN,3,WARM,362,0.142,66.67,21.88,453.86,453.86,Building 4 Room twenty eight Clear,building four room twenty eight clear,NO,
1787941626764,Redmi Note 9 Pro,12,en,whisper-tiny-en,int8,en_19_coords_4,2.98,CLEAN,1,WARM,456,0.153,28.57,5.00,454.25,454.25,Speed thirty kilometers per hour heading south.,speed thirty kilometers per hour heading south,YES,
1787941627295,Redmi Note 9 Pro,12,en,whisper-tiny-en,int8,en_19_coords_4,2.98,CLEAN,2,WARM,458,0.154,28.57,5.00,454.34,454.34,Speed thirty kilometers per hour heading south.,speed thirty kilometers per hour heading south,YES,
1787941627837,Redmi Note 9 Pro,12,en,whisper-tiny-en,int8,en_19_coords_4,2.98,CLEAN,3,WARM,462,0.155,28.57,5.00,454.36,454.38,Speed thirty kilometers per hour heading south.,speed thirty kilometers per hour heading south,YES,
1787941628384,Redmi Note 9 Pro,12,en,whisper-tiny-en,int8,en_20_coords_5,3.17,CLEAN,1,WARM,468,0.148,71.43,46.34,454.77,454.77,Relay Tower 5 signal strength 80%.,relay tower five signal strength eighty percent,NO,
1787941628947,Redmi Note 9 Pro,12,en,whisper-tiny-en,int8,en_20_coords_5,3.17,CLEAN,2,WARM,480,0.152,71.43,46.34,454.81,454.81,Relay Tower 5 signal strength 80%.,relay tower five signal strength eighty percent,NO,
1787941629495,Redmi Note 9 Pro,12,en,whisper-tiny-en,int8,en_20_coords_5,3.17,CLEAN,3,WARM,469,0.148,71.43,46.34,454.88,454.88,Relay Tower 5 signal strength 80%.,relay tower five signal strength eighty percent,NO,
1787941630978,Redmi Note 9 Pro,12,en,whisper-tiny-en,int8,en_21_long_tactical_1,10.48,CLEAN,1,WARM,1393,0.133,40.00,12.50,456.37,456.37,Conway Alpha One reporting to base Bravo Western perimeter fence breached near grid court in at 42 requesting immediate medical evacuation and secondary support team over.,convoy alpha one reporting to base bravo western perimeter fence breached near grid coordinate forty two requesting immediate medical evacuation and secondary support team over,NO,
1787941632481,Redmi Note 9 Pro,12,en,whisper-tiny-en,int8,en_21_long_tactical_1,10.48,CLEAN,2,WARM,1417,0.135,40.00,12.50,477.25,477.25,Conway Alpha One reporting to base Bravo Western perimeter fence breached near grid court in at 42 requesting immediate medical evacuation and secondary support team over.,convoy alpha one reporting to base bravo western perimeter fence breached near grid coordinate forty two requesting immediate medical evacuation and secondary support team over,NO,
1787941633992,Redmi Note 9 Pro,12,en,whisper-tiny-en,int8,en_21_long_tactical_1,10.48,CLEAN,3,WARM,1420,0.135,40.00,12.50,474.47,477.52,Conway Alpha One reporting to base Bravo Western perimeter fence breached near grid court in at 42 requesting immediate medical evacuation and secondary support team over.,convoy alpha one reporting to base bravo western perimeter fence breached near grid coordinate forty two requesting immediate medical evacuation and secondary support team over,NO,
1787941635469,Redmi Note 9 Pro,12,en,whisper-tiny-en,int8,en_22_long_tactical_2,9.38,CLEAN,1,WARM,1378,0.147,56.52,16.67,475.91,475.91,Station Delta confirms oxygen level dropping to thirty% in Sector 3 All- Personnel Evacuate toward Southern Exit Gate and report headcount immediately.,station delta confirms oxygen level dropping to thirty percent in sector three all personnel evacuate toward southern exit gate and report headcount immediately,NO,
1787941637050,Redmi Note 9 Pro,12,en,whisper-tiny-en,int8,en_22_long_tactical_2,9.38,CLEAN,2,WARM,1492,0.159,56.52,16.67,475.61,476.02,Station Delta confirms oxygen level dropping to thirty% in Sector 3 All- Personnel Evacuate toward Southern Exit Gate and report headcount immediately.,station delta confirms oxygen level dropping to thirty percent in sector three all personnel evacuate toward southern exit gate and report headcount immediately,NO,
1787941638680,Redmi Note 9 Pro,12,en,whisper-tiny-en,int8,en_22_long_tactical_2,9.38,CLEAN,3,WARM,1548,0.165,56.52,16.67,475.88,475.88,Station Delta confirms oxygen level dropping to thirty% in Sector 3 All- Personnel Evacuate toward Southern Exit Gate and report headcount immediately.,station delta confirms oxygen level dropping to thirty percent in sector three all personnel evacuate toward southern exit gate and report headcount immediately,NO,
1787941640020,Redmi Note 9 Pro,12,en,whisper-tiny-en,int8,en_23_long_tactical_3,8.83,CLEAN,1,WARM,1238,0.140,13.64,3.82,474.76,476.87,Search and rescue team twelve moving into flooded district water level rising approximately 2 meters above street grade deploying inflatable boats now.,search and rescue team twelve moving into flooded district water level rising approximately two meters above street grade deploying inflatable boats now,YES,
1787941641342,Redmi Note 9 Pro,12,en,whisper-tiny-en,int8,en_23_long_tactical_3,8.83,CLEAN,2,WARM,1231,0.139,13.64,3.82,475.08,475.08,Search and rescue team twelve moving into flooded district water level rising approximately 2 meters above street grade deploying inflatable boats now.,search and rescue team twelve moving into flooded district water level rising approximately two meters above street grade deploying inflatable boats now,YES,
1787941642638,Redmi Note 9 Pro,12,en,whisper-tiny-en,int8,en_23_long_tactical_3,8.83,CLEAN,3,WARM,1215,0.138,13.64,3.82,475.13,475.19,Search and rescue team twelve moving into flooded district water level rising approximately 2 meters above street grade deploying inflatable boats now.,search and rescue team twelve moving into flooded district water level rising approximately two meters above street grade deploying inflatable boats now,YES,
1787941643949,Redmi Note 9 Pro,12,en,whisper-tiny-en,int8,en_24_long_tactical_4,9.28,CLEAN,1,WARM,1212,0.131,27.27,11.94,476.24,476.24,Emergency Alerts severe weather warning approaching coastal sector 7 wind speeds exceeding 70 kilometers per hour secure all equipment and standby.,emergency alert severe weather warning approaching coastal sector seven wind speeds exceeding seventy kilometers per hour secure all equipment and stand by,YES,
1787941645239,Redmi Note 9 Pro,12,en,whisper-tiny-en,int8,en_24_long_tactical_4,9.28,CLEAN,2,WARM,1206,0.130,27.27,11.94,476.34,476.35,Emergency Alerts severe weather warning approaching coastal sector 7 wind speeds exceeding 70 kilometers per hour secure all equipment and standby.,emergency alert severe weather warning approaching coastal sector seven wind speeds exceeding seventy kilometers per hour secure all equipment and stand by,YES,
1787941646569,Redmi Note 9 Pro,12,en,whisper-tiny-en,int8,en_24_long_tactical_4,9.28,CLEAN,3,WARM,1248,0.134,27.27,11.94,476.56,476.56,Emergency Alerts severe weather warning approaching coastal sector 7 wind speeds exceeding 70 kilometers per hour secure all equipment and standby.,emergency alert severe weather warning approaching coastal sector seven wind speeds exceeding seventy kilometers per hour secure all equipment and stand by,YES,
1787941647869,Redmi Note 9 Pro,12,en,whisper-tiny-en,int8,en_25_long_tactical_5,8.82,CLEAN,1,WARM,1209,0.137,50.00,17.97,477.24,477.47,Command Center to Patrol Units 7 and 8 proceed along Western Highway Junction 4 maintain radio silence until reaching staging post Charlie.,command center to patrol units seven and eight proceed along western highway junction four maintain radio silence until reaching staging post charlie,NO,
1787941649169,Redmi Note 9 Pro,12,en,whisper-tiny-en,int8,en_25_long_tactical_5,8.82,CLEAN,2,WARM,1218,0.138,50.00,17.97,477.61,477.61,Command Center to Patrol Units 7 and 8 proceed along Western Highway Junction 4 maintain radio silence until reaching staging post Charlie.,command center to patrol units seven and eight proceed along western highway junction four maintain radio silence until reaching staging post charlie,NO,
1787941650450,Redmi Note 9 Pro,12,en,whisper-tiny-en,int8,en_25_long_tactical_5,8.82,CLEAN,3,WARM,1198,0.136,50.00,17.97,477.72,477.72,Command Center to Patrol Units 7 and 8 proceed along Western Highway Junction 4 maintain radio silence until reaching staging post Charlie.,command center to patrol units seven and eight proceed along western highway junction four maintain radio silence until reaching staging post charlie,NO,
1787941651751,Redmi Note 9 Pro,12,en,whisper-tiny-en,int8,en_26_long_tactical_6,8.11,CLEAN,1,WARM,1204,0.148,35.00,9.09,476.33,478.70,Medical supply-con by carrying emergency rations and first aid kits has arrived at Relief Camp 9 distribution beginning under supervision.,medical supply convoy carrying emergency rations and first aid kits has arrived at relief camp nine distribution beginning under supervision,YES,
1787941653072,Redmi Note 9 Pro,12,en,whisper-tiny-en,int8,en_26_long_tactical_6,8.11,CLEAN,2,WARM,1235,0.152,35.00,9.09,476.40,476.43,Medical supply-con by carrying emergency rations and first aid kits has arrived at Relief Camp 9 distribution beginning under supervision.,medical supply convoy carrying emergency rations and first aid kits has arrived at relief camp nine distribution beginning under supervision,YES,
1787941654380,Redmi Note 9 Pro,12,en,whisper-tiny-en,int8,en_26_long_tactical_6,8.11,CLEAN,3,WARM,1223,0.151,35.00,9.09,476.54,476.54,Medical supply-con by carrying emergency rations and first aid kits has arrived at Relief Camp 9 distribution beginning under supervision.,medical supply convoy carrying emergency rations and first aid kits has arrived at relief camp nine distribution beginning under supervision,YES,
1787941655680,Redmi Note 9 Pro,12,en,whisper-tiny-en,int8,en_27_long_tactical_7,8.46,CLEAN,1,WARM,1199,0.142,52.94,10.32,477.50,477.50,"Perimeter Reconnaissance Reports Power Failure at Relay Tower 3, backup generators operational communication restored at standard frequency.",perimeter reconnaissance reports power failure at relay tower three backup generators operational communication restored at standard frequency,NO,
1787941656929,Redmi Note 9 Pro,12,en,whisper-tiny-en,int8,en_27_long_tactical_7,8.46,CLEAN,2,WARM,1164,0.138,52.94,10.32,477.65,477.65,"Perimeter Reconnaissance Reports Power Failure at Relay Tower 3, backup generators operational communication restored at standard frequency.",perimeter reconnaissance reports power failure at relay tower three backup generators operational communication restored at standard frequency,NO,
1787941658169,Redmi Note 9 Pro,12,en,whisper-tiny-en,int8,en_27_long_tactical_7,8.46,CLEAN,3,WARM,1159,0.137,52.94,10.32,477.76,477.76,"Perimeter Reconnaissance Reports Power Failure at Relay Tower 3, backup generators operational communication restored at standard frequency.",perimeter reconnaissance reports power failure at relay tower three backup generators operational communication restored at standard frequency,NO,
1787941659509,Redmi Note 9 Pro,12,en,whisper-tiny-en,int8,en_28_long_tactical_8,8.88,CLEAN,1,WARM,1246,0.140,73.68,25.19,474.94,478.72,Tactical Squad Bravo moving through Forest Corridor toward Wapewint 5 and 0 Hostel Activity preceding Under normal operational protocol.,tactical squad bravo moving through forest corridor toward waypoint five encounter zero hostile activity proceeding under normal operational protocol,NO,
1787941660807,Redmi Note 9 Pro,12,en,whisper-tiny-en,int8,en_28_long_tactical_8,8.88,CLEAN,2,WARM,1216,0.137,73.68,25.19,475.03,475.04,Tactical Squad Bravo moving through Forest Corridor toward Wapewint 5 and 0 Hostel Activity preceding Under normal operational protocol.,tactical squad bravo moving through forest corridor toward waypoint five encounter zero hostile activity proceeding under normal operational protocol,NO,
1787941662097,Redmi Note 9 Pro,12,en,whisper-tiny-en,int8,en_28_long_tactical_8,8.88,CLEAN,3,WARM,1209,0.136,73.68,25.19,475.36,475.36,Tactical Squad Bravo moving through Forest Corridor toward Wapewint 5 and 0 Hostel Activity preceding Under normal operational protocol.,tactical squad bravo moving through forest corridor toward waypoint five encounter zero hostile activity proceeding under normal operational protocol,NO,
1787941663289,Redmi Note 9 Pro,12,en,whisper-tiny-en,int8,en_29_long_tactical_9,8.00,CLEAN,1,WARM,1097,0.137,42.11,6.90,475.95,476.21,Engineering Team reports structural damage to bridge across River Northern Span and safe for heavy vehicles redirecting all traffic east.,engineering team reports structural damage to bridge across river northern span unsafe for heavy vehicles redirecting all traffic east,NO,
1787941664478,Redmi Note 9 Pro,12,en,whisper-tiny-en,int8,en_29_long_tactical_9,8.00,CLEAN,2,WARM,1106,0.138,42.11,6.90,476.09,476.09,Engineering Team reports structural damage to bridge across River Northern Span and safe for heavy vehicles redirecting all traffic east.,engineering team reports structural damage to bridge across river northern span unsafe for heavy vehicles redirecting all traffic east,NO,
1787941665659,Redmi Note 9 Pro,12,en,whisper-tiny-en,int8,en_29_long_tactical_9,8.00,CLEAN,3,WARM,1098,0.137,42.11,6.90,476.18,476.19,Engineering Team reports structural damage to bridge across River Northern Span and safe for heavy vehicles redirecting all traffic east.,engineering team reports structural damage to bridge across river northern span unsafe for heavy vehicles redirecting all traffic east,NO,
1787941667009,Redmi Note 9 Pro,12,en,whisper-tiny-en,int8,en_30_long_tactical_10,9.22,CLEAN,1,WARM,1257,0.136,14.29,5.07,477.32,477.32,Headquarters confirms all primary check-ways clear and operational night patrol shifts take positions immediately and report status every thirty minutes over.,headquarters confirms all primary checkpoints clear and operational night patrol shifts take positions immediately and report status every thirty minutes over,YES,
1787941668361,Redmi Note 9 Pro,12,en,whisper-tiny-en,int8,en_30_long_tactical_10,9.22,CLEAN,2,WARM,1261,0.137,14.29,5.07,477.42,477.43,Headquarters confirms all primary check-ways clear and operational night patrol shifts take positions immediately and report status every thirty minutes over.,headquarters confirms all primary checkpoints clear and operational night patrol shifts take positions immediately and report status every thirty minutes over,YES,
1787941669690,Redmi Note 9 Pro,12,en,whisper-tiny-en,int8,en_30_long_tactical_10,9.22,CLEAN,3,WARM,1246,0.135,14.29,5.07,477.67,477.67,Headquarters confirms all primary check-ways clear and operational night patrol shifts take positions immediately and report status every thirty minutes over.,headquarters confirms all primary checkpoints clear and operational night patrol shifts take positions immediately and report status every thirty minutes over,YES,
1787941671596,Redmi Note 9 Pro,12,mr,vakyansh_marathi_base.int8.onnx,int8,mr_01_normal,3.74,CLEAN,1,COLD,885,0.237,11.11,2.17,486.28,486.28,सर्व गस्त चौक्या सुरक्षित आणि स्पष्ट असल्याची नंद आहे,सर्व गस्त चौक्या सुरक्षित आणि स्पष्ट असल्याची नोंद आहे,YES,
1787941672496,Redmi Note 9 Pro,12,mr,vakyansh_marathi_base.int8.onnx,int8,mr_01_normal,3.74,CLEAN,2,WARM,823,0.220,11.11,2.17,484.89,486.35,सर्व गस्त चौक्या सुरक्षित आणि स्पष्ट असल्याची नंद आहे,सर्व गस्त चौक्या सुरक्षित आणि स्पष्ट असल्याची नोंद आहे,YES,
1787941673405,Redmi Note 9 Pro,12,mr,vakyansh_marathi_base.int8.onnx,int8,mr_01_normal,3.74,CLEAN,3,WARM,830,0.222,11.11,2.17,485.33,485.33,सर्व गस्त चौक्या सुरक्षित आणि स्पष्ट असल्याची नंद आहे,सर्व गस्त चौक्या सुरक्षित आणि स्पष्ट असल्याची नोंद आहे,YES,
1787941673754,Redmi Note 9 Pro,12,mr,vakyansh_marathi_base.int8.onnx,int8,mr_02_short,1.21,CLEAN,1,WARM,264,0.218,0.00,0.00,485.63,485.63,समजले बेस,समजले बेस,YES,
1787941674101,Redmi Note 9 Pro,12,mr,vakyansh_marathi_base.int8.onnx,int8,mr_02_short,1.21,CLEAN,2,WARM,269,0.222,0.00,0.00,485.75,485.75,समजले बेस,समजले बेस,YES,
1787941674445,Redmi Note 9 Pro,12,mr,vakyansh_marathi_base.int8.onnx,int8,mr_02_short,1.21,CLEAN,3,WARM,265,0.219,0.00,0.00,485.91,485.91,समजले बेस,समजले बेस,YES,
1787941676326,Redmi Note 9 Pro,12,mr,vakyansh_marathi_base.int8.onnx,int8,mr_03_long,6.23,CLEAN,1,WARM,1792,0.288,25.00,6.76,534.99,534.99,आपली तुकडी पश्चिम महामार्गाने जंक्शन सातच्या दीशेने प्रमानि निमानुसार पुढे जात आहे,आपली तुकडी पश्चिम महामार्गाने जंक्शन सातच्या दिशेने प्रमाणित नियमांनुसार पुढे जात आहे,YES,
1787941677763,Redmi Note 9 Pro,12,mr,vakyansh_marathi_base.int8.onnx,int8,mr_03_long,6.23,CLEAN,2,WARM,1357,0.218,25.00,6.76,533.03,533.03,आपली तुकडी पश्चिम महामार्गाने जंक्शन सातच्या दीशेने प्रमानि निमानुसार पुढे जात आहे,आपली तुकडी पश्चिम महामार्गाने जंक्शन सातच्या दिशेने प्रमाणित नियमांनुसार पुढे जात आहे,YES,
1787941679186,Redmi Note 9 Pro,12,mr,vakyansh_marathi_base.int8.onnx,int8,mr_03_long,6.23,CLEAN,3,WARM,1346,0.216,25.00,6.76,533.99,533.99,आपली तुकडी पश्चिम महामार्गाने जंक्शन सातच्या दीशेने प्रमानि निमानुसार पुढे जात आहे,आपली तुकडी पश्चिम महामार्गाने जंक्शन सातच्या दिशेने प्रमाणित नियमांनुसार पुढे जात आहे,YES,
1787941680049,Redmi Note 9 Pro,12,mr,vakyansh_marathi_base.int8.onnx,int8,mr_04_numbers,3.60,CLEAN,1,WARM,768,0.213,33.33,15.22,534.87,534.87,तुकडीत बारा सदसे आहेत आणि बॅठली पंच्याहत्तर टखे आहे,तुकडीत बारा सदस्य आहेत आणि बॅटरी पंच्याहत्तर टक्के आहे,YES,
1787941680901,Redmi Note 9 Pro,12,mr,vakyansh_marathi_base.int8.onnx,int8,mr_04_numbers,3.60,CLEAN,2,WARM,766,0.213,33.33,15.22,532.08,534.92,तुकडीत बारा सदसे आहेत आणि बॅठली पंच्याहत्तर टखे आहे,तुकडीत बारा सदस्य आहेत आणि बॅटरी पंच्याहत्तर टक्के आहे,YES,
1787941681792,Redmi Note 9 Pro,12,mr,vakyansh_marathi_base.int8.onnx,int8,mr_04_numbers,3.60,CLEAN,3,WARM,799,0.222,33.33,15.22,532.58,532.58,तुकडीत बारा सदसे आहेत आणि बॅठली पंच्याहत्तर टखे आहे,तुकडीत बारा सदस्य आहेत आणि बॅटरी पंच्याहत्तर टक्के आहे,YES,
1787941682815,Redmi Note 9 Pro,12,mr,vakyansh_marathi_base.int8.onnx,int8,mr_05_location,4.20,CLEAN,1,WARM,930,0.221,50.00,22.64,533.59,533.59,श्री शकलफा मुख्य प्रवेष्टवरापासून पन्नास मीटर उतरेस आहे,स्टेशन अल्फा मुख्य प्रवेशद्वारापासून पन्नास मीटर उत्तरेस आहे,NO,
1787941683828,Redmi Note 9 Pro,12,mr,vakyansh_marathi_base.int8.onnx,int8,mr_05_location,4.20,CLEAN,2,WARM,933,0.222,50.00,22.64,534.24,534.24,श्री शकलफा मुख्य प्रवेष्टवरापासून पन्नास मीटर उतरेस आहे,स्टेशन अल्फा मुख्य प्रवेशद्वारापासून पन्नास मीटर उत्तरेस आहे,NO,
1787941684870,Redmi Note 9 Pro,12,mr,vakyansh_marathi_base.int8.onnx,int8,mr_05_location,4.20,CLEAN,3,WARM,935,0.222,50.00,22.64,534.84,534.84,श्री शकलफा मुख्य प्रवेष्टवरापासून पन्नास मीटर उतरेस आहे,स्टेशन अल्फा मुख्य प्रवेशद्वारापासून पन्नास मीटर उत्तरेस आहे,NO,
1787941685900,Redmi Note 9 Pro,12,mr,vakyansh_marathi_base.int8.onnx,int8,mr_06_emergency,4.16,CLEAN,1,WARM,926,0.223,125.00,26.53,533.36,535.41,तातरी ची सुजना चेएतर चार मध्ये वरीत मरती ची आवशकता आहे,तातडीची सूचना सेक्टर चारमध्ये त्वरित मदतीची आवश्यकता आहे,NO,
1787941686942,Redmi Note 9 Pro,12,mr,vakyansh_marathi_base.int8.onnx,int8,mr_06_emergency,4.16,CLEAN,2,WARM,948,0.228,125.00,26.53,534.00,534.00,तातरी ची सुजना चेएतर चार मध्ये वरीत मरती ची आवशकता आहे,तातडीची सूचना सेक्टर चारमध्ये त्वरित मदतीची आवश्यकता आहे,NO,
1787941687968,Redmi Note 9 Pro,12,mr,vakyansh_marathi_base.int8.onnx,int8,mr_06_emergency,4.16,CLEAN,3,WARM,945,0.227,125.00,26.53,534.61,534.61,तातरी ची सुजना चेएतर चार मध्ये वरीत मरती ची आवशकता आहे,तातडीची सूचना सेक्टर चारमध्ये त्वरित मदतीची आवश्यकता आहे,NO,
1787941688803,Redmi Note 9 Pro,12,mr,vakyansh_marathi_base.int8.onnx,int8,mr_07_radio,3.18,CLEAN,1,WARM,735,0.231,66.67,25.71,532.24,535.00,रेडिओ तपास णहि माझ्या आवाजऐकुयेता आहे का ओहा,रेडिओ तपासणी माझा आवाज ऐकू येत आहे का ओव्हर,YES,
1787941689628,Redmi Note 9 Pro,12,mr,vakyansh_marathi_base.int8.onnx,int8,mr_07_radio,3.18,CLEAN,2,WARM,727,0.229,66.67,25.71,532.70,532.70,रेडिओ तपास णहि माझ्या आवाजऐकुयेता आहे का ओहा,रेडिओ तपासणी माझा आवाज ऐकू येत आहे का ओव्हर,YES,
1787941690446,Redmi Note 9 Pro,12,mr,vakyansh_marathi_base.int8.onnx,int8,mr_07_radio,3.18,CLEAN,3,WARM,722,0.227,66.67,25.71,533.19,533.19,रेडिओ तपास णहि माझ्या आवाजऐकुयेता आहे का ओहा,रेडिओ तपासणी माझा आवाज ऐकू येत आहे का ओव्हर,YES,
1787941691160,Redmi Note 9 Pro,12,mr,vakyansh_marathi_base.int8.onnx,int8,mr_08_punct,2.67,CLEAN,1,WARM,621,0.232,66.67,3.45,533.84,533.84,जागे वर थांबापुढील आदेशाची वाढ पहा,जागेवर थांबा पुढील आदेशाची वाट पहा,NO,
1787941691890,Redmi Note 9 Pro,12,mr,vakyansh_marathi_base.int8.onnx,int8,mr_08_punct,2.67,CLEAN,2,WARM,626,0.234,66.67,3.45,534.26,534.26,जागे वर थांबापुढील आदेशाची वाढ पहा,जागेवर थांबा पुढील आदेशाची वाट पहा,NO,
1787941692599,Redmi Note 9 Pro,12,mr,vakyansh_marathi_base.int8.onnx,int8,mr_08_punct,2.67,CLEAN,3,WARM,624,0.234,66.67,3.45,534.67,534.67,जागे वर थांबापुढील आदेशाची वाढ पहा,जागेवर थांबा पुढील आदेशाची वाट पहा,NO,
1787941693530,Redmi Note 9 Pro,12,mr,vakyansh_marathi_base.int8.onnx,int8,mr_09_proper_nouns,3.53,CLEAN,1,WARM,838,0.238,37.50,9.52,532.86,535.16,तुकडी प्रमुख विक्रम बेश्वर कॅप्टन शर्मा याना भेचा,तुकडी प्रमुख विक्रम बेसवर कॅप्टन शर्मा यांना भेटा,YES,
1787941694460,Redmi Note 9 Pro,12,mr,vakyansh_marathi_base.int8.onnx,int8,mr_09_proper_nouns,3.53,CLEAN,2,WARM,837,0.237,37.50,9.52,533.35,533.35,तुकडी प्रमुख विक्रम बेश्वर कॅप्टन शर्मा याना भेचा,तुकडी प्रमुख विक्रम बेसवर कॅप्टन शर्मा यांना भेटा,YES,
1787941695385,Redmi Note 9 Pro,12,mr,vakyansh_marathi_base.int8.onnx,int8,mr_09_proper_nouns,3.53,CLEAN,3,WARM,834,0.236,37.50,9.52,533.88,533.88,तुकडी प्रमुख विक्रम बेश्वर कॅप्टन शर्मा याना भेचा,तुकडी प्रमुख विक्रम बेसवर कॅप्टन शर्मा यांना भेटा,YES,
1787941696165,Redmi Note 9 Pro,12,mr,vakyansh_marathi_base.int8.onnx,int8,mr_10_fast,2.87,CLEAN,1,WARM,681,0.237,25.00,6.06,534.61,534.61,जलद महिती टीम आता आवाराज प्रवेश करत आहे,जलद माहिती टीम आता आवारात प्रवेश करत आहे,YES,
1787941696969,Redmi Note 9 Pro,12,mr,vakyansh_marathi_base.int8.onnx,int8,mr_10_fast,2.87,CLEAN,2,WARM,702,0.244,25.00,6.06,535.02,535.02,जलद महिती टीम आता आवाराज प्रवेश करत आहे,जलद माहिती टीम आता आवारात प्रवेश करत आहे,YES,
1787941697762,Redmi Note 9 Pro,12,mr,vakyansh_marathi_base.int8.onnx,int8,mr_10_fast,2.87,CLEAN,3,WARM,704,0.245,25.00,6.06,535.45,535.45,जलद महिती टीम आता आवाराज प्रवेश करत आहे,जलद माहिती टीम आता आवारात प्रवेश करत आहे,YES,
1787941698714,Redmi Note 9 Pro,12,mr,vakyansh_marathi_base.int8.onnx,int8,mr_11_tactical_1,3.44,CLEAN,1,WARM,851,0.247,100.00,39.53,532.20,535.83,हेर आलट सर्वपतकानी सुरक्षी टिकानी माध्ये भावय,रेड अलर्ट सर्व पथकांनी सुरक्षित ठिकाणी मागे व्हावे,NO,
1787941699664,Redmi Note 9 Pro,12,mr,vakyansh_marathi_base.int8.onnx,int8,mr_11_tactical_1,3.44,CLEAN,2,WARM,851,0.247,100.00,39.53,532.71,532.71,हेर आलट सर्वपतकानी सुरक्षी टिकानी माध्ये भावय,रेड अलर्ट सर्व पथकांनी सुरक्षित ठिकाणी मागे व्हावे,NO,
1787941700609,Redmi Note 9 Pro,12,mr,vakyansh_marathi_base.int8.onnx,int8,mr_11_tactical_1,3.44,CLEAN,3,WARM,842,0.245,100.00,39.53,533.22,533.22,हेर आलट सर्वपतकानी सुरक्षी टिकानी माध्ये भावय,रेड अलर्ट सर्व पथकांनी सुरक्षित ठिकाणी मागे व्हावे,NO,
1787941701462,Redmi Note 9 Pro,12,mr,vakyansh_marathi_base.int8.onnx,int8,mr_12_tactical_2,3.01,CLEAN,1,WARM,756,0.251,57.14,29.41,533.99,533.99,वाैदिकीय पतक सटर नवकरी रवाना झाले आहे,वैद्यकीय पथक सेक्टर नऊकडे रवाना झाले आहे,NO,
1787941702314,Redmi Note 9 Pro,12,mr,vakyansh_marathi_base.int8.onnx,int8,mr_12_tactical_2,3.01,CLEAN,2,WARM,760,0.253,57.14,29.41,534.41,534.41,वाैदिकीय पतक सटर नवकरी रवाना झाले आहे,वैद्यकीय पथक सेक्टर नऊकडे रवाना झाले आहे,NO,
1787941703177,Redmi Note 9 Pro,12,mr,vakyansh_marathi_base.int8.onnx,int8,mr_12_tactical_2,3.01,CLEAN,3,WARM,759,0.252,57.14,29.41,535.02,535.02,वाैदिकीय पतक सटर नवकरी रवाना झाले आहे,वैद्यकीय पथक सेक्टर नऊकडे रवाना झाले आहे,NO,
1787941703993,Redmi Note 9 Pro,12,mr,vakyansh_marathi_base.int8.onnx,int8,mr_13_tactical_3,2.80,CLEAN,1,WARM,705,0.252,71.43,25.00,532.72,532.72,अक्सिझन पाते चाळीस टकेत वरीत बाहे पडा,ऑक्सिजन पातळी चाळीस टक्के त्वरित बाहेर पडा,NO,
1787941704795,Redmi Note 9 Pro,12,mr,vakyansh_marathi_base.int8.onnx,int8,mr_13_tactical_3,2.80,CLEAN,2,WARM,704,0.252,71.43,25.00,533.17,533.17,अक्सिझन पाते चाळीस टकेत वरीत बाहे पडा,ऑक्सिजन पातळी चाळीस टक्के त्वरित बाहेर पडा,NO,
1787941705608,Redmi Note 9 Pro,12,mr,vakyansh_marathi_base.int8.onnx,int8,mr_13_tactical_3,2.80,CLEAN,3,WARM,711,0.254,71.43,25.00,533.59,533.59,अक्सिझन पाते चाळीस टकेत वरीत बाहे पडा,ऑक्सिजन पातळी चाळीस टक्के त्वरित बाहेर पडा,NO,
1787941706306,Redmi Note 9 Pro,12,mr,vakyansh_marathi_base.int8.onnx,int8,mr_14_tactical_4,2.36,CLEAN,1,WARM,589,0.250,66.67,11.54,534.18,534.18,बदाम दोन मध्ये दाडधूर दिसत आहे,गोदाम दोनमध्ये दाट धूर दिसत आहे,NO,
1787941706988,Redmi Note 9 Pro,12,mr,vakyansh_marathi_base.int8.onnx,int8,mr_14_tactical_4,2.36,CLEAN,2,WARM,578,0.245,66.67,11.54,534.55,534.55,बदाम दोन मध्ये दाडधूर दिसत आहे,गोदाम दोनमध्ये दाट धूर दिसत आहे,NO,
1787941707664,Redmi Note 9 Pro,12,mr,vakyansh_marathi_base.int8.onnx,int8,mr_14_tactical_4,2.36,CLEAN,3,WARM,580,0.246,66.67,11.54,534.91,534.91,बदाम दोन मध्ये दाडधूर दिसत आहे,गोदाम दोनमध्ये दाट धूर दिसत आहे,NO,
1787941708465,Redmi Note 9 Pro,12,mr,vakyansh_marathi_base.int8.onnx,int8,mr_15_tactical_5,2.86,CLEAN,1,WARM,699,0.244,100.00,39.39,531.97,535.22,शिमा कुपनाज वर संकस्यासपरधालचा दिसी,सीमा कुंपणाजवळ संशयास्पद हालचाल दिसली,NO,
1787941709264,Redmi Note 9 Pro,12,mr,vakyansh_marathi_base.int8.onnx,int8,mr_15_tactical_5,2.86,CLEAN,2,WARM,703,0.246,100.00,39.39,532.38,532.38,शिमा कुपनाज वर संकस्यासपरधालचा दिसी,सीमा कुंपणाजवळ संशयास्पद हालचाल दिसली,NO,
1787941710067,Redmi Note 9 Pro,12,mr,vakyansh_marathi_base.int8.onnx,int8,mr_15_tactical_5,2.86,CLEAN,3,WARM,701,0.245,100.00,39.39,532.81,532.81,शिमा कुपनाज वर संकस्यासपरधालचा दिसी,सीमा कुंपणाजवळ संशयास्पद हालचाल दिसली,NO,
1787941711158,Redmi Note 9 Pro,12,mr,vakyansh_marathi_base.int8.onnx,int8,mr_16_coords_1,4.07,CLEAN,1,WARM,996,0.244,87.50,25.58,533.78,533.78,अक्षाशे बारा दशाश पाचरीखसत्याहतर दशांष साहा,अक्षांश बारा दशांश पाच रेखांश सत्याहत्तर दशांश सहा,NO,
1787941712224,Redmi Note 9 Pro,12,mr,vakyansh_marathi_base.int8.onnx,int8,mr_16_coords_1,4.07,CLEAN,2,WARM,971,0.238,87.50,25.58,534.38,534.38,अक्षाशे बारा दशाश पाचरीखसत्याहतर दशांष साहा,अक्षांश बारा दशांश पाच रेखांश सत्याहत्तर दशांश सहा,NO,
1787941713309,Redmi Note 9 Pro,12,mr,vakyansh_marathi_base.int8.onnx,int8,mr_16_coords_1,4.07,CLEAN,3,WARM,995,0.244,87.50,25.58,532.85,534.42,अक्षाशे बारा दशाश पाचरीखसत्याहतर दशांष साहा,अक्षांश बारा दशांश पाच रेखांश सत्याहत्तर दशांश सहा,NO,
1787941713919,Redmi Note 9 Pro,12,mr,vakyansh_marathi_base.int8.onnx,int8,mr_17_coords_2,2.05,CLEAN,1,WARM,491,0.240,60.00,29.63,533.38,533.38,चएककॉंट ब्याटा उंजी तीनशे मीटर,चेकपॉईंट डेल्टा उंची तीनशे मीटर,NO,
1787941714489,Redmi Note 9 Pro,12,mr,vakyansh_marathi_base.int8.onnx,int8,mr_17_coords_2,2.05,CLEAN,2,WARM,485,0.237,60.00,29.63,533.70,533.70,चएककॉंट ब्याटा उंजी तीनशे मीटर,चेकपॉईंट डेल्टा उंची तीनशे मीटर,NO,
1787941715062,Redmi Note 9 Pro,12,mr,vakyansh_marathi_base.int8.onnx,int8,mr_17_coords_2,2.05,CLEAN,3,WARM,484,0.236,60.00,29.63,534.02,534.02,चएककॉंट ब्याटा उंजी तीनशे मीटर,चेकपॉईंट डेल्टा उंची तीनशे मीटर,NO,
1787941715811,Redmi Note 9 Pro,12,mr,vakyansh_marathi_base.int8.onnx,int8,mr_18_coords_3,2.73,CLEAN,1,WARM,657,0.241,83.33,17.14,534.69,534.69,हिमारत चारकोली क्रमांक अठावीस सुरक्षीत,इमारत चार खोली क्रमांक अठ्ठावीस सुरक्षित,NO,
1787941716529,Redmi Note 9 Pro,12,mr,vakyansh_marathi_base.int8.onnx,int8,mr_18_coords_3,2.73,CLEAN,2,WARM,630,0.231,83.33,17.14,531.94,534.73,हिमारत चारकोली क्रमांक अठावीस सुरक्षीत,इमारत चार खोली क्रमांक अठ्ठावीस सुरक्षित,NO,
1787941717249,Redmi Note 9 Pro,12,mr,vakyansh_marathi_base.int8.onnx,int8,mr_18_coords_3,2.73,CLEAN,3,WARM,634,0.232,83.33,17.14,532.34,532.34,हिमारत चारकोली क्रमांक अठावीस सुरक्षीत,इमारत चार खोली क्रमांक अठ्ठावीस सुरक्षित,NO,
1787941718021,Redmi Note 9 Pro,12,mr,vakyansh_marathi_base.int8.onnx,int8,mr_19_coords_4,2.90,CLEAN,1,WARM,677,0.233,83.33,25.00,533.06,533.06,वेतिस किलोमीटर पती तास दक्षन इकडे,वेग तीस किलोमीटर प्रति तास दक्षिणेकडे,NO,
1787941718778,Redmi Note 9 Pro,12,mr,vakyansh_marathi_base.int8.onnx,int8,mr_19_coords_4,2.90,CLEAN,2,WARM,679,0.234,83.33,25.00,533.49,533.49,वेतिस किलोमीटर पती तास दक्षन इकडे,वेग तीस किलोमीटर प्रति तास दक्षिणेकडे,NO,
1787941719527,Redmi Note 9 Pro,12,mr,vakyansh_marathi_base.int8.onnx,int8,mr_19_coords_4,2.90,CLEAN,3,WARM,668,0.230,83.33,25.00,533.93,533.93,वेतिस किलोमीटर पती तास दक्षन इकडे,वेग तीस किलोमीटर प्रति तास दक्षिणेकडे,NO,
1787941720181,Redmi Note 9 Pro,12,mr,vakyansh_marathi_base.int8.onnx,int8,mr_20_coords_5,2.41,CLEAN,1,WARM,556,0.231,66.67,26.92,534.51,534.51,रिले चावर पाच सि्नल ऐकशी ठके,रिले टॉवर पाच सिग्नल ऐंशी टक्के,NO,
1787941720818,Redmi Note 9 Pro,12,mr,vakyansh_marathi_base.int8.onnx,int8,mr_20_coords_5,2.41,CLEAN,2,WARM,551,0.229,66.67,26.92,532.50,534.54,रिले चावर पाच सि्नल ऐकशी ठके,रिले टॉवर पाच सिग्नल ऐंशी टक्के,NO,
1787941721482,Redmi Note 9 Pro,12,mr,vakyansh_marathi_base.int8.onnx,int8,mr_20_coords_5,2.41,CLEAN,3,WARM,573,0.238,66.67,26.92,532.87,532.87,रिले चावर पाच सि्नल ऐकशी ठके,रिले टॉवर पाच सिग्नल ऐंशी टक्के,NO,
1787941723633,Redmi Note 9 Pro,12,mr,vakyansh_marathi_base.int8.onnx,int8,mr_21_long_tactical_1,8.23,CLEAN,1,WARM,2039,0.248,71.43,20.59,594.25,594.25,तुकडी अलफा एकबेब्रावू ला कळवंते कि ग्रीज समनवय बेचाळीस जवळ पश्चिम कुपण कुठले आहे आणि तातलीने वैदेकी मरत किची वरज आहे,तुकडी अल्फा एक बेस ब्राव्होला कळवते की ग्रिड समन्वय बेचाळीस जवळ पश्चिम कुंपण तुटले आहे आणि तातडीने वैद्यकीय मदतीची गरज आहे,YES,
1787941725805,Redmi Note 9 Pro,12,mr,vakyansh_marathi_base.int8.onnx,int8,mr_21_long_tactical_1,8.23,CLEAN,2,WARM,2083,0.253,71.43,20.59,695.40,695.40,तुकडी अलफा एकबेब्रावू ला कळवंते कि ग्रीज समनवय बेचाळीस जवळ पश्चिम कुपण कुठले आहे आणि तातलीने वैदेकी मरत किची वरज आहे,तुकडी अल्फा एक बेस ब्राव्होला कळवते की ग्रिड समन्वय बेचाळीस जवळ पश्चिम कुंपण तुटले आहे आणि तातडीने वैद्यकीय मदतीची गरज आहे,YES,
1787941727998,Redmi Note 9 Pro,12,mr,vakyansh_marathi_base.int8.onnx,int8,mr_21_long_tactical_1,8.23,CLEAN,3,WARM,2096,0.255,71.43,20.59,696.61,696.61,तुकडी अलफा एकबेब्रावू ला कळवंते कि ग्रीज समनवय बेचाळीस जवळ पश्चिम कुपण कुठले आहे आणि तातलीने वैदेकी मरत किची वरज आहे,तुकडी अल्फा एक बेस ब्राव्होला कळवते की ग्रिड समन्वय बेचाळीस जवळ पश्चिम कुंपण तुटले आहे आणि तातडीने वैद्यकीय मदतीची गरज आहे,YES,
1787941730208,Redmi Note 9 Pro,12,mr,vakyansh_marathi_base.int8.onnx,int8,mr_22_long_tactical_2,8.16,CLEAN,1,WARM,2094,0.257,50.00,16.19,695.98,697.43,स्टेशन नेलटा कयत्री करतो की सएटर तीन मध्ये ऑक्सिजन तीस टक्याण पर्यात कमी झाला आहे सर्व क्मचार्याणि दक्षण गेटकडे जावे,स्टेशन डेल्टा खात्री करतो की सेक्टर तीनमध्ये ऑक्सिजन तीस टक्क्यांपर्यंत कमी झाला आहे सर्व कर्मचाऱ्यांनी दक्षिण गेटकडे जावे,YES,
1787941732489,Redmi Note 9 Pro,12,mr,vakyansh_marathi_base.int8.onnx,int8,mr_22_long_tactical_2,8.16,CLEAN,2,WARM,2178,0.267,50.00,16.19,697.19,697.19,स्टेशन नेलटा कयत्री करतो की सएटर तीन मध्ये ऑक्सिजन तीस टक्याण पर्यात कमी झाला आहे सर्व क्मचार्याणि दक्षण गेटकडे जावे,स्टेशन डेल्टा खात्री करतो की सेक्टर तीनमध्ये ऑक्सिजन तीस टक्क्यांपर्यंत कमी झाला आहे सर्व कर्मचाऱ्यांनी दक्षिण गेटकडे जावे,YES,
1787941735705,Redmi Note 9 Pro,12,mr,vakyansh_marathi_base.int8.onnx,int8,mr_22_long_tactical_2,8.16,CLEAN,3,WARM,3116,0.382,50.00,16.19,698.19,698.19,स्टेशन नेलटा कयत्री करतो की सएटर तीन मध्ये ऑक्सिजन तीस टक्याण पर्यात कमी झाला आहे सर्व क्मचार्याणि दक्षण गेटकडे जावे,स्टेशन डेल्टा खात्री करतो की सेक्टर तीनमध्ये ऑक्सिजन तीस टक्क्यांपर्यंत कमी झाला आहे सर्व कर्मचाऱ्यांनी दक्षिण गेटकडे जावे,YES,
1787941738179,Redmi Note 9 Pro,12,mr,vakyansh_marathi_base.int8.onnx,int8,mr_23_long_tactical_3,7.61,CLEAN,1,WARM,2331,0.306,50.00,12.36,695.03,698.97,शोध आणि बचापथक बारापुरग्रस्त भागात पुढे सरकत आहे पाण्याचा ्तर दोन मीटर वाड ला असून बोटी पैन्यात केले आहे,शोध आणि बचाव पथक बारा पूरग्रस्त भागात पुढे सरकत आहे पाण्याचा स्तर दोन मीटर वाढला असून बोटी तैनात केल्या आहेत,YES,
1787941740668,Redmi Note 9 Pro,12,mr,vakyansh_marathi_base.int8.onnx,int8,mr_23_long_tactical_3,7.61,CLEAN,2,WARM,2355,0.310,50.00,12.36,696.13,696.13,शोध आणि बचापथक बारापुरग्रस्त भागात पुढे सरकत आहे पाण्याचा ्तर दोन मीटर वाड ला असून बोटी पैन्यात केले आहे,शोध आणि बचाव पथक बारा पूरग्रस्त भागात पुढे सरकत आहे पाण्याचा स्तर दोन मीटर वाढला असून बोटी तैनात केल्या आहेत,YES,
1787941743492,Redmi Note 9 Pro,12,mr,vakyansh_marathi_base.int8.onnx,int8,mr_23_long_tactical_3,7.61,CLEAN,3,WARM,2682,0.353,50.00,12.36,696.74,696.74,शोध आणि बचापथक बारापुरग्रस्त भागात पुढे सरकत आहे पाण्याचा ्तर दोन मीटर वाड ला असून बोटी पैन्यात केले आहे,शोध आणि बचाव पथक बारा पूरग्रस्त भागात पुढे सरकत आहे पाण्याचा स्तर दोन मीटर वाढला असून बोटी तैनात केल्या आहेत,YES,
1787941746608,Redmi Note 9 Pro,12,mr,vakyansh_marathi_base.int8.onnx,int8,mr_24_long_tactical_4,9.05,CLEAN,1,WARM,2978,0.329,78.95,20.37,696.30,697.65,आातनी साती शाहा क नारपाटी चा सेटर सातवर वाद धडकणार आहे बार्याचा वेसतर किलोमीटर प्रतीतास पसून सर्व उपकरने सुरक्षित ठेवा,तातडीचा इशारा किनारपट्टीच्या सेक्टर सातवर वादळ धडकणार आहे वाऱ्याचा वेग सत्तर किलोमीटर प्रति तास असून सर्व उपकरणे सुरक्षित ठेवा,NO,
1787941749907,Redmi Note 9 Pro,12,mr,vakyansh_marathi_base.int8.onnx,int8,mr_24_long_tactical_4,9.05,CLEAN,2,WARM,3169,0.350,78.95,20.37,709.93,709.93,आातनी साती शाहा क नारपाटी चा सेटर सातवर वाद धडकणार आहे बार्याचा वेसतर किलोमीटर प्रतीतास पसून सर्व उपकरने सुरक्षित ठेवा,तातडीचा इशारा किनारपट्टीच्या सेक्टर सातवर वादळ धडकणार आहे वाऱ्याचा वेग सत्तर किलोमीटर प्रति तास असून सर्व उपकरणे सुरक्षित ठेवा,NO,
1787941753833,Redmi Note 9 Pro,12,mr,vakyansh_marathi_base.int8.onnx,int8,mr_24_long_tactical_4,9.05,CLEAN,3,WARM,3763,0.416,78.95,20.37,711.09,711.09,आातनी साती शाहा क नारपाटी चा सेटर सातवर वाद धडकणार आहे बार्याचा वेसतर किलोमीटर प्रतीतास पसून सर्व उपकरने सुरक्षित ठेवा,तातडीचा इशारा किनारपट्टीच्या सेक्टर सातवर वादळ धडकणार आहे वाऱ्याचा वेग सत्तर किलोमीटर प्रति तास असून सर्व उपकरणे सुरक्षित ठेवा,NO,
1787941757008,Redmi Note 9 Pro,12,mr,vakyansh_marathi_base.int8.onnx,int8,mr_25_long_tactical_5,7.72,CLEAN,1,WARM,3006,0.389,58.82,18.09,712.92,712.92,कमान सेंटर सर्वगसता पतकाना पश्चिम महामारजंक्शन चारकडे जाण्याचं आणि रेल्वे संपर्क चालुठेयाचे आदेश देते,कमांड सेंटर सर्व गस्त पथकांना पश्चिम महामार्ग जंक्शन चारकडे जाण्याचे आणि रेडिओ संपर्क चालू ठेवण्याचे आदेश देते,NO,
1787941760193,Redmi Note 9 Pro,12,mr,vakyansh_marathi_base.int8.onnx,int8,mr_25_long_tactical_5,7.72,CLEAN,2,WARM,3067,0.397,58.82,18.09,711.26,712.99,कमान सेंटर सर्वगसता पतकाना पश्चिम महामारजंक्शन चारकडे जाण्याचं आणि रेल्वे संपर्क चालुठेयाचे आदेश देते,कमांड सेंटर सर्व गस्त पथकांना पश्चिम महामार्ग जंक्शन चारकडे जाण्याचे आणि रेडिओ संपर्क चालू ठेवण्याचे आदेश देते,NO,
1787941764501,Redmi Note 9 Pro,12,mr,vakyansh_marathi_base.int8.onnx,int8,mr_25_long_tactical_5,7.72,CLEAN,3,WARM,4182,0.542,58.82,18.09,712.40,712.40,कमान सेंटर सर्वगसता पतकाना पश्चिम महामारजंक्शन चारकडे जाण्याचं आणि रेल्वे संपर्क चालुठेयाचे आदेश देते,कमांड सेंटर सर्व गस्त पथकांना पश्चिम महामार्ग जंक्शन चारकडे जाण्याचे आणि रेडिओ संपर्क चालू ठेवण्याचे आदेश देते,NO,
1787941768553,Redmi Note 9 Pro,12,mr,vakyansh_marathi_base.int8.onnx,int8,mr_26_long_tactical_6,8.00,CLEAN,1,WARM,3834,0.480,55.56,21.95,709.24,713.21,बाैरथीय मधत पुरवठा करण्यारी वाहमे मदत छांगणी नव येथे पोहचली असून अन्नं आणि औशधाचे वाटक सुरू झाले आहे,वैद्यकीय मदत पुरवठा करणारी वाहने मदत छावणी नऊ येथे पोहोचली असून अन्न आणि औषधांचे वाटप सुरू झाले आहे,NO,
1787941773840,Redmi Note 9 Pro,12,mr,vakyansh_marathi_base.int8.onnx,int8,mr_26_long_tactical_6,8.00,CLEAN,2,WARM,5127,0.641,55.56,21.95,710.30,710.30,बाैरथीय मधत पुरवठा करण्यारी वाहमे मदत छांगणी नव येथे पोहचली असून अन्नं आणि औशधाचे वाटक सुरू झाले आहे,वैद्यकीय मदत पुरवठा करणारी वाहने मदत छावणी नऊ येथे पोहोचली असून अन्न आणि औषधांचे वाटप सुरू झाले आहे,NO,
1787941777901,Redmi Note 9 Pro,12,mr,vakyansh_marathi_base.int8.onnx,int8,mr_26_long_tactical_6,8.00,CLEAN,3,WARM,3905,0.488,55.56,21.95,711.38,711.38,बाैरथीय मधत पुरवठा करण्यारी वाहमे मदत छांगणी नव येथे पोहचली असून अन्नं आणि औशधाचे वाटक सुरू झाले आहे,वैद्यकीय मदत पुरवठा करणारी वाहने मदत छावणी नऊ येथे पोहोचली असून अन्न आणि औषधांचे वाटप सुरू झाले आहे,NO,
1787941781028,Redmi Note 9 Pro,12,mr,vakyansh_marathi_base.int8.onnx,int8,mr_27_long_tactical_7,7.49,CLEAN,1,WARM,2914,0.389,52.94,15.05,710.52,712.14,सुरक्षा पत्कान रिल पॉवर तीन चा बिजपुरठा खंडी झाल्याचे सांगितला आहे जनरेटर सुरू करून संपर्क पुर्व केला आहे,सुरक्षा पथकाने रिले टॉवर तीनचा वीजपुरवठा खंडित झाल्याचे सांगितले आहे जनरेटर सुरू करून संपर्क पूर्ववत केला आहे,YES,
1787941785594,Redmi Note 9 Pro,12,mr,vakyansh_marathi_base.int8.onnx,int8,mr_27_long_tactical_7,7.49,CLEAN,2,WARM,4340,0.579,52.94,15.05,711.50,711.50,सुरक्षा पत्कान रिल पॉवर तीन चा बिजपुरठा खंडी झाल्याचे सांगितला आहे जनरेटर सुरू करून संपर्क पुर्व केला आहे,सुरक्षा पथकाने रिले टॉवर तीनचा वीजपुरवठा खंडित झाल्याचे सांगितले आहे जनरेटर सुरू करून संपर्क पूर्ववत केला आहे,YES,
1787941789931,Redmi Note 9 Pro,12,mr,vakyansh_marathi_base.int8.onnx,int8,mr_27_long_tactical_7,7.49,CLEAN,3,WARM,4148,0.554,52.94,15.05,708.77,711.57,सुरक्षा पत्कान रिल पॉवर तीन चा बिजपुरठा खंडी झाल्याचे सांगितला आहे जनरेटर सुरू करून संपर्क पुर्व केला आहे,सुरक्षा पथकाने रिले टॉवर तीनचा वीजपुरवठा खंडित झाल्याचे सांगितले आहे जनरेटर सुरू करून संपर्क पूर्ववत केला आहे,YES,
1787941794031,Redmi Note 9 Pro,12,mr,vakyansh_marathi_base.int8.onnx,int8,mr_28_long_tactical_8,6.53,CLEAN,1,WARM,3888,0.595,68.75,15.19,713.79,713.79,तुकडी ब्राह जमलातून मार्गकाडत पॉइंट पाच कडेजात असून कोणती ही आढचयानाही सुरीत काम चालू आहे,तुकडी ब्राव्हो जंगलातून मार्ग काढत पॉईंट पाचकडे जात असून कोणतीही अडचण नाही सुरळीत काम चालू आहे,YES,
1787941797063,Redmi Note 9 Pro,12,mr,vakyansh_marathi_base.int8.onnx,int8,mr_28_long_tactical_8,6.53,CLEAN,2,WARM,2897,0.444,68.75,15.19,713.91,713.91,तुकडी ब्राह जमलातून मार्गकाडत पॉइंट पाच कडेजात असून कोणती ही आढचयानाही सुरीत काम चालू आहे,तुकडी ब्राव्हो जंगलातून मार्ग काढत पॉईंट पाचकडे जात असून कोणतीही अडचण नाही सुरळीत काम चालू आहे,YES,
1787941799418,Redmi Note 9 Pro,12,mr,vakyansh_marathi_base.int8.onnx,int8,mr_28_long_tactical_8,6.53,CLEAN,3,WARM,2227,0.341,68.75,15.19,712.54,713.97,तुकडी ब्राह जमलातून मार्गकाडत पॉइंट पाच कडेजात असून कोणती ही आढचयानाही सुरीत काम चालू आहे,तुकडी ब्राव्हो जंगलातून मार्ग काढत पॉईंट पाचकडे जात असून कोणतीही अडचण नाही सुरळीत काम चालू आहे,YES,
1787941803127,Redmi Note 9 Pro,12,mr,vakyansh_marathi_base.int8.onnx,int8,mr_29_long_tactical_9,7.31,CLEAN,1,WARM,3574,0.489,107.14,23.26,713.71,713.71,अभियांत्रकी पतकाने मरी वरील पुल वजड वाहण्यासाठी भोकादा थरवला पसून सर वाहतुक पुर्वे कडे वळुली आहे,अभियांत्रिकी पथकाने नदीवरील पूल अवजड वाहनांसाठी धोकादायक ठरवला असून सर्व वाहतूक पूर्वेकडे वळवली आहे,YES,
1787941805552,Redmi Note 9 Pro,12,mr,vakyansh_marathi_base.int8.onnx,int8,mr_29_long_tactical_9,7.31,CLEAN,2,WARM,2299,0.315,107.14,23.26,710.55,713.77,अभियांत्रकी पतकाने मरी वरील पुल वजड वाहण्यासाठी भोकादा थरवला पसून सर वाहतुक पुर्वे कडे वळुली आहे,अभियांत्रिकी पथकाने नदीवरील पूल अवजड वाहनांसाठी धोकादायक ठरवला असून सर्व वाहतूक पूर्वेकडे वळवली आहे,YES,
1787941808737,Redmi Note 9 Pro,12,mr,vakyansh_marathi_base.int8.onnx,int8,mr_29_long_tactical_9,7.31,CLEAN,3,WARM,3055,0.418,107.14,23.26,711.61,711.61,अभियांत्रकी पतकाने मरी वरील पुल वजड वाहण्यासाठी भोकादा थरवला पसून सर वाहतुक पुर्वे कडे वळुली आहे,अभियांत्रिकी पथकाने नदीवरील पूल अवजड वाहनांसाठी धोकादायक ठरवला असून सर्व वाहतूक पूर्वेकडे वळवली आहे,YES,
1787941812665,Redmi Note 9 Pro,12,mr,vakyansh_marathi_base.int8.onnx,int8,mr_30_long_tactical_10,8.55,CLEAN,1,WARM,3741,0.437,47.62,11.11,713.58,713.58,उख्यालय खात्रीकरते की सर्व मुख चौख्या सुरक्षित आहेत रात्र गस्त पत्कानी त्वरीत जाजा द्यावी आणि दर अर्ध्या तासाने अहवाज द्यावा,मुख्यालय खात्री करते की सर्व मुख्य चौक्या सुरक्षित आहेत रात्र गस्त पथकांनी त्वरित जागा घ्यावी आणि दर अर्ध्या तासाने अहवाल द्यावा,NO,
1787941815630,Redmi Note 9 Pro,12,mr,vakyansh_marathi_base.int8.onnx,int8,mr_30_long_tactical_10,8.55,CLEAN,2,WARM,2831,0.331,47.62,11.11,711.11,713.66,उख्यालय खात्रीकरते की सर्व मुख चौख्या सुरक्षित आहेत रात्र गस्त पत्कानी त्वरीत जाजा द्यावी आणि दर अर्ध्या तासाने अहवाज द्यावा,मुख्यालय खात्री करते की सर्व मुख्य चौक्या सुरक्षित आहेत रात्र गस्त पथकांनी त्वरित जागा घ्यावी आणि दर अर्ध्या तासाने अहवाल द्यावा,NO,
1787941819000,Redmi Note 9 Pro,12,mr,vakyansh_marathi_base.int8.onnx,int8,mr_30_long_tactical_10,8.55,CLEAN,3,WARM,3233,0.378,47.62,11.11,712.22,712.22,उख्यालय खात्रीकरते की सर्व मुख चौख्या सुरक्षित आहेत रात्र गस्त पत्कानी त्वरीत जाजा द्यावी आणि दर अर्ध्या तासाने अहवाज द्यावा,मुख्यालय खात्री करते की सर्व मुख्य चौक्या सुरक्षित आहेत रात्र गस्त पथकांनी त्वरित जागा घ्यावी आणि दर अर्ध्या तासाने अहवाल द्यावा,NO,
1787941822009,Redmi Note 9 Pro,12,gu,vakyansh_gujarati_base.int8.onnx,int8,gu_01_normal,3.11,CLEAN,1,COLD,1400,0.450,42.86,15.79,457.45,457.45,તમામ પેટ્રોલીની ચોક્કીઓ સુરક્ષિ અને સ્પષ્ટ છે,તમામ પેટ્રોલિંગ ચોકીઓ સુરક્ષિત અને સ્પષ્ટ છે,YES,
1787941824169,Redmi Note 9 Pro,12,gu,vakyansh_gujarati_base.int8.onnx,int8,gu_01_normal,3.11,CLEAN,2,WARM,1959,0.630,42.86,15.79,455.12,457.52,તમામ પેટ્રોલીની ચોક્કીઓ સુરક્ષિ અને સ્પષ્ટ છે,તમામ પેટ્રોલિંગ ચોકીઓ સુરક્ષિત અને સ્પષ્ટ છે,YES,
1787941827717,Redmi Note 9 Pro,12,gu,vakyansh_gujarati_base.int8.onnx,int8,gu_01_normal,3.11,CLEAN,3,WARM,3392,1.091,42.86,15.79,443.08,445.68,તમામ પેટ્રોલીની ચોક્કીઓ સુરક્ષિ અને સ્પષ્ટ છે,તમામ પેટ્રોલિંગ ચોકીઓ સુરક્ષિત અને સ્પષ્ટ છે,YES,
1787941828466,Redmi Note 9 Pro,12,gu,vakyansh_gujarati_base.int8.onnx,int8,gu_02_short,0.78,CLEAN,1,WARM,646,0.824,100.00,71.43,443.40,443.40,જરદસ,રોજર બેઝ,NO,
1787941829162,Redmi Note 9 Pro,12,gu,vakyansh_gujarati_base.int8.onnx,int8,gu_02_short,0.78,CLEAN,2,WARM,593,0.756,100.00,71.43,443.50,443.50,જરદસ,રોજર બેઝ,NO,
1787941829644,Redmi Note 9 Pro,12,gu,vakyansh_gujarati_base.int8.onnx,int8,gu_02_short,0.78,CLEAN,3,WARM,364,0.464,100.00,71.43,443.61,443.61,જરદસ,રોજર બેઝ,NO,
1787942332964,Redmi Note 9 Pro,12,mr,vakyansh_marathi_base.int8.onnx,int8,mr_01_normal,3.74,CLEAN,1,COLD,874,0.234,11.11,2.17,470.04,470.04,सर्व गस्त चौक्या सुरक्षित आणि स्पष्ट असल्याची नंद आहे,सर्व गस्त चौक्या सुरक्षित आणि स्पष्ट असल्याची नोंद आहे,YES,
1787942333866,Redmi Note 9 Pro,12,mr,vakyansh_marathi_base.int8.onnx,int8,mr_01_normal,3.74,CLEAN,2,WARM,805,0.216,11.11,2.17,469.06,470.42,सर्व गस्त चौक्या सुरक्षित आणि स्पष्ट असल्याची नंद आहे,सर्व गस्त चौक्या सुरक्षित आणि स्पष्ट असल्याची नोंद आहे,YES,
1787942334750,Redmi Note 9 Pro,12,mr,vakyansh_marathi_base.int8.onnx,int8,mr_01_normal,3.74,CLEAN,3,WARM,805,0.216,11.11,2.17,469.72,469.72,सर्व गस्त चौक्या सुरक्षित आणि स्पष्ट असल्याची नंद आहे,सर्व गस्त चौक्या सुरक्षित आणि स्पष्ट असल्याची नोंद आहे,YES,
1787942335088,Redmi Note 9 Pro,12,mr,vakyansh_marathi_base.int8.onnx,int8,mr_02_short,1.21,CLEAN,1,WARM,254,0.210,0.00,0.00,469.72,469.72,समजले बेस,समजले बेस,YES,
1787942335424,Redmi Note 9 Pro,12,mr,vakyansh_marathi_base.int8.onnx,int8,mr_02_short,1.21,CLEAN,2,WARM,258,0.213,0.00,0.00,469.91,469.91,समजले बेस,समजले बेस,YES,
1787942335761,Redmi Note 9 Pro,12,mr,vakyansh_marathi_base.int8.onnx,int8,mr_02_short,1.21,CLEAN,3,WARM,260,0.215,0.00,0.00,469.93,469.93,समजले बेस,समजले बेस,YES,
1787942337295,Redmi Note 9 Pro,12,mr,vakyansh_marathi_base.int8.onnx,int8,mr_03_long,6.23,CLEAN,1,WARM,1433,0.230,25.00,6.76,516.42,516.42,आपली तुकडी पश्चिम महामार्गाने जंक्शन सातच्या दीशेने प्रमानि निमानुसार पुढे जात आहे,आपली तुकडी पश्चिम महामार्गाने जंक्शन सातच्या दिशेने प्रमाणित नियमांनुसार पुढे जात आहे,YES,
1787942338751,Redmi Note 9 Pro,12,mr,vakyansh_marathi_base.int8.onnx,int8,mr_03_long,6.23,CLEAN,2,WARM,1371,0.220,25.00,6.76,515.97,516.48,आपली तुकडी पश्चिम महामार्गाने जंक्शन सातच्या दीशेने प्रमानि निमानुसार पुढे जात आहे,आपली तुकडी पश्चिम महामार्गाने जंक्शन सातच्या दिशेने प्रमाणित नियमांनुसार पुढे जात आहे,YES,
1787942340201,Redmi Note 9 Pro,12,mr,vakyansh_marathi_base.int8.onnx,int8,mr_03_long,6.23,CLEAN,3,WARM,1370,0.220,25.00,6.76,516.90,516.90,आपली तुकडी पश्चिम महामार्गाने जंक्शन सातच्या दीशेने प्रमानि निमानुसार पुढे जात आहे,आपली तुकडी पश्चिम महामार्गाने जंक्शन सातच्या दिशेने प्रमाणित नियमांनुसार पुढे जात आहे,YES,
1787942341067,Redmi Note 9 Pro,12,mr,vakyansh_marathi_base.int8.onnx,int8,mr_04_numbers,3.60,CLEAN,1,WARM,779,0.216,33.33,15.22,517.78,517.78,तुकडीत बारा सदसे आहेत आणि बॅठली पंच्याहत्तर टखे आहे,तुकडीत बारा सदस्य आहेत आणि बॅटरी पंच्याहत्तर टक्के आहे,YES,
1787942341930,Redmi Note 9 Pro,12,mr,vakyansh_marathi_base.int8.onnx,int8,mr_04_numbers,3.60,CLEAN,2,WARM,782,0.217,33.33,15.22,518.33,518.33,तुकडीत बारा सदसे आहेत आणि बॅठली पंच्याहत्तर टखे आहे,तुकडीत बारा सदस्य आहेत आणि बॅटरी पंच्याहत्तर टक्के आहे,YES,
1787942342808,Redmi Note 9 Pro,12,mr,vakyansh_marathi_base.int8.onnx,int8,mr_04_numbers,3.60,CLEAN,3,WARM,794,0.220,33.33,15.22,518.87,518.87,तुकडीत बारा सदसे आहेत आणि बॅठली पंच्याहत्तर टखे आहे,तुकडीत बारा सदस्य आहेत आणि बॅटरी पंच्याहत्तर टक्के आहे,YES,
1787942343859,Redmi Note 9 Pro,12,mr,vakyansh_marathi_base.int8.onnx,int8,mr_05_location,4.20,CLEAN,1,WARM,961,0.229,50.00,22.64,517.09,519.43,श्री शकलफा मुख्य प्रवेष्टवरापासून पन्नास मीटर उतरेस आहे,स्टेशन अल्फा मुख्य प्रवेशद्वारापासून पन्नास मीटर उत्तरेस आहे,NO,
1787942344889,Redmi Note 9 Pro,12,mr,vakyansh_marathi_base.int8.onnx,int8,mr_05_location,4.20,CLEAN,2,WARM,946,0.225,50.00,22.64,517.72,517.72,श्री शकलफा मुख्य प्रवेष्टवरापासून पन्नास मीटर उतरेस आहे,स्टेशन अल्फा मुख्य प्रवेशद्वारापासून पन्नास मीटर उत्तरेस आहे,NO,
1787942345932,Redmi Note 9 Pro,12,mr,vakyansh_marathi_base.int8.onnx,int8,mr_05_location,4.20,CLEAN,3,WARM,957,0.228,50.00,22.64,518.36,518.36,श्री शकलफा मुख्य प्रवेष्टवरापासून पन्नास मीटर उतरेस आहे,स्टेशन अल्फा मुख्य प्रवेशद्वारापासून पन्नास मीटर उत्तरेस आहे,NO,
1787942346959,Redmi Note 9 Pro,12,mr,vakyansh_marathi_base.int8.onnx,int8,mr_06_emergency,4.16,CLEAN,1,WARM,938,0.225,125.00,26.53,519.36,519.36,तातरी ची सुजना चेएतर चार मध्ये वरीत मरती ची आवशकता आहे,तातडीची सूचना सेक्टर चारमध्ये त्वरित मदतीची आवश्यकता आहे,NO,
1787942347973,Redmi Note 9 Pro,12,mr,vakyansh_marathi_base.int8.onnx,int8,mr_06_emergency,4.16,CLEAN,2,WARM,921,0.221,125.00,26.53,515.62,519.40,तातरी ची सुजना चेएतर चार मध्ये वरीत मरती ची आवशकता आहे,तातडीची सूचना सेक्टर चारमध्ये त्वरित मदतीची आवश्यकता आहे,NO,
1787942349009,Redmi Note 9 Pro,12,mr,vakyansh_marathi_base.int8.onnx,int8,mr_06_emergency,4.16,CLEAN,3,WARM,949,0.228,125.00,26.53,516.24,516.24,तातरी ची सुजना चेएतर चार मध्ये वरीत मरती ची आवशकता आहे,तातडीची सूचना सेक्टर चारमध्ये त्वरित मदतीची आवश्यकता आहे,NO,
1787942349840,Redmi Note 9 Pro,12,mr,vakyansh_marathi_base.int8.onnx,int8,mr_07_radio,3.18,CLEAN,1,WARM,745,0.234,66.67,25.71,517.03,517.03,रेडिओ तपास णहि माझ्या आवाजऐकुयेता आहे का ओहा,रेडिओ तपासणी माझा आवाज ऐकू येत आहे का ओव्हर,YES,
1787942350659,Redmi Note 9 Pro,12,mr,vakyansh_marathi_base.int8.onnx,int8,mr_07_radio,3.18,CLEAN,2,WARM,730,0.230,66.67,25.71,517.48,517.48,रेडिओ तपास णहि माझ्या आवाजऐकुयेता आहे का ओहा,रेडिओ तपासणी माझा आवाज ऐकू येत आहे का ओव्हर,YES,
1787942351479,Redmi Note 9 Pro,12,mr,vakyansh_marathi_base.int8.onnx,int8,mr_07_radio,3.18,CLEAN,3,WARM,729,0.229,66.67,25.71,517.97,517.97,रेडिओ तपास णहि माझ्या आवाजऐकुयेता आहे का ओहा,रेडिओ तपासणी माझा आवाज ऐकू येत आहे का ओव्हर,YES,
1787942352259,Redmi Note 9 Pro,12,mr,vakyansh_marathi_base.int8.onnx,int8,mr_08_punct,2.67,CLEAN,1,WARM,650,0.243,66.67,3.45,518.73,518.73,जागे वर थांबापुढील आदेशाची वाढ पहा,जागेवर थांबा पुढील आदेशाची वाट पहा,NO,
1787942352979,Redmi Note 9 Pro,12,mr,vakyansh_marathi_base.int8.onnx,int8,mr_08_punct,2.67,CLEAN,2,WARM,637,0.238,66.67,3.45,516.21,516.21,जागे वर थांबापुढील आदेशाची वाढ पहा,जागेवर थांबा पुढील आदेशाची वाट पहा,NO,
1787942353889,Redmi Note 9 Pro,12,mr,vakyansh_marathi_base.int8.onnx,int8,mr_08_punct,2.67,CLEAN,3,WARM,820,0.307,66.67,3.45,516.58,516.58,जागे वर थांबापुढील आदेशाची वाढ पहा,जागेवर थांबा पुढील आदेशाची वाट पहा,NO,
1787942354834,Redmi Note 9 Pro,12,mr,vakyansh_marathi_base.int8.onnx,int8,mr_09_proper_nouns,3.53,CLEAN,1,WARM,855,0.242,37.50,9.52,517.38,517.38,तुकडी प्रमुख विक्रम बेश्वर कॅप्टन शर्मा याना भेचा,तुकडी प्रमुख विक्रम बेसवर कॅप्टन शर्मा यांना भेटा,YES,
1787942355939,Redmi Note 9 Pro,12,mr,vakyansh_marathi_base.int8.onnx,int8,mr_09_proper_nouns,3.53,CLEAN,2,WARM,1015,0.288,37.50,9.52,517.63,517.63,तुकडी प्रमुख विक्रम बेश्वर कॅप्टन शर्मा याना भेचा,तुकडी प्रमुख विक्रम बेसवर कॅप्टन शर्मा यांना भेटा,YES,
1787942356889,Redmi Note 9 Pro,12,mr,vakyansh_marathi_base.int8.onnx,int8,mr_09_proper_nouns,3.53,CLEAN,3,WARM,862,0.244,37.50,9.52,518.17,518.17,तुकडी प्रमुख विक्रम बेश्वर कॅप्टन शर्मा याना भेचा,तुकडी प्रमुख विक्रम बेसवर कॅप्टन शर्मा यांना भेटा,YES,
1787942357946,Redmi Note 9 Pro,12,mr,vakyansh_marathi_base.int8.onnx,int8,mr_10_fast,2.87,CLEAN,1,WARM,963,0.335,25.00,6.06,515.18,518.52,जलद महिती टीम आता आवाराज प्रवेश करत आहे,जलद माहिती टीम आता आवारात प्रवेश करत आहे,YES,
1787942358756,Redmi Note 9 Pro,12,mr,vakyansh_marathi_base.int8.onnx,int8,mr_10_fast,2.87,CLEAN,2,WARM,720,0.251,25.00,6.06,515.48,515.48,जलद महिती टीम आता आवाराज प्रवेश करत आहे,जलद माहिती टीम आता आवारात प्रवेश करत आहे,YES,
1787942359908,Redmi Note 9 Pro,12,mr,vakyansh_marathi_base.int8.onnx,int8,mr_10_fast,2.87,CLEAN,3,WARM,1059,0.369,25.00,6.06,515.89,515.89,जलद महिती टीम आता आवाराज प्रवेश करत आहे,जलद माहिती टीम आता आवारात प्रवेश करत आहे,YES,
1787942360940,Redmi Note 9 Pro,12,mr,vakyansh_marathi_base.int8.onnx,int8,mr_11_tactical_1,3.44,CLEAN,1,WARM,927,0.269,100.00,39.53,516.58,516.58,हेर आलट सर्वपतकानी सुरक्षी टिकानी माध्ये भावय,रेड अलर्ट सर्व पथकांनी सुरक्षित ठिकाणी मागे व्हावे,NO,
1787942361993,Redmi Note 9 Pro,12,mr,vakyansh_marathi_base.int8.onnx,int8,mr_11_tactical_1,3.44,CLEAN,2,WARM,956,0.278,100.00,39.53,517.07,517.07,हेर आलट सर्वपतकानी सुरक्षी टिकानी माध्ये भावय,रेड अलर्ट सर्व पथकांनी सुरक्षित ठिकाणी मागे व्हावे,NO,
1787942363067,Redmi Note 9 Pro,12,mr,vakyansh_marathi_base.int8.onnx,int8,mr_11_tactical_1,3.44,CLEAN,3,WARM,974,0.283,100.00,39.53,517.59,517.59,हेर आलट सर्वपतकानी सुरक्षी टिकानी माध्ये भावय,रेड अलर्ट सर्व पथकांनी सुरक्षित ठिकाणी मागे व्हावे,NO,
1787942363954,Redmi Note 9 Pro,12,mr,vakyansh_marathi_base.int8.onnx,int8,mr_12_tactical_2,3.01,CLEAN,1,WARM,780,0.259,57.14,29.41,515.08,518.05,वाैदिकीय पतक सटर नवकरी रवाना झाले आहे,वैद्यकीय पथक सेक्टर नऊकडे रवाना झाले आहे,NO,
1787942364846,Redmi Note 9 Pro,12,mr,vakyansh_marathi_base.int8.onnx,int8,mr_12_tactical_2,3.01,CLEAN,2,WARM,796,0.264,57.14,29.41,515.53,515.53,वाैदिकीय पतक सटर नवकरी रवाना झाले आहे,वैद्यकीय पथक सेक्टर नऊकडे रवाना झाले आहे,NO,
1787942365745,Redmi Note 9 Pro,12,mr,vakyansh_marathi_base.int8.onnx,int8,mr_12_tactical_2,3.01,CLEAN,3,WARM,804,0.267,57.14,29.41,515.98,515.98,वाैदिकीय पतक सटर नवकरी रवाना झाले आहे,वैद्यकीय पथक सेक्टर नऊकडे रवाना झाले आहे,NO,
1787942366574,Redmi Note 9 Pro,12,mr,vakyansh_marathi_base.int8.onnx,int8,mr_13_tactical_3,2.80,CLEAN,1,WARM,726,0.260,71.43,25.00,516.67,516.67,अक्सिझन पाते चाळीस टकेत वरीत बाहे पडा,ऑक्सिजन पातळी चाळीस टक्के त्वरित बाहेर पडा,NO,
1787942367392,Redmi Note 9 Pro,12,mr,vakyansh_marathi_base.int8.onnx,int8,mr_13_tactical_3,2.80,CLEAN,2,WARM,730,0.261,71.43,25.00,517.08,517.08,अक्सिझन पाते चाळीस टकेत वरीत बाहे पडा,ऑक्सिजन पातळी चाळीस टक्के त्वरित बाहेर पडा,NO,
1787942368329,Redmi Note 9 Pro,12,mr,vakyansh_marathi_base.int8.onnx,int8,mr_13_tactical_3,2.80,CLEAN,3,WARM,828,0.296,71.43,25.00,514.22,517.12,अक्सिझन पाते चाळीस टकेत वरीत बाहे पडा,ऑक्सिजन पातळी चाळीस टक्के त्वरित बाहेर पडा,NO,
1787942369230,Redmi Note 9 Pro,12,mr,vakyansh_marathi_base.int8.onnx,int8,mr_14_tactical_4,2.36,CLEAN,1,WARM,773,0.328,66.67,11.54,514.78,514.78,बदाम दोन मध्ये दाडधूर दिसत आहे,गोदाम दोनमध्ये दाट धूर दिसत आहे,NO,
1787942370057,Redmi Note 9 Pro,12,mr,vakyansh_marathi_base.int8.onnx,int8,mr_14_tactical_4,2.36,CLEAN,2,WARM,717,0.304,66.67,11.54,515.14,515.14,बदाम दोन मध्ये दाडधूर दिसत आहे,गोदाम दोनमध्ये दाट धूर दिसत आहे,NO,
1787942370867,Redmi Note 9 Pro,12,mr,vakyansh_marathi_base.int8.onnx,int8,mr_14_tactical_4,2.36,CLEAN,3,WARM,708,0.300,66.67,11.54,515.50,515.50,बदाम दोन मध्ये दाडधूर दिसत आहे,गोदाम दोनमध्ये दाट धूर दिसत आहे,NO,
1787942371887,Redmi Note 9 Pro,12,mr,vakyansh_marathi_base.int8.onnx,int8,mr_15_tactical_5,2.86,CLEAN,1,WARM,913,0.319,100.00,39.39,515.98,515.98,शिमा कुपनाज वर संकस्यासपरधालचा दिसी,सीमा कुंपणाजवळ संशयास्पद हालचाल दिसली,NO,
1787942372798,Redmi Note 9 Pro,12,mr,vakyansh_marathi_base.int8.onnx,int8,mr_15_tactical_5,2.86,CLEAN,2,WARM,798,0.279,100.00,39.39,515.79,515.98,शिमा कुपनाज वर संकस्यासपरधालचा दिसी,सीमा कुंपणाजवळ संशयास्पद हालचाल दिसली,NO,
1787942373811,Redmi Note 9 Pro,12,mr,vakyansh_marathi_base.int8.onnx,int8,mr_15_tactical_5,2.86,CLEAN,3,WARM,905,0.316,100.00,39.39,513.86,515.82,शिमा कुपनाज वर संकस्यासपरधालचा दिसी,सीमा कुंपणाजवळ संशयास्पद हालचाल दिसली,NO,
1787942375190,Redmi Note 9 Pro,12,mr,vakyansh_marathi_base.int8.onnx,int8,mr_16_coords_1,4.07,CLEAN,1,WARM,1258,0.309,87.50,25.58,514.78,514.78,अक्षाशे बारा दशाश पाचरीखसत्याहतर दशांष साहा,अक्षांश बारा दशांश पाच रेखांश सत्याहत्तर दशांश सहा,NO,
1787942376609,Redmi Note 9 Pro,12,mr,vakyansh_marathi_base.int8.onnx,int8,mr_16_coords_1,4.07,CLEAN,2,WARM,1312,0.322,87.50,25.58,515.32,515.32,अक्षाशे बारा दशाश पाचरीखसत्याहतर दशांष साहा,अक्षांश बारा दशांश पाच रेखांश सत्याहत्तर दशांश सहा,NO,
1787942377961,Redmi Note 9 Pro,12,mr,vakyansh_marathi_base.int8.onnx,int8,mr_16_coords_1,4.07,CLEAN,3,WARM,1244,0.305,87.50,25.58,515.92,515.92,अक्षाशे बारा दशाश पाचरीखसत्याहतर दशांष साहा,अक्षांश बारा दशांश पाच रेखांश सत्याहत्तर दशांश सहा,NO,
1787942378717,Redmi Note 9 Pro,12,mr,vakyansh_marathi_base.int8.onnx,int8,mr_17_coords_2,2.05,CLEAN,1,WARM,642,0.313,60.00,29.63,513.16,516.02,चएककॉंट ब्याटा उंजी तीनशे मीटर,चेकपॉईंट डेल्टा उंची तीनशे मीटर,NO,
1787942379450,Redmi Note 9 Pro,12,mr,vakyansh_marathi_base.int8.onnx,int8,mr_17_coords_2,2.05,CLEAN,2,WARM,626,0.305,60.00,29.63,513.40,513.40,चएककॉंट ब्याटा उंजी तीनशे मीटर,चेकपॉईंट डेल्टा उंची तीनशे मीटर,NO,
1787942380877,Redmi Note 9 Pro,12,mr,vakyansh_marathi_base.int8.onnx,int8,mr_17_coords_2,2.05,CLEAN,3,WARM,1308,0.638,60.00,29.63,513.82,513.82,चएककॉंट ब्याटा उंजी तीनशे मीटर,चेकपॉईंट डेल्टा उंची तीनशे मीटर,NO,
1787942382126,Redmi Note 9 Pro,12,mr,vakyansh_marathi_base.int8.onnx,int8,mr_18_coords_3,2.73,CLEAN,1,WARM,1040,0.381,83.33,17.14,513.93,513.99,हिमारत चारकोली क्रमांक अठावीस सुरक्षीत,इमारत चार खोली क्रमांक अठ्ठावीस सुरक्षित,NO,
1787942383112,Redmi Note 9 Pro,12,mr,vakyansh_marathi_base.int8.onnx,int8,mr_18_coords_3,2.73,CLEAN,2,WARM,869,0.318,83.33,17.14,514.23,514.23,हिमारत चारकोली क्रमांक अठावीस सुरक्षीत,इमारत चार खोली क्रमांक अठ्ठावीस सुरक्षित,NO,
1787942384032,Redmi Note 9 Pro,12,mr,vakyansh_marathi_base.int8.onnx,int8,mr_18_coords_3,2.73,CLEAN,3,WARM,806,0.295,83.33,17.14,514.63,514.63,हिमारत चारकोली क्रमांक अठावीस सुरक्षीत,इमारत चार खोली क्रमांक अठ्ठावीस सुरक्षित,NO,
1787942385013,Redmi Note 9 Pro,12,mr,vakyansh_marathi_base.int8.onnx,int8,mr_19_coords_4,2.90,CLEAN,1,WARM,860,0.297,83.33,25.00,513.12,515.07,वेतिस किलोमीटर पती तास दक्षन इकडे,वेग तीस किलोमीटर प्रति तास दक्षिणेकडे,NO,
1787942386008,Redmi Note 9 Pro,12,mr,vakyansh_marathi_base.int8.onnx,int8,mr_19_coords_4,2.90,CLEAN,2,WARM,887,0.306,83.33,25.00,513.45,513.45,वेतिस किलोमीटर पती तास दक्षन इकडे,वेग तीस किलोमीटर प्रति तास दक्षिणेकडे,NO,
1787942387079,Redmi Note 9 Pro,12,mr,vakyansh_marathi_base.int8.onnx,int8,mr_19_coords_4,2.90,CLEAN,3,WARM,961,0.331,83.33,25.00,513.88,513.88,वेतिस किलोमीटर पती तास दक्षन इकडे,वेग तीस किलोमीटर प्रति तास दक्षिणेकडे,NO,
1787942387941,Redmi Note 9 Pro,12,mr,vakyansh_marathi_base.int8.onnx,int8,mr_20_coords_5,2.41,CLEAN,1,WARM,745,0.309,66.67,26.92,514.42,514.42,रिले चावर पाच सि्नल ऐकशी ठके,रिले टॉवर पाच सिग्नल ऐंशी टक्के,NO,
1787942388789,Redmi Note 9 Pro,12,mr,vakyansh_marathi_base.int8.onnx,int8,mr_20_coords_5,2.41,CLEAN,2,WARM,738,0.306,66.67,26.92,512.08,514.45,रिले चावर पाच सि्नल ऐकशी ठके,रिले टॉवर पाच सिग्नल ऐंशी टक्के,NO,
1787942389640,Redmi Note 9 Pro,12,mr,vakyansh_marathi_base.int8.onnx,int8,mr_20_coords_5,2.41,CLEAN,3,WARM,740,0.307,66.67,26.92,512.42,512.42,रिले चावर पाच सि्नल ऐकशी ठके,रिले टॉवर पाच सिग्नल ऐंशी टक्के,NO,
1787942392422,Redmi Note 9 Pro,12,mr,vakyansh_marathi_base.int8.onnx,int8,mr_21_long_tactical_1,8.23,CLEAN,1,WARM,2663,0.323,71.43,20.59,573.72,573.72,तुकडी अलफा एकबेब्रावू ला कळवंते कि ग्रीज समनवय बेचाळीस जवळ पश्चिम कुपण कुठले आहे आणि तातलीने वैदेकी मरत किची वरज आहे,तुकडी अल्फा एक बेस ब्राव्होला कळवते की ग्रिड समन्वय बेचाळीस जवळ पश्चिम कुंपण तुटले आहे आणि तातडीने वैद्यकीय मदतीची गरज आहे,YES,
1787942395190,Redmi Note 9 Pro,12,mr,vakyansh_marathi_base.int8.onnx,int8,mr_21_long_tactical_1,8.23,CLEAN,2,WARM,2650,0.322,71.43,20.59,675.88,675.88,तुकडी अलफा एकबेब्रावू ला कळवंते कि ग्रीज समनवय बेचाळीस जवळ पश्चिम कुपण कुठले आहे आणि तातलीने वैदेकी मरत किची वरज आहे,तुकडी अल्फा एक बेस ब्राव्होला कळवते की ग्रिड समन्वय बेचाळीस जवळ पश्चिम कुंपण तुटले आहे आणि तातडीने वैद्यकीय मदतीची गरज आहे,YES,
1787942398069,Redmi Note 9 Pro,12,mr,vakyansh_marathi_base.int8.onnx,int8,mr_21_long_tactical_1,8.23,CLEAN,3,WARM,2760,0.335,71.43,20.59,675.49,675.49,तुकडी अलफा एकबेब्रावू ला कळवंते कि ग्रीज समनवय बेचाळीस जवळ पश्चिम कुपण कुठले आहे आणि तातलीने वैदेकी मरत किची वरज आहे,तुकडी अल्फा एक बेस ब्राव्होला कळवते की ग्रिड समन्वय बेचाळीस जवळ पश्चिम कुंपण तुटले आहे आणि तातडीने वैद्यकीय मदतीची गरज आहे,YES,
1787942400756,Redmi Note 9 Pro,12,mr,vakyansh_marathi_base.int8.onnx,int8,mr_22_long_tactical_2,8.16,CLEAN,1,WARM,2544,0.312,50.00,16.19,676.00,676.32,स्टेशन नेलटा कयत्री करतो की सएटर तीन मध्ये ऑक्सिजन तीस टक्याण पर्यात कमी झाला आहे सर्व क्मचार्याणि दक्षण गेटकडे जावे,स्टेशन डेल्टा खात्री करतो की सेक्टर तीनमध्ये ऑक्सिजन तीस टक्क्यांपर्यंत कमी झाला आहे सर्व कर्मचाऱ्यांनी दक्षिण गेटकडे जावे,YES,
1787942404995,Redmi Note 9 Pro,12,mr,vakyansh_marathi_base.int8.onnx,int8,mr_22_long_tactical_2,8.16,CLEAN,2,WARM,4104,0.503,50.00,16.19,677.51,677.51,स्टेशन नेलटा कयत्री करतो की सएटर तीन मध्ये ऑक्सिजन तीस टक्याण पर्यात कमी झाला आहे सर्व क्मचार्याणि दक्षण गेटकडे जावे,स्टेशन डेल्टा खात्री करतो की सेक्टर तीनमध्ये ऑक्सिजन तीस टक्क्यांपर्यंत कमी झाला आहे सर्व कर्मचाऱ्यांनी दक्षिण गेटकडे जावे,YES,
1787942408218,Redmi Note 9 Pro,12,mr,vakyansh_marathi_base.int8.onnx,int8,mr_22_long_tactical_2,8.16,CLEAN,3,WARM,3103,0.380,50.00,16.19,675.88,675.88,स्टेशन नेलटा कयत्री करतो की सएटर तीन मध्ये ऑक्सिजन तीस टक्याण पर्यात कमी झाला आहे सर्व क्मचार्याणि दक्षण गेटकडे जावे,स्टेशन डेल्टा खात्री करतो की सेक्टर तीनमध्ये ऑक्सिजन तीस टक्क्यांपर्यंत कमी झाला आहे सर्व कर्मचाऱ्यांनी दक्षिण गेटकडे जावे,YES,
1787942410697,Redmi Note 9 Pro,12,mr,vakyansh_marathi_base.int8.onnx,int8,mr_23_long_tactical_3,7.61,CLEAN,1,WARM,2344,0.308,50.00,12.36,676.41,676.66,शोध आणि बचापथक बारापुरग्रस्त भागात पुढे सरकत आहे पाण्याचा ्तर दोन मीटर वाड ला असून बोटी पैन्यात केले आहे,शोध आणि बचाव पथक बारा पूरग्रस्त भागात पुढे सरकत आहे पाण्याचा स्तर दोन मीटर वाढला असून बोटी तैनात केल्या आहेत,YES,
1787942413166,Redmi Note 9 Pro,12,mr,vakyansh_marathi_base.int8.onnx,int8,mr_23_long_tactical_3,7.61,CLEAN,2,WARM,2332,0.307,50.00,12.36,677.52,677.52,शोध आणि बचापथक बारापुरग्रस्त भागात पुढे सरकत आहे पाण्याचा ्तर दोन मीटर वाड ला असून बोटी पैन्यात केले आहे,शोध आणि बचाव पथक बारा पूरग्रस्त भागात पुढे सरकत आहे पाण्याचा स्तर दोन मीटर वाढला असून बोटी तैनात केल्या आहेत,YES,
1787942415670,Redmi Note 9 Pro,12,mr,vakyansh_marathi_base.int8.onnx,int8,mr_23_long_tactical_3,7.61,CLEAN,3,WARM,2373,0.312,50.00,12.36,675.79,677.60,शोध आणि बचापथक बारापुरग्रस्त भागात पुढे सरकत आहे पाण्याचा ्तर दोन मीटर वाड ला असून बोटी पैन्यात केले आहे,शोध आणि बचाव पथक बारा पूरग्रस्त भागात पुढे सरकत आहे पाण्याचा स्तर दोन मीटर वाढला असून बोटी तैनात केल्या आहेत,YES,
1787942418652,Redmi Note 9 Pro,12,mr,vakyansh_marathi_base.int8.onnx,int8,mr_24_long_tactical_4,9.05,CLEAN,1,WARM,2842,0.314,78.95,20.37,677.96,677.96,आातनी साती शाहा क नारपाटी चा सेटर सातवर वाद धडकणार आहे बार्याचा वेसतर किलोमीटर प्रतीतास पसून सर्व उपकरने सुरक्षित ठेवा,तातडीचा इशारा किनारपट्टीच्या सेक्टर सातवर वादळ धडकणार आहे वाऱ्याचा वेग सत्तर किलोमीटर प्रति तास असून सर्व उपकरणे सुरक्षित ठेवा,NO,
1787942421638,Redmi Note 9 Pro,12,mr,vakyansh_marathi_base.int8.onnx,int8,mr_24_long_tactical_4,9.05,CLEAN,2,WARM,2861,0.316,78.95,20.37,693.07,693.07,आातनी साती शाहा क नारपाटी चा सेटर सातवर वाद धडकणार आहे बार्याचा वेसतर किलोमीटर प्रतीतास पसून सर्व उपकरने सुरक्षित ठेवा,तातडीचा इशारा किनारपट्टीच्या सेक्टर सातवर वादळ धडकणार आहे वाऱ्याचा वेग सत्तर किलोमीटर प्रति तास असून सर्व उपकरणे सुरक्षित ठेवा,NO,
1787942424632,Redmi Note 9 Pro,12,mr,vakyansh_marathi_base.int8.onnx,int8,mr_24_long_tactical_4,9.05,CLEAN,3,WARM,2868,0.317,78.95,20.37,694.40,694.40,आातनी साती शाहा क नारपाटी चा सेटर सातवर वाद धडकणार आहे बार्याचा वेसतर किलोमीटर प्रतीतास पसून सर्व उपकरने सुरक्षित ठेवा,तातडीचा इशारा किनारपट्टीच्या सेक्टर सातवर वादळ धडकणार आहे वाऱ्याचा वेग सत्तर किलोमीटर प्रति तास असून सर्व उपकरणे सुरक्षित ठेवा,NO,
1787942427191,Redmi Note 9 Pro,12,mr,vakyansh_marathi_base.int8.onnx,int8,mr_25_long_tactical_5,7.72,CLEAN,1,WARM,2413,0.313,58.82,18.09,691.83,695.13,कमान सेंटर सर्वगसता पतकाना पश्चिम महामारजंक्शन चारकडे जाण्याचं आणि रेल्वे संपर्क चालुठेयाचे आदेश देते,कमांड सेंटर सर्व गस्त पथकांना पश्चिम महामार्ग जंक्शन चारकडे जाण्याचे आणि रेडिओ संपर्क चालू ठेवण्याचे आदेश देते,NO,
1787942429725,Redmi Note 9 Pro,12,mr,vakyansh_marathi_base.int8.onnx,int8,mr_25_long_tactical_5,7.72,CLEAN,2,WARM,2407,0.312,58.82,18.09,692.94,692.94,कमान सेंटर सर्वगसता पतकाना पश्चिम महामारजंक्शन चारकडे जाण्याचं आणि रेल्वे संपर्क चालुठेयाचे आदेश देते,कमांड सेंटर सर्व गस्त पथकांना पश्चिम महामार्ग जंक्शन चारकडे जाण्याचे आणि रेडिओ संपर्क चालू ठेवण्याचे आदेश देते,NO,
1787942432260,Redmi Note 9 Pro,12,mr,vakyansh_marathi_base.int8.onnx,int8,mr_25_long_tactical_5,7.72,CLEAN,3,WARM,2409,0.312,58.82,18.09,694.20,694.20,कमान सेंटर सर्वगसता पतकाना पश्चिम महामारजंक्शन चारकडे जाण्याचं आणि रेल्वे संपर्क चालुठेयाचे आदेश देते,कमांड सेंटर सर्व गस्त पथकांना पश्चिम महामार्ग जंक्शन चारकडे जाण्याचे आणि रेडिओ संपर्क चालू ठेवण्याचे आदेश देते,NO,
1787942434881,Redmi Note 9 Pro,12,mr,vakyansh_marathi_base.int8.onnx,int8,mr_26_long_tactical_6,8.00,CLEAN,1,WARM,2478,0.310,55.56,21.95,692.77,692.77,बाैरथीय मधत पुरवठा करण्यारी वाहमे मदत छांगणी नव येथे पोहचली असून अन्नं आणि औशधाचे वाटक सुरू झाले आहे,वैद्यकीय मदत पुरवठा करणारी वाहने मदत छावणी नऊ येथे पोहोचली असून अन्न आणि औषधांचे वाटप सुरू झाले आहे,NO,
1787942437472,Redmi Note 9 Pro,12,mr,vakyansh_marathi_base.int8.onnx,int8,mr_26_long_tactical_6,8.00,CLEAN,2,WARM,2463,0.308,55.56,21.95,693.93,693.93,बाैरथीय मधत पुरवठा करण्यारी वाहमे मदत छांगणी नव येथे पोहचली असून अन्नं आणि औशधाचे वाटक सुरू झाले आहे,वैद्यकीय मदत पुरवठा करणारी वाहने मदत छावणी नऊ येथे पोहोचली असून अन्न आणि औषधांचे वाटप सुरू झाले आहे,NO,
1787942440086,Redmi Note 9 Pro,12,mr,vakyansh_marathi_base.int8.onnx,int8,mr_26_long_tactical_6,8.00,CLEAN,3,WARM,2471,0.309,55.56,21.95,691.30,694.00,बाैरथीय मधत पुरवठा करण्यारी वाहमे मदत छांगणी नव येथे पोहचली असून अन्नं आणि औशधाचे वाटक सुरू झाले आहे,वैद्यकीय मदत पुरवठा करणारी वाहने मदत छावणी नऊ येथे पोहोचली असून अन्न आणि औषधांचे वाटप सुरू झाले आहे,NO,
1787942442520,Redmi Note 9 Pro,12,mr,vakyansh_marathi_base.int8.onnx,int8,mr_27_long_tactical_7,7.49,CLEAN,1,WARM,2298,0.307,52.94,15.05,693.08,693.08,सुरक्षा पत्कान रिल पॉवर तीन चा बिजपुरठा खंडी झाल्याचे सांगितला आहे जनरेटर सुरू करून संपर्क पुर्व केला आहे,सुरक्षा पथकाने रिले टॉवर तीनचा वीजपुरवठा खंडित झाल्याचे सांगितले आहे जनरेटर सुरू करून संपर्क पूर्ववत केला आहे,YES,
1787942445886,Redmi Note 9 Pro,12,mr,vakyansh_marathi_base.int8.onnx,int8,mr_27_long_tactical_7,7.49,CLEAN,2,WARM,3229,0.431,52.94,15.05,693.44,693.44,सुरक्षा पत्कान रिल पॉवर तीन चा बिजपुरठा खंडी झाल्याचे सांगितला आहे जनरेटर सुरू करून संपर्क पुर्व केला आहे,सुरक्षा पथकाने रिले टॉवर तीनचा वीजपुरवठा खंडित झाल्याचे सांगितले आहे जनरेटर सुरू करून संपर्क पूर्ववत केला आहे,YES,
1787942448954,Redmi Note 9 Pro,12,mr,vakyansh_marathi_base.int8.onnx,int8,mr_27_long_tactical_7,7.49,CLEAN,3,WARM,2940,0.392,52.94,15.05,691.49,693.35,सुरक्षा पत्कान रिल पॉवर तीन चा बिजपुरठा खंडी झाल्याचे सांगितला आहे जनरेटर सुरू करून संपर्क पुर्व केला आहे,सुरक्षा पथकाने रिले टॉवर तीनचा वीजपुरवठा खंडित झाल्याचे सांगितले आहे जनरेटर सुरू करून संपर्क पूर्ववत केला आहे,YES,
1787942451526,Redmi Note 9 Pro,12,mr,vakyansh_marathi_base.int8.onnx,int8,mr_28_long_tactical_8,6.53,CLEAN,1,WARM,2442,0.374,68.75,15.19,695.34,695.34,तुकडी ब्राह जमलातून मार्गकाडत पॉइंट पाच कडेजात असून कोणती ही आढचयानाही सुरीत काम चालू आहे,तुकडी ब्राव्हो जंगलातून मार्ग काढत पॉईंट पाचकडे जात असून कोणतीही अडचण नाही सुरळीत काम चालू आहे,YES,
1787942453913,Redmi Note 9 Pro,12,mr,vakyansh_marathi_base.int8.onnx,int8,mr_28_long_tactical_8,6.53,CLEAN,2,WARM,2260,0.346,68.75,15.19,696.27,696.27,तुकडी ब्राह जमलातून मार्गकाडत पॉइंट पाच कडेजात असून कोणती ही आढचयानाही सुरीत काम चालू आहे,तुकडी ब्राव्हो जंगलातून मार्ग काढत पॉईंट पाचकडे जात असून कोणतीही अडचण नाही सुरळीत काम चालू आहे,YES,
1787942456907,Redmi Note 9 Pro,12,mr,vakyansh_marathi_base.int8.onnx,int8,mr_28_long_tactical_8,6.53,CLEAN,3,WARM,2874,0.440,68.75,15.19,697.16,697.16,तुकडी ब्राह जमलातून मार्गकाडत पॉइंट पाच कडेजात असून कोणती ही आढचयानाही सुरीत काम चालू आहे,तुकडी ब्राव्हो जंगलातून मार्ग काढत पॉईंट पाचकडे जात असून कोणतीही अडचण नाही सुरळीत काम चालू आहे,YES,
1787942459536,Redmi Note 9 Pro,12,mr,vakyansh_marathi_base.int8.onnx,int8,mr_29_long_tactical_9,7.31,CLEAN,1,WARM,2491,0.341,107.14,23.26,696.63,697.90,अभियांत्रकी पतकाने मरी वरील पुल वजड वाहण्यासाठी भोकादा थरवला पसून सर वाहतुक पुर्वे कडे वळुली आहे,अभियांत्रिकी पथकाने नदीवरील पूल अवजड वाहनांसाठी धोकादायक ठरवला असून सर्व वाहतूक पूर्वेकडे वळवली आहे,YES,
1787942462595,Redmi Note 9 Pro,12,mr,vakyansh_marathi_base.int8.onnx,int8,mr_29_long_tactical_9,7.31,CLEAN,2,WARM,2924,0.400,107.14,23.26,697.80,697.80,अभियांत्रकी पतकाने मरी वरील पुल वजड वाहण्यासाठी भोकादा थरवला पसून सर वाहतुक पुर्वे कडे वळुली आहे,अभियांत्रिकी पथकाने नदीवरील पूल अवजड वाहनांसाठी धोकादायक ठरवला असून सर्व वाहतूक पूर्वेकडे वळवली आहे,YES,
1787942465401,Redmi Note 9 Pro,12,mr,vakyansh_marathi_base.int8.onnx,int8,mr_29_long_tactical_9,7.31,CLEAN,3,WARM,2674,0.366,107.14,23.26,695.15,697.86,अभियांत्रकी पतकाने मरी वरील पुल वजड वाहण्यासाठी भोकादा थरवला पसून सर वाहतुक पुर्वे कडे वळुली आहे,अभियांत्रिकी पथकाने नदीवरील पूल अवजड वाहनांसाठी धोकादायक ठरवला असून सर्व वाहतूक पूर्वेकडे वळवली आहे,YES,
1787942468879,Redmi Note 9 Pro,12,mr,vakyansh_marathi_base.int8.onnx,int8,mr_30_long_tactical_10,8.55,CLEAN,1,WARM,3333,0.390,47.62,11.11,697.13,697.13,उख्यालय खात्रीकरते की सर्व मुख चौख्या सुरक्षित आहेत रात्र गस्त पत्कानी त्वरीत जाजा द्यावी आणि दर अर्ध्या तासाने अहवाज द्यावा,मुख्यालय खात्री करते की सर्व मुख्य चौक्या सुरक्षित आहेत रात्र गस्त पथकांनी त्वरित जागा घ्यावी आणि दर अर्ध्या तासाने अहवाल द्यावा,NO,
1787942472097,Redmi Note 9 Pro,12,mr,vakyansh_marathi_base.int8.onnx,int8,mr_30_long_tactical_10,8.55,CLEAN,2,WARM,3098,0.362,47.62,11.11,698.33,698.33,उख्यालय खात्रीकरते की सर्व मुख चौख्या सुरक्षित आहेत रात्र गस्त पत्कानी त्वरीत जाजा द्यावी आणि दर अर्ध्या तासाने अहवाज द्यावा,मुख्यालय खात्री करते की सर्व मुख्य चौक्या सुरक्षित आहेत रात्र गस्त पथकांनी त्वरित जागा घ्यावी आणि दर अर्ध्या तासाने अहवाल द्यावा,NO,
1787942474988,Redmi Note 9 Pro,12,mr,vakyansh_marathi_base.int8.onnx,int8,mr_30_long_tactical_10,8.55,CLEAN,3,WARM,2751,0.322,47.62,11.11,696.67,698.42,उख्यालय खात्रीकरते की सर्व मुख चौख्या सुरक्षित आहेत रात्र गस्त पत्कानी त्वरीत जाजा द्यावी आणि दर अर्ध्या तासाने अहवाज द्यावा,मुख्यालय खात्री करते की सर्व मुख्य चौक्या सुरक्षित आहेत रात्र गस्त पथकांनी त्वरित जागा घ्यावी आणि दर अर्ध्या तासाने अहवाल द्यावा,NO,
1787942637025,Redmi Note 9 Pro,12,gu,vakyansh_gujarati_base.int8.onnx,int8,gu_01_normal,3.11,CLEAN,1,COLD,876,0.282,42.86,15.79,456.43,456.43,તમામ પેટ્રોલીની ચોક્કીઓ સુરક્ષિ અને સ્પષ્ટ છે,તમામ પેટ્રોલિંગ ચોકીઓ સુરક્ષિત અને સ્પષ્ટ છે,YES,
1787942637827,Redmi Note 9 Pro,12,gu,vakyansh_gujarati_base.int8.onnx,int8,gu_01_normal,3.11,CLEAN,2,WARM,717,0.231,42.86,15.79,455.08,456.74,તમામ પેટ્રોલીની ચોક્કીઓ સુરક્ષિ અને સ્પષ્ટ છે,તમામ પેટ્રોલિંગ ચોકીઓ સુરક્ષિત અને સ્પષ્ટ છે,YES,
1787942638598,Redmi Note 9 Pro,12,gu,vakyansh_gujarati_base.int8.onnx,int8,gu_01_normal,3.11,CLEAN,3,WARM,696,0.224,42.86,15.79,455.34,455.34,તમામ પેટ્રોલીની ચોક્કીઓ સુરક્ષિ અને સ્પષ્ટ છે,તમામ પેટ્રોલિંગ ચોકીઓ સુરક્ષિત અને સ્પષ્ટ છે,YES,
1787942638885,Redmi Note 9 Pro,12,gu,vakyansh_gujarati_base.int8.onnx,int8,gu_02_short,0.78,CLEAN,1,WARM,198,0.253,100.00,71.43,455.63,455.63,જરદસ,રોજર બેઝ,NO,
1787942639166,Redmi Note 9 Pro,12,gu,vakyansh_gujarati_base.int8.onnx,int8,gu_02_short,0.78,CLEAN,2,WARM,207,0.264,100.00,71.43,455.60,455.60,જરદસ,રોજર બેઝ,NO,
1787942639444,Redmi Note 9 Pro,12,gu,vakyansh_gujarati_base.int8.onnx,int8,gu_02_short,0.78,CLEAN,3,WARM,201,0.256,100.00,71.43,455.71,455.71,જરદસ,રોજર બેઝ,NO,
1787942641327,Redmi Note 9 Pro,12,gu,vakyansh_gujarati_base.int8.onnx,int8,gu_03_long,5.47,CLEAN,1,WARM,1778,0.325,20.00,4.76,500.35,500.35,આપણી ટીકડી પશ્ચિમી હાઈવે પરથી જંકન સાત તરફ સામાન્ય નિયમો મુજબ આગળ વધી રહી છે,આપણી ટુકડી પશ્ચિમી હાઇવે પરથી જંકશન સાત તરફ સામાન્ય નિયમો મુજબ આગળ વધી રહી છે,YES,
1787942642909,Redmi Note 9 Pro,12,gu,vakyansh_gujarati_base.int8.onnx,int8,gu_03_long,5.47,CLEAN,2,WARM,1492,0.273,20.00,4.76,500.60,500.60,આપણી ટીકડી પશ્ચિમી હાઈવે પરથી જંકન સાત તરફ સામાન્ય નિયમો મુજબ આગળ વધી રહી છે,આપણી ટુકડી પશ્ચિમી હાઇવે પરથી જંકશન સાત તરફ સામાન્ય નિયમો મુજબ આગળ વધી રહી છે,YES,
1787942644424,Redmi Note 9 Pro,12,gu,vakyansh_gujarati_base.int8.onnx,int8,gu_03_long,5.47,CLEAN,3,WARM,1426,0.261,20.00,4.76,499.81,500.65,આપણી ટીકડી પશ્ચિમી હાઈવે પરથી જંકન સાત તરફ સામાન્ય નિયમો મુજબ આગળ વધી રહી છે,આપણી ટુકડી પશ્ચિમી હાઇવે પરથી જંકશન સાત તરફ સામાન્ય નિયમો મુજબ આગળ વધી રહી છે,YES,
1787942645562,Redmi Note 9 Pro,12,gu,vakyansh_gujarati_base.int8.onnx,int8,gu_04_numbers,3.00,CLEAN,1,WARM,1025,0.341,44.44,2.78,500.75,500.75,ટીમમાં બાર સભ્યો છે અને બે ટરી પં ચોતે ટકા છે,ટીમમાં બાર સભ્યો છે અને બેટરી પંચોતેર ટકા છે,YES,
1787942646421,Redmi Note 9 Pro,12,gu,vakyansh_gujarati_base.int8.onnx,int8,gu_04_numbers,3.00,CLEAN,2,WARM,767,0.256,44.44,2.78,501.10,501.10,ટીમમાં બાર સભ્યો છે અને બે ટરી પં ચોતે ટકા છે,ટીમમાં બાર સભ્યો છે અને બેટરી પંચોતેર ટકા છે,YES,
1787942647224,Redmi Note 9 Pro,12,gu,vakyansh_gujarati_base.int8.onnx,int8,gu_04_numbers,3.00,CLEAN,3,WARM,719,0.240,44.44,2.78,501.55,501.55,ટીમમાં બાર સભ્યો છે અને બે ટરી પં ચોતે ટકા છે,ટીમમાં બાર સભ્યો છે અને બેટરી પંચોતેર ટકા છે,YES,
1787942648250,Redmi Note 9 Pro,12,gu,vakyansh_gujarati_base.int8.onnx,int8,gu_05_location,3.91,CLEAN,1,WARM,933,0.239,37.50,14.29,503.71,503.71,્ટેશન આલ્ફા મુખ્ય દરવાજાતી પચાસ ઉત્તરમાં છે,સ્ટેશન આલ્ફા મુખ્ય દરવાજાથી પચાસ મીટર ઉત્તરમાં છે,NO,
1787942649280,Redmi Note 9 Pro,12,gu,vakyansh_gujarati_base.int8.onnx,int8,gu_05_location,3.91,CLEAN,2,WARM,948,0.243,37.50,14.29,504.42,504.42,્ટેશન આલ્ફા મુખ્ય દરવાજાતી પચાસ ઉત્તરમાં છે,સ્ટેશન આલ્ફા મુખ્ય દરવાજાથી પચાસ મીટર ઉત્તરમાં છે,NO,
1787942650335,Redmi Note 9 Pro,12,gu,vakyansh_gujarati_base.int8.onnx,int8,gu_05_location,3.91,CLEAN,3,WARM,959,0.246,37.50,14.29,501.99,501.99,્ટેશન આલ્ફા મુખ્ય દરવાજાતી પચાસ ઉત્તરમાં છે,સ્ટેશન આલ્ફા મુખ્ય દરવાજાથી પચાસ મીટર ઉત્તરમાં છે,NO,
1787942651354,Redmi Note 9 Pro,12,gu,vakyansh_gujarati_base.int8.onnx,int8,gu_06_emergency,3.77,CLEAN,1,WARM,914,0.243,37.50,2.22,502.90,502.90,કટોકટી ચેતવીસેક્ટર ચાર માં તાત્કાલિક સહાયની જરૂર છે,કટોકટી ચેતવણી સેક્ટર ચારમાં તાત્કાલિક સહાયની જરૂર છે,YES,
1787942652367,Redmi Note 9 Pro,12,gu,vakyansh_gujarati_base.int8.onnx,int8,gu_06_emergency,3.77,CLEAN,2,WARM,916,0.243,37.50,2.22,503.47,503.47,કટોકટી ચેતવીસેક્ટર ચાર માં તાત્કાલિક સહાયની જરૂર છે,કટોકટી ચેતવણી સેક્ટર ચારમાં તાત્કાલિક સહાયની જરૂર છે,YES,
1787942653373,Redmi Note 9 Pro,12,gu,vakyansh_gujarati_base.int8.onnx,int8,gu_06_emergency,3.77,CLEAN,3,WARM,918,0.244,37.50,2.22,504.03,504.03,કટોકટી ચેતવીસેક્ટર ચાર માં તાત્કાલિક સહાયની જરૂર છે,કટોકટી ચેતવણી સેક્ટર ચારમાં તાત્કાલિક સહાયની જરૂર છે,YES,
1787942654174,Redmi Note 9 Pro,12,gu,vakyansh_gujarati_base.int8.onnx,int8,gu_07_radio,2.77,CLEAN,1,WARM,700,0.253,11.11,8.57,500.62,504.32,રેડિયો ચેક શું તમને મારો અવાજ સંભળાય છે,રેડિયો ચેક શું તમને મારો અવાજ સંભળાય છે ઓવર,YES,
1787942654963,Redmi Note 9 Pro,12,gu,vakyansh_gujarati_base.int8.onnx,int8,gu_07_radio,2.77,CLEAN,2,WARM,700,0.253,11.11,8.57,501.04,501.04,રેડિયો ચેક શું તમને મારો અવાજ સંભળાય છે,રેડિયો ચેક શું તમને મારો અવાજ સંભળાય છે ઓવર,YES,
1787942655754,Redmi Note 9 Pro,12,gu,vakyansh_gujarati_base.int8.onnx,int8,gu_07_radio,2.77,CLEAN,3,WARM,698,0.252,11.11,8.57,501.48,501.48,રેડિયો ચેક શું તમને મારો અવાજ સંભળાય છે,રેડિયો ચેક શું તમને મારો અવાજ સંભળાય છે ઓવર,YES,
1787942656462,Redmi Note 9 Pro,12,gu,vakyansh_gujarati_base.int8.onnx,int8,gu_08_punct,2.49,CLEAN,1,WARM,612,0.246,71.43,18.52,502.08,502.08,િ્યા પરો આગામી આદેશની રાહજુ,જગ્યા પર રહો આગામી આદેશની રાહ જુઓ,NO,
1787942657183,Redmi Note 9 Pro,12,gu,vakyansh_gujarati_base.int8.onnx,int8,gu_08_punct,2.49,CLEAN,2,WARM,626,0.251,71.43,18.52,502.46,502.46,િ્યા પરો આગામી આદેશની રાહજુ,જગ્યા પર રહો આગામી આદેશની રાહ જુઓ,NO,
1787942657894,Redmi Note 9 Pro,12,gu,vakyansh_gujarati_base.int8.onnx,int8,gu_08_punct,2.49,CLEAN,3,WARM,617,0.248,71.43,18.52,502.83,502.83,િ્યા પરો આગામી આદેશની રાહજુ,જગ્યા પર રહો આગામી આદેશની રાહ જુઓ,NO,
1787942658925,Redmi Note 9 Pro,12,gu,vakyansh_gujarati_base.int8.onnx,int8,gu_09_proper_nouns,3.56,CLEAN,1,WARM,917,0.257,33.33,12.20,501.44,503.19,ટીમ લીડર વિક્રમ બેસ પર કેતિન શર્માની રિપોર્ટ કરો,ટીમ લીડર વિક્રમ બેઝ પર કેપ્ટન શર્માને રિપોર્ટ કરો,YES,
1787942660059,Redmi Note 9 Pro,12,gu,vakyansh_gujarati_base.int8.onnx,int8,gu_09_proper_nouns,3.56,CLEAN,2,WARM,1028,0.289,33.33,12.20,501.92,501.92,ટીમ લીડર વિક્રમ બેસ પર કેતિન શર્માની રિપોર્ટ કરો,ટીમ લીડર વિક્રમ બેઝ પર કેપ્ટન શર્માને રિપોર્ટ કરો,YES,
1787942661252,Redmi Note 9 Pro,12,gu,vakyansh_gujarati_base.int8.onnx,int8,gu_09_proper_nouns,3.56,CLEAN,3,WARM,1086,0.305,33.33,12.20,502.45,502.45,ટીમ લીડર વિક્રમ બેસ પર કેતિન શર્માની રિપોર્ટ કરો,ટીમ લીડર વિક્રમ બેઝ પર કેપ્ટન શર્માને રિપોર્ટ કરો,YES,
1787942662221,Redmi Note 9 Pro,12,gu,vakyansh_gujarati_base.int8.onnx,int8,gu_10_fast,3.09,CLEAN,1,WARM,852,0.276,0.00,0.00,503.20,503.20,ઝડપી માહિતી ટીમ હવે પરિસરમાં પ્રવેશી રહી છે,ઝડપી માહિતી ટીમ હવે પરિસરમાં પ્રવેશી રહી છે,YES,
1787942663219,Redmi Note 9 Pro,12,gu,vakyansh_gujarati_base.int8.onnx,int8,gu_10_fast,3.09,CLEAN,2,WARM,894,0.290,0.00,0.00,500.67,503.23,ઝડપી માહિતી ટીમ હવે પરિસરમાં પ્રવેશી રહી છે,ઝડપી માહિતી ટીમ હવે પરિસરમાં પ્રવેશી રહી છે,YES,
1787942664238,Redmi Note 9 Pro,12,gu,vakyansh_gujarati_base.int8.onnx,int8,gu_10_fast,3.09,CLEAN,3,WARM,903,0.292,0.00,0.00,501.11,501.11,ઝડપી માહિતી ટીમ હવે પરિસરમાં પ્રવેશી રહી છે,ઝડપી માહિતી ટીમ હવે પરિસરમાં પ્રવેશી રહી છે,YES,
1787942665302,Redmi Note 9 Pro,12,gu,vakyansh_gujarati_base.int8.onnx,int8,gu_11_tactical_1,3.12,CLEAN,1,WARM,926,0.297,28.57,8.57,501.89,501.89,રેએલટ બધા સભ્યો સુરક્ષિત સ્થળે પહોંચો,રેડ એલર્ટ બધા સભ્યો સુરક્ષિત સ્થળે પહોંચો,YES,
1787942666357,Redmi Note 9 Pro,12,gu,vakyansh_gujarati_base.int8.onnx,int8,gu_11_tactical_1,3.12,CLEAN,2,WARM,935,0.300,28.57,8.57,502.37,502.37,રેએલટ બધા સભ્યો સુરક્ષિત સ્થળે પહોંચો,રેડ એલર્ટ બધા સભ્યો સુરક્ષિત સ્થળે પહોંચો,YES,
1787942667415,Redmi Note 9 Pro,12,gu,vakyansh_gujarati_base.int8.onnx,int8,gu_11_tactical_1,3.12,CLEAN,3,WARM,941,0.302,28.57,8.57,502.83,502.83,રેએલટ બધા સભ્યો સુરક્ષિત સ્થળે પહોંચો,રેડ એલર્ટ બધા સભ્યો સુરક્ષિત સ્થળે પહોંચો,YES,
1787942668427,Redmi Note 9 Pro,12,gu,vakyansh_gujarati_base.int8.onnx,int8,gu_12_tactical_2,2.98,CLEAN,1,WARM,886,0.298,42.86,27.78,501.30,503.15,મેડિકલ ટીમનેસ મોકલવામાં આવી છે,મેડિકલ ટીમને સેક્ટર નવમાં મોકલવામાં આવી છે,YES,
1787942669374,Redmi Note 9 Pro,12,gu,vakyansh_gujarati_base.int8.onnx,int8,gu_12_tactical_2,2.98,CLEAN,2,WARM,831,0.279,42.86,27.78,501.75,501.75,મેડિકલ ટીમનેસ મોકલવામાં આવી છે,મેડિકલ ટીમને સેક્ટર નવમાં મોકલવામાં આવી છે,YES,
1787942670320,Redmi Note 9 Pro,12,gu,vakyansh_gujarati_base.int8.onnx,int8,gu_12_tactical_2,2.98,CLEAN,3,WARM,839,0.282,42.86,27.78,502.19,502.19,મેડિકલ ટીમનેસ મોકલવામાં આવી છે,મેડિકલ ટીમને સેક્ટર નવમાં મોકલવામાં આવી છે,YES,
1787942671309,Redmi Note 9 Pro,12,gu,vakyansh_gujarati_base.int8.onnx,int8,gu_13_tactical_3,3.13,CLEAN,1,WARM,869,0.277,28.57,18.92,502.95,502.95,ટોક્સીજન ચાલીસ ટકા તાત્કાલિક બહાર નીકળો,ઓક્સિજન સ્તર ચાલીસ ટકા તાત્કાલિક બહાર નીકળો,YES,
1787942672285,Redmi Note 9 Pro,12,gu,vakyansh_gujarati_base.int8.onnx,int8,gu_13_tactical_3,3.13,CLEAN,2,WARM,861,0.275,28.57,18.92,503.45,503.45,ટોક્સીજન ચાલીસ ટકા તાત્કાલિક બહાર નીકળો,ઓક્સિજન સ્તર ચાલીસ ટકા તાત્કાલિક બહાર નીકળો,YES,
1787942673253,Redmi Note 9 Pro,12,gu,vakyansh_gujarati_base.int8.onnx,int8,gu_13_tactical_3,3.13,CLEAN,3,WARM,854,0.273,28.57,18.92,500.67,503.49,ટોક્સીજન ચાલીસ ટકા તાત્કાલિક બહાર નીકળો,ઓક્સિજન સ્તર ચાલીસ ટકા તાત્કાલિક બહાર નીકળો,YES,
1787942674013,Redmi Note 9 Pro,12,gu,vakyansh_gujarati_base.int8.onnx,int8,gu_14_tactical_4,2.54,CLEAN,1,WARM,653,0.258,14.29,15.63,501.25,501.25,વન બેમાં ભારે ધુમાડો જોવા મળ્યો છે,ગોડાઉન બેમાં ભારે ધુમાડો જોવા મળ્યો છે,YES,
1787942674747,Redmi Note 9 Pro,12,gu,vakyansh_gujarati_base.int8.onnx,int8,gu_14_tactical_4,2.54,CLEAN,2,WARM,635,0.250,14.29,15.63,501.72,501.72,વન બેમાં ભારે ધુમાડો જોવા મળ્યો છે,ગોડાઉન બેમાં ભારે ધુમાડો જોવા મળ્યો છે,YES,
1787942675474,Redmi Note 9 Pro,12,gu,vakyansh_gujarati_base.int8.onnx,int8,gu_14_tactical_4,2.54,CLEAN,3,WARM,634,0.250,14.29,15.63,502.10,502.10,વન બેમાં ભારે ધુમાડો જોવા મળ્યો છે,ગોડાઉન બેમાં ભારે ધુમાડો જોવા મળ્યો છે,YES,
1787942676284,Redmi Note 9 Pro,12,gu,vakyansh_gujarati_base.int8.onnx,int8,gu_15_tactical_5,2.86,CLEAN,1,WARM,709,0.248,66.67,17.86,502.81,502.81,સમા વાળ પાસે શંકાસ્પદ થલીચલ દેખાય,સીમા વાડ પાસે શંકાસ્પદ હલચલ દેખાઈ,NO,
1787942677108,Redmi Note 9 Pro,12,gu,vakyansh_gujarati_base.int8.onnx,int8,gu_15_tactical_5,2.86,CLEAN,2,WARM,718,0.251,66.67,17.86,503.23,503.23,સમા વાળ પાસે શંકાસ્પદ થલીચલ દેખાય,સીમા વાડ પાસે શંકાસ્પદ હલચલ દેખાઈ,NO,
1787942677913,Redmi Note 9 Pro,12,gu,vakyansh_gujarati_base.int8.onnx,int8,gu_15_tactical_5,2.86,CLEAN,3,WARM,714,0.249,66.67,17.86,501.36,503.26,સમા વાળ પાસે શંકાસ્પદ થલીચલ દેખાય,સીમા વાડ પાસે શંકાસ્પદ હલચલ દેખાઈ,NO,
1787942678856,Redmi Note 9 Pro,12,gu,vakyansh_gujarati_base.int8.onnx,int8,gu_16_coords_1,3.36,CLEAN,1,WARM,836,0.249,87.50,37.50,502.22,502.22,અક્ષાંશ બારપો પાચરેખાસ તેર પો છે,અક્ષાંશ બાર પોઇન્ટ પાંચ રેખાંશ સિત્તેર પોઇન્ટ છ,YES,
1787942679784,Redmi Note 9 Pro,12,gu,vakyansh_gujarati_base.int8.onnx,int8,gu_16_coords_1,3.36,CLEAN,2,WARM,838,0.249,87.50,37.50,502.71,502.71,અક્ષાંશ બારપો પાચરેખાસ તેર પો છે,અક્ષાંશ બાર પોઇન્ટ પાંચ રેખાંશ સિત્તેર પોઇન્ટ છ,YES,
1787942680691,Redmi Note 9 Pro,12,gu,vakyansh_gujarati_base.int8.onnx,int8,gu_16_coords_1,3.36,CLEAN,3,WARM,821,0.244,87.50,37.50,503.21,503.21,અક્ષાંશ બારપો પાચરેખાસ તેર પો છે,અક્ષાંશ બાર પોઇન્ટ પાંચ રેખાંશ સિત્તેર પોઇન્ટ છ,YES,
1787942681461,Redmi Note 9 Pro,12,gu,vakyansh_gujarati_base.int8.onnx,int8,gu_17_coords_2,2.73,CLEAN,1,WARM,671,0.246,100.00,16.67,500.67,503.50,એક પોઇન્ટ નેલતા ઊંચાઈ ત્રણ સોમીટર,ચેકપોઇન્ટ ડેલ્ટા ઊંચાઈ ત્રણસો મીટર,NO,
1787942682221,Redmi Note 9 Pro,12,gu,vakyansh_gujarati_base.int8.onnx,int8,gu_17_coords_2,2.73,CLEAN,2,WARM,672,0.246,100.00,16.67,501.08,501.08,એક પોઇન્ટ નેલતા ઊંચાઈ ત્રણ સોમીટર,ચેકપોઇન્ટ ડેલ્ટા ઊંચાઈ ત્રણસો મીટર,NO,
1787942682981,Redmi Note 9 Pro,12,gu,vakyansh_gujarati_base.int8.onnx,int8,gu_17_coords_2,2.73,CLEAN,3,WARM,671,0.246,100.00,16.67,501.50,501.50,એક પોઇન્ટ નેલતા ઊંચાઈ ત્રણ સોમીટર,ચેકપોઇન્ટ ડેલ્ટા ઊંચાઈ ત્રણસો મીટર,NO,
1787942683739,Redmi Note 9 Pro,12,gu,vakyansh_gujarati_base.int8.onnx,int8,gu_18_coords_3,2.75,CLEAN,1,WARM,666,0.242,33.33,12.90,502.17,502.17,ઇમારત ચાર ટુમ નંબર અટ્ઠાવી સુરક્ષિત,ઇમારત ચાર રૂમ નંબર અઠ્ઠાવીસ સુરક્ષિત,YES,
1787942684468,Redmi Note 9 Pro,12,gu,vakyansh_gujarati_base.int8.onnx,int8,gu_18_coords_3,2.75,CLEAN,2,WARM,647,0.235,33.33,12.90,502.59,502.59,ઇમારત ચાર ટુમ નંબર અટ્ઠાવી સુરક્ષિત,ઇમારત ચાર રૂમ નંબર અઠ્ઠાવીસ સુરક્ષિત,YES,
1787942685213,Redmi Note 9 Pro,12,gu,vakyansh_gujarati_base.int8.onnx,int8,gu_18_coords_3,2.75,CLEAN,3,WARM,652,0.237,33.33,12.90,502.99,502.99,ઇમારત ચાર ટુમ નંબર અટ્ઠાવી સુરક્ષિત,ઇમારત ચાર રૂમ નંબર અઠ્ઠાવીસ સુરક્ષિત,YES,
1787942686099,Redmi Note 9 Pro,12,gu,vakyansh_gujarati_base.int8.onnx,int8,gu_19_coords_4,3.37,CLEAN,1,WARM,793,0.236,42.86,14.71,501.43,503.34,પૃત્રી કિલોમીટર પ્રતી કલાક દક્ષિણ તરફ,ઝડપ ત્રીસ કિલોમીટર પ્રતિ કલાક દક્ષિણ તરફ,NO,
1787942686989,Redmi Note 9 Pro,12,gu,vakyansh_gujarati_base.int8.onnx,int8,gu_19_coords_4,3.37,CLEAN,2,WARM,793,0.236,42.86,14.71,501.92,501.92,પૃત્રી કિલોમીટર પ્રતી કલાક દક્ષિણ તરફ,ઝડપ ત્રીસ કિલોમીટર પ્રતિ કલાક દક્ષિણ તરફ,NO,
1787942687872,Redmi Note 9 Pro,12,gu,vakyansh_gujarati_base.int8.onnx,int8,gu_19_coords_4,3.37,CLEAN,3,WARM,793,0.236,42.86,14.71,502.41,502.41,પૃત્રી કિલોમીટર પ્રતી કલાક દક્ષિણ તરફ,ઝડપ ત્રીસ કિલોમીટર પ્રતિ કલાક દક્ષિણ તરફ,NO,
1787942688560,Redmi Note 9 Pro,12,gu,vakyansh_gujarati_base.int8.onnx,int8,gu_20_coords_5,2.52,CLEAN,1,WARM,593,0.235,33.33,12.00,503.04,503.04,રીલે ટાવર પાંચ સિગ્નલ સી ટકા,રિલે ટાવર પાંચ સિગ્નલ એંસી ટકા,YES,
1787942689218,Redmi Note 9 Pro,12,gu,vakyansh_gujarati_base.int8.onnx,int8,gu_20_coords_5,2.52,CLEAN,2,WARM,577,0.229,33.33,12.00,500.62,503.07,રીલે ટાવર પાંચ સિગ્નલ સી ટકા,રિલે ટાવર પાંચ સિગ્નલ એંસી ટકા,YES,
1787942689911,Redmi Note 9 Pro,12,gu,vakyansh_gujarati_base.int8.onnx,int8,gu_20_coords_5,2.52,CLEAN,3,WARM,606,0.240,33.33,12.00,501.00,501.00,રીલે ટાવર પાંચ સિગ્નલ સી ટકા,રિલે ટાવર પાંચ સિગ્નલ એંસી ટકા,YES,
1787942692000,Redmi Note 9 Pro,12,gu,vakyansh_gujarati_base.int8.onnx,int8,gu_21_long_tactical_1,8.33,CLEAN,1,WARM,1993,0.239,39.13,16.00,565.05,565.05,કાફલો આલ્ફા એક બેજ ને જણાવે છે કેગરસમેતાલીસ પાસે પશ્ચિમ વાળ તૂટી ગઈ છે અને તાત્કાલિક તબીબી સહાય ની જરૂર છે,કાફલો આલ્ફા એક બેઝ બ્રાવોને જણાવે છે કે ગ્રીડ સમન્વય બેતાલીસ પાસે પશ્ચિમ વાડ તૂટી ગઈ છે અને તાત્કાલિક તબીબી સહાયની જરૂર છે,YES,
1787942694704,Redmi Note 9 Pro,12,gu,vakyansh_gujarati_base.int8.onnx,int8,gu_21_long_tactical_1,8.33,CLEAN,2,WARM,2618,0.314,39.13,16.00,667.98,667.98,કાફલો આલ્ફા એક બેજ ને જણાવે છે કેગરસમેતાલીસ પાસે પશ્ચિમ વાળ તૂટી ગઈ છે અને તાત્કાલિક તબીબી સહાય ની જરૂર છે,કાફલો આલ્ફા એક બેઝ બ્રાવોને જણાવે છે કે ગ્રીડ સમન્વય બેતાલીસ પાસે પશ્ચિમ વાડ તૂટી ગઈ છે અને તાત્કાલિક તબીબી સહાયની જરૂર છે,YES,
1787942696844,Redmi Note 9 Pro,12,gu,vakyansh_gujarati_base.int8.onnx,int8,gu_21_long_tactical_1,8.33,CLEAN,3,WARM,2049,0.246,39.13,16.00,668.61,668.61,કાફલો આલ્ફા એક બેજ ને જણાવે છે કેગરસમેતાલીસ પાસે પશ્ચિમ વાળ તૂટી ગઈ છે અને તાત્કાલિક તબીબી સહાય ની જરૂર છે,કાફલો આલ્ફા એક બેઝ બ્રાવોને જણાવે છે કે ગ્રીડ સમન્વય બેતાલીસ પાસે પશ્ચિમ વાડ તૂટી ગઈ છે અને તાત્કાલિક તબીબી સહાયની જરૂર છે,YES,
1787942699066,Redmi Note 9 Pro,12,gu,vakyansh_gujarati_base.int8.onnx,int8,gu_22_long_tactical_2,8.50,CLEAN,1,WARM,2119,0.249,31.82,19.79,670.23,670.23,તેશન ડેલતા કરે છે કેતરણમાં ઓક્સિજન ત્રીસ તકા સુધી ઘટી ગયું છે તમામ સભ્યો દક્ષિણ દરવાજા તરફ આગળ વધો,સ્ટેશન ડેલ્ટા પુષ્ટિ કરે છે કે સેક્ટર ત્રણમાં ઓક્સિજન ત્રીસ ટકા સુધી ઘટી ગયું છે તમામ સભ્યો દક્ષિણ દરવાજા તરફ આગળ વધો,YES,
1787942701348,Redmi Note 9 Pro,12,gu,vakyansh_gujarati_base.int8.onnx,int8,gu_22_long_tactical_2,8.50,CLEAN,2,WARM,2183,0.257,31.82,19.79,674.62,674.62,તેશન ડેલતા કરે છે કેતરણમાં ઓક્સિજન ત્રીસ તકા સુધી ઘટી ગયું છે તમામ સભ્યો દક્ષિણ દરવાજા તરફ આગળ વધો,સ્ટેશન ડેલ્ટા પુષ્ટિ કરે છે કે સેક્ટર ત્રણમાં ઓક્સિજન ત્રીસ ટકા સુધી ઘટી ગયું છે તમામ સભ્યો દક્ષિણ દરવાજા તરફ આગળ વધો,YES,
1787942703619,Redmi Note 9 Pro,12,gu,vakyansh_gujarati_base.int8.onnx,int8,gu_22_long_tactical_2,8.50,CLEAN,3,WARM,2167,0.255,31.82,19.79,675.77,675.77,તેશન ડેલતા કરે છે કેતરણમાં ઓક્સિજન ત્રીસ તકા સુધી ઘટી ગયું છે તમામ સભ્યો દક્ષિણ દરવાજા તરફ આગળ વધો,સ્ટેશન ડેલ્ટા પુષ્ટિ કરે છે કે સેક્ટર ત્રણમાં ઓક્સિજન ત્રીસ ટકા સુધી ઘટી ગયું છે તમામ સભ્યો દક્ષિણ દરવાજા તરફ આગળ વધો,YES,
1787942705679,Redmi Note 9 Pro,12,gu,vakyansh_gujarati_base.int8.onnx,int8,gu_23_long_tactical_3,7.52,CLEAN,1,WARM,1938,0.258,9.09,2.20,673.00,676.59,શોધ અને બચાવ ટીમ બાર પરગ્રસ્ત વિસ્તારમાં પહોંચી રહી છે પાણીની સપાટી બે મીટર વધી છે અને બોટ તેૈનાત કરવામાં આવી છે,શોધ અને બચાવ ટીમ બાર પૂરગ્રસ્ત વિસ્તારમાં પહોંચી રહી છે પાણીની સપાટી બે મીટર વધી છે અને બોટ તૈનાત કરવામાં આવી છે,YES,
1787942707707,Redmi Note 9 Pro,12,gu,vakyansh_gujarati_base.int8.onnx,int8,gu_23_long_tactical_3,7.52,CLEAN,2,WARM,1928,0.256,9.09,2.20,674.14,674.14,શોધ અને બચાવ ટીમ બાર પરગ્રસ્ત વિસ્તારમાં પહોંચી રહી છે પાણીની સપાટી બે મીટર વધી છે અને બોટ તેૈનાત કરવામાં આવી છે,શોધ અને બચાવ ટીમ બાર પૂરગ્રસ્ત વિસ્તારમાં પહોંચી રહી છે પાણીની સપાટી બે મીટર વધી છે અને બોટ તૈનાત કરવામાં આવી છે,YES,
1787942709718,Redmi Note 9 Pro,12,gu,vakyansh_gujarati_base.int8.onnx,int8,gu_23_long_tactical_3,7.52,CLEAN,3,WARM,1910,0.254,9.09,2.20,675.38,675.38,શોધ અને બચાવ ટીમ બાર પરગ્રસ્ત વિસ્તારમાં પહોંચી રહી છે પાણીની સપાટી બે મીટર વધી છે અને બોટ તેૈનાત કરવામાં આવી છે,શોધ અને બચાવ ટીમ બાર પૂરગ્રસ્ત વિસ્તારમાં પહોંચી રહી છે પાણીની સપાટી બે મીટર વધી છે અને બોટ તૈનાત કરવામાં આવી છે,YES,
1787942712015,Redmi Note 9 Pro,12,gu,vakyansh_gujarati_base.int8.onnx,int8,gu_24_long_tactical_4,8.46,CLEAN,1,WARM,2168,0.256,42.11,12.50,674.13,674.13,ટોકટી ચેતવણી દરિયા કાંઠાના સત સાતમાં મોટું વાવા જોડવા આવી રહ્યું છે પવનની ગતિ સિતે કિલોમીટર પ્રતી કલાક છે સાવચેત રહો,કટોકટી ચેતવણી દરિયાકાંઠાના સેક્ટર સાતમાં મોટું વાવાઝોડું આવી રહ્યું છે પવનની ગતિ સિત્તેર કિલોમીટર પ્રતિ કલાક છે સાવચેત રહો,NO,
1787942714254,Redmi Note 9 Pro,12,gu,vakyansh_gujarati_base.int8.onnx,int8,gu_24_long_tactical_4,8.46,CLEAN,2,WARM,2143,0.253,42.11,12.50,675.44,675.44,ટોકટી ચેતવણી દરિયા કાંઠાના સત સાતમાં મોટું વાવા જોડવા આવી રહ્યું છે પવનની ગતિ સિતે કિલોમીટર પ્રતી કલાક છે સાવચેત રહો,કટોકટી ચેતવણી દરિયાકાંઠાના સેક્ટર સાતમાં મોટું વાવાઝોડું આવી રહ્યું છે પવનની ગતિ સિત્તેર કિલોમીટર પ્રતિ કલાક છે સાવચેત રહો,NO,
1787942716422,Redmi Note 9 Pro,12,gu,vakyansh_gujarati_base.int8.onnx,int8,gu_24_long_tactical_4,8.46,CLEAN,3,WARM,2074,0.245,42.11,12.50,672.77,672.77,ટોકટી ચેતવણી દરિયા કાંઠાના સત સાતમાં મોટું વાવા જોડવા આવી રહ્યું છે પવનની ગતિ સિતે કિલોમીટર પ્રતી કલાક છે સાવચેત રહો,કટોકટી ચેતવણી દરિયાકાંઠાના સેક્ટર સાતમાં મોટું વાવાઝોડું આવી રહ્યું છે પવનની ગતિ સિત્તેર કિલોમીટર પ્રતિ કલાક છે સાવચેત રહો,NO,
1787942718263,Redmi Note 9 Pro,12,gu,vakyansh_gujarati_base.int8.onnx,int8,gu_25_long_tactical_5,7.18,CLEAN,1,WARM,1738,0.242,27.78,14.46,674.73,676.73,કમા સતમામ ટીમોને પશ્ચિમ હાઈવે જન ચાર તરફ આગળ વધવા અને રેડિયો સંપર્કમાં રહેવા આદેશ આપે છે,કમાન્ડ સેન્ટર તમામ ટીમોને પશ્ચિમ હાઇવે જંકશન ચાર તરફ આગળ વધવા અને રેડિયો સંપર્કમાં રહેવા આદેશ આપે છે,YES,
1787942720150,Redmi Note 9 Pro,12,gu,vakyansh_gujarati_base.int8.onnx,int8,gu_25_long_tactical_5,7.18,CLEAN,2,WARM,1787,0.249,27.78,14.46,673.23,673.23,કમા સતમામ ટીમોને પશ્ચિમ હાઈવે જન ચાર તરફ આગળ વધવા અને રેડિયો સંપર્કમાં રહેવા આદેશ આપે છે,કમાન્ડ સેન્ટર તમામ ટીમોને પશ્ચિમ હાઇવે જંકશન ચાર તરફ આગળ વધવા અને રેડિયો સંપર્કમાં રહેવા આદેશ આપે છે,YES,
1787942722048,Redmi Note 9 Pro,12,gu,vakyansh_gujarati_base.int8.onnx,int8,gu_25_long_tactical_5,7.18,CLEAN,3,WARM,1799,0.251,27.78,14.46,674.29,674.29,કમા સતમામ ટીમોને પશ્ચિમ હાઈવે જન ચાર તરફ આગળ વધવા અને રેડિયો સંપર્કમાં રહેવા આદેશ આપે છે,કમાન્ડ સેન્ટર તમામ ટીમોને પશ્ચિમ હાઇવે જંકશન ચાર તરફ આગળ વધવા અને રેડિયો સંપર્કમાં રહેવા આદેશ આપે છે,YES,
1787942723918,Redmi Note 9 Pro,12,gu,vakyansh_gujarati_base.int8.onnx,int8,gu_26_long_tactical_6,6.92,CLEAN,1,WARM,1749,0.253,11.76,2.38,672.91,675.04,તબીબી સામગ્રી ભરેલો કાફલો રાહત શિવિર નમાં પહોંચ્યો છે ભોજન અને પ્રાથમિક સારવારનું વિતરણ શરૂ થયું છે,તબીબી સામગ્રી ભરેલો કાફલો રાહત શિબિર નવમાં પહોંચ્યો છે ભોજન અને પ્રાથમિક સારવારનું વિતરણ શરૂ થયું છે,YES,
1787942725798,Redmi Note 9 Pro,12,gu,vakyansh_gujarati_base.int8.onnx,int8,gu_26_long_tactical_6,6.92,CLEAN,2,WARM,1775,0.257,11.76,2.38,673.93,673.93,તબીબી સામગ્રી ભરેલો કાફલો રાહત શિવિર નમાં પહોંચ્યો છે ભોજન અને પ્રાથમિક સારવારનું વિતરણ શરૂ થયું છે,તબીબી સામગ્રી ભરેલો કાફલો રાહત શિબિર નવમાં પહોંચ્યો છે ભોજન અને પ્રાથમિક સારવારનું વિતરણ શરૂ થયું છે,YES,
1787942727678,Redmi Note 9 Pro,12,gu,vakyansh_gujarati_base.int8.onnx,int8,gu_26_long_tactical_6,6.92,CLEAN,3,WARM,1774,0.256,11.76,2.38,674.95,674.95,તબીબી સામગ્રી ભરેલો કાફલો રાહત શિવિર નમાં પહોંચ્યો છે ભોજન અને પ્રાથમિક સારવારનું વિતરણ શરૂ થયું છે,તબીબી સામગ્રી ભરેલો કાફલો રાહત શિબિર નવમાં પહોંચ્યો છે ભોજન અને પ્રાથમિક સારવારનું વિતરણ શરૂ થયું છે,YES,
1787942729715,Redmi Note 9 Pro,12,gu,vakyansh_gujarati_base.int8.onnx,int8,gu_27_long_tactical_7,7.49,CLEAN,1,WARM,1921,0.257,25.00,2.20,673.32,675.71,સુરક્ષા ટીમેરિલે ટાવર ત્રણ પર વિજળી બંધ થવાની માહિતી આપી છે બે કપજનરેટર ચાલુ કરી સંપર્ક પુનઃસ્થાપિત કરાયો છે,સુરક્ષા ટીમે રિલે ટાવર ત્રણ પર વીજળી બંધ થવાની માહિતી આપી છે બેકઅપ જનરેટર ચાલુ કરી સંપર્ક પુનઃસ્થાપિત કરાયો છે,YES,
1787942731752,Redmi Note 9 Pro,12,gu,vakyansh_gujarati_base.int8.onnx,int8,gu_27_long_tactical_7,7.49,CLEAN,2,WARM,1941,0.259,25.00,2.20,673.48,673.48,સુરક્ષા ટીમેરિલે ટાવર ત્રણ પર વિજળી બંધ થવાની માહિતી આપી છે બે કપજનરેટર ચાલુ કરી સંપર્ક પુનઃસ્થાપિત કરાયો છે,સુરક્ષા ટીમે રિલે ટાવર ત્રણ પર વીજળી બંધ થવાની માહિતી આપી છે બેકઅપ જનરેટર ચાલુ કરી સંપર્ક પુનઃસ્થાપિત કરાયો છે,YES,
1787942733741,Redmi Note 9 Pro,12,gu,vakyansh_gujarati_base.int8.onnx,int8,gu_27_long_tactical_7,7.49,CLEAN,3,WARM,1880,0.251,25.00,2.20,674.59,674.59,સુરક્ષા ટીમેરિલે ટાવર ત્રણ પર વિજળી બંધ થવાની માહિતી આપી છે બે કપજનરેટર ચાલુ કરી સંપર્ક પુનઃસ્થાપિત કરાયો છે,સુરક્ષા ટીમે રિલે ટાવર ત્રણ પર વીજળી બંધ થવાની માહિતી આપી છે બેકઅપ જનરેટર ચાલુ કરી સંપર્ક પુનઃસ્થાપિત કરાયો છે,YES,
1787942735614,Redmi Note 9 Pro,12,gu,vakyansh_gujarati_base.int8.onnx,int8,gu_28_long_tactical_8,6.73,CLEAN,1,WARM,1749,0.260,23.53,4.94,691.15,691.15,બ્રાવ જંગલ માર્ગે ચેક પોઇન્ડ પાંચ તરફ આગળ વધી રહ્યું છે પરિસ્થિતિ સામાન્ય અને નિયંત્રણ હેઠળ છે,દળ બ્રાવો જંગલ માર્ગે ચેકપોઇન્ટ પાંચ તરફ આગળ વધી રહ્યું છે પરિસ્થિતિ સામાન્ય અને નિયંત્રણ હેઠળ છે,YES,
1787942737448,Redmi Note 9 Pro,12,gu,vakyansh_gujarati_base.int8.onnx,int8,gu_28_long_tactical_8,6.73,CLEAN,2,WARM,1732,0.257,23.53,4.94,692.14,692.14,બ્રાવ જંગલ માર્ગે ચેક પોઇન્ડ પાંચ તરફ આગળ વધી રહ્યું છે પરિસ્થિતિ સામાન્ય અને નિયંત્રણ હેઠળ છે,દળ બ્રાવો જંગલ માર્ગે ચેકપોઇન્ટ પાંચ તરફ આગળ વધી રહ્યું છે પરિસ્થિતિ સામાન્ય અને નિયંત્રણ હેઠળ છે,YES,
1787942739417,Redmi Note 9 Pro,12,gu,vakyansh_gujarati_base.int8.onnx,int8,gu_28_long_tactical_8,6.73,CLEAN,3,WARM,1853,0.275,23.53,4.94,693.14,693.14,બ્રાવ જંગલ માર્ગે ચેક પોઇન્ડ પાંચ તરફ આગળ વધી રહ્યું છે પરિસ્થિતિ સામાન્ય અને નિયંત્રણ હેઠળ છે,દળ બ્રાવો જંગલ માર્ગે ચેકપોઇન્ટ પાંચ તરફ આગળ વધી રહ્યું છે પરિસ્થિતિ સામાન્ય અને નિયંત્રણ હેઠળ છે,YES,
1787942741308,Redmi Note 9 Pro,12,gu,vakyansh_gujarati_base.int8.onnx,int8,gu_29_long_tactical_9,6.30,CLEAN,1,WARM,1759,0.279,16.67,1.27,692.43,693.79,ઇજનેરી ટીમે નદીનો પુલભારે વાહનો માટે જોખમે જાહેર કર્યો છે અને સમગ્ર ટ્રાફિક પૂર્વ તરફ વાળ્યો છે,ઇજનેરી ટીમે નદીનો પુલ ભારે વાહનો માટે જોખમી જાહેર કર્યો છે અને સમગ્ર ટ્રાફિક પૂર્વ તરફ વાળ્યો છે,YES,
1787942743187,Redmi Note 9 Pro,12,gu,vakyansh_gujarati_base.int8.onnx,int8,gu_29_long_tactical_9,6.30,CLEAN,2,WARM,1761,0.279,16.67,1.27,693.36,693.36,ઇજનેરી ટીમે નદીનો પુલભારે વાહનો માટે જોખમે જાહેર કર્યો છે અને સમગ્ર ટ્રાફિક પૂર્વ તરફ વાળ્યો છે,ઇજનેરી ટીમે નદીનો પુલ ભારે વાહનો માટે જોખમી જાહેર કર્યો છે અને સમગ્ર ટ્રાફિક પૂર્વ તરફ વાળ્યો છે,YES,
1787942744947,Redmi Note 9 Pro,12,gu,vakyansh_gujarati_base.int8.onnx,int8,gu_29_long_tactical_9,6.30,CLEAN,3,WARM,1644,0.261,16.67,1.27,694.30,694.30,ઇજનેરી ટીમે નદીનો પુલભારે વાહનો માટે જોખમે જાહેર કર્યો છે અને સમગ્ર ટ્રાફિક પૂર્વ તરફ વાળ્યો છે,ઇજનેરી ટીમે નદીનો પુલ ભારે વાહનો માટે જોખમી જાહેર કર્યો છે અને સમગ્ર ટ્રાફિક પૂર્વ તરફ વાળ્યો છે,YES,
1787942746857,Redmi Note 9 Pro,12,gu,vakyansh_gujarati_base.int8.onnx,int8,gu_30_long_tactical_10,6.96,CLEAN,1,WARM,1794,0.258,33.33,9.30,691.57,695.06,મુખ્યાલય પુસ્તી કરે છે કે તમામ મુખ્ય ચેક પોસ્ત સુરક્ષિત છે રાત્રી પે ટ્રોલીન ટુકડી તુરંત ફરજ પર હાજર થાય,મુખ્યાલય પુષ્ટિ કરે છે કે તમામ મુખ્ય ચેકપોસ્ટ સુરક્ષિત છે રાત્રિ પેટ્રોલિંગ ટુકડી તુરંત ફરજ પર હાજર થાય,YES,
1787942748807,Redmi Note 9 Pro,12,gu,vakyansh_gujarati_base.int8.onnx,int8,gu_30_long_tactical_10,6.96,CLEAN,2,WARM,1849,0.265,33.33,9.30,692.52,692.52,મુખ્યાલય પુસ્તી કરે છે કે તમામ મુખ્ય ચેક પોસ્ત સુરક્ષિત છે રાત્રી પે ટ્રોલીન ટુકડી તુરંત ફરજ પર હાજર થાય,મુખ્યાલય પુષ્ટિ કરે છે કે તમામ મુખ્ય ચેકપોસ્ટ સુરક્ષિત છે રાત્રિ પેટ્રોલિંગ ટુકડી તુરંત ફરજ પર હાજર થાય,YES,
1787942750659,Redmi Note 9 Pro,12,gu,vakyansh_gujarati_base.int8.onnx,int8,gu_30_long_tactical_10,6.96,CLEAN,3,WARM,1752,0.252,33.33,9.30,693.54,693.54,મુખ્યાલય પુસ્તી કરે છે કે તમામ મુખ્ય ચેક પોસ્ત સુરક્ષિત છે રાત્રી પે ટ્રોલીન ટુકડી તુરંત ફરજ પર હાજર થાય,મુખ્યાલય પુષ્ટિ કરે છે કે તમામ મુખ્ય ચેકપોસ્ટ સુરક્ષિત છે રાત્રિ પેટ્રોલિંગ ટુકડી તુરંત ફરજ પર હાજર થાય,YES,
1787942761553,Redmi Note 9 Pro,12,te,vakyansh_telugu_base.int8.onnx,int8,te_01_normal,4.28,CLEAN,1,COLD,1368,0.319,33.33,9.68,472.56,472.56,అన్ని పెట్రోలించచే పోస్టులు సురక్షితంగా ఉన్నాయని నివేదించబడింది,అన్ని పెట్రోలింగ్ చెక్‌పోస్టులు సురక్షితంగా ఉన్నాయని నివేదించబడింది,YES,
1787942762983,Redmi Note 9 Pro,12,te,vakyansh_telugu_base.int8.onnx,int8,te_01_normal,4.28,CLEAN,2,WARM,1331,0.311,33.33,9.68,471.19,472.96,అన్ని పెట్రోలించచే పోస్టులు సురక్షితంగా ఉన్నాయని నివేదించబడింది,అన్ని పెట్రోలింగ్ చెక్‌పోస్టులు సురక్షితంగా ఉన్నాయని నివేదించబడింది,YES,
1787942764172,Redmi Note 9 Pro,12,te,vakyansh_telugu_base.int8.onnx,int8,te_01_normal,4.28,CLEAN,3,WARM,1108,0.259,33.33,9.68,471.80,471.80,అన్ని పెట్రోలించచే పోస్టులు సురక్షితంగా ఉన్నాయని నివేదించబడింది,అన్ని పెట్రోలింగ్ చెక్‌పోస్టులు సురక్షితంగా ఉన్నాయని నివేదించబడింది,YES,
1787942764561,Redmi Note 9 Pro,12,te,vakyansh_telugu_base.int8.onnx,int8,te_02_short,1.04,CLEAN,1,WARM,299,0.287,50.00,11.11,472.26,472.26,రోజార్ బేస్,రోజర్ బేస్,NO,
1787942764875,Redmi Note 9 Pro,12,te,vakyansh_telugu_base.int8.onnx,int8,te_02_short,1.04,CLEAN,2,WARM,238,0.228,50.00,11.11,472.27,472.27,రోజార్ బేస్,రోజర్ బేస్,NO,
1787942765186,Redmi Note 9 Pro,12,te,vakyansh_telugu_base.int8.onnx,int8,te_02_short,1.04,CLEAN,3,WARM,237,0.228,50.00,11.11,472.38,472.38,రోజార్ బేస్,రోజర్ బేస్,NO,
1787942766833,Redmi Note 9 Pro,12,te,vakyansh_telugu_base.int8.onnx,int8,te_03_long,6.69,CLEAN,1,WARM,1539,0.230,0.00,0.00,525.20,525.20,మా బృందం పశ్చిమ రహదారి గుండా జంక్షన్ ఏడు వైపు సాధారణ నిబంధనల ప్రకారం ముందుకు సాగుతోంది,మా బృందం పశ్చిమ రహదారి గుండా జంక్షన్ ఏడు వైపు సాధారణ నిబంధనల ప్రకారం ముందుకు సాగుతోంది,YES,
1787942768518,Redmi Note 9 Pro,12,te,vakyansh_telugu_base.int8.onnx,int8,te_03_long,6.69,CLEAN,2,WARM,1589,0.238,0.00,0.00,609.85,609.85,మా బృందం పశ్చిమ రహదారి గుండా జంక్షన్ ఏడు వైపు సాధారణ నిబంధనల ప్రకారం ముందుకు సాగుతోంది,మా బృందం పశ్చిమ రహదారి గుండా జంక్షన్ ఏడు వైపు సాధారణ నిబంధనల ప్రకారం ముందుకు సాగుతోంది,YES,
1787942770069,Redmi Note 9 Pro,12,te,vakyansh_telugu_base.int8.onnx,int8,te_03_long,6.69,CLEAN,3,WARM,1463,0.219,0.00,0.00,608.24,608.24,మా బృందం పశ్చిమ రహదారి గుండా జంక్షన్ ఏడు వైపు సాధారణ నిబంధనల ప్రకారం ముందుకు సాగుతోంది,మా బృందం పశ్చిమ రహదారి గుండా జంక్షన్ ఏడు వైపు సాధారణ నిబంధనల ప్రకారం ముందుకు సాగుతోంది,YES,
1787942771312,Redmi Note 9 Pro,12,te,vakyansh_telugu_base.int8.onnx,int8,te_04_numbers,5.33,CLEAN,1,WARM,1150,0.216,18.18,3.23,625.75,625.75,బృందంలో పన్నెండు మంది సభ్యులు ఉన్నారు మరియు బ్యటరీ డెబ్బై్ ఐదు శాతం ఉంది,బృందంలో పన్నెండు మంది సభ్యులు ఉన్నారు మరియు బ్యాటరీ డెబ్బై ఐదు శాతం ఉంది,YES,
1787942772540,Redmi Note 9 Pro,12,te,vakyansh_telugu_base.int8.onnx,int8,te_04_numbers,5.33,CLEAN,2,WARM,1143,0.215,18.18,3.23,624.67,625.79,బృందంలో పన్నెండు మంది సభ్యులు ఉన్నారు మరియు బ్యటరీ డెబ్బై్ ఐదు శాతం ఉంది,బృందంలో పన్నెండు మంది సభ్యులు ఉన్నారు మరియు బ్యాటరీ డెబ్బై ఐదు శాతం ఉంది,YES,
1787942773762,Redmi Note 9 Pro,12,te,vakyansh_telugu_base.int8.onnx,int8,te_04_numbers,5.33,CLEAN,3,WARM,1140,0.214,18.18,3.23,625.47,625.47,బృందంలో పన్నెండు మంది సభ్యులు ఉన్నారు మరియు బ్యటరీ డెబ్బై్ ఐదు శాతం ఉంది,బృందంలో పన్నెండు మంది సభ్యులు ఉన్నారు మరియు బ్యాటరీ డెబ్బై ఐదు శాతం ఉంది,YES,
1787942774769,Redmi Note 9 Pro,12,te,vakyansh_telugu_base.int8.onnx,int8,te_05_location,4.31,CLEAN,1,WARM,916,0.213,22.22,4.00,623.93,625.92,స్టేషన్ ఆల్ఫా ప్రధాన ద్వారం నుండి యాబై మీటర్ల ఉత్తరన ఉంది,స్టేషన్ ఆల్ఫా ప్రధాన ద్వారం నుండి యాభై మీటర్ల ఉత్తరాన ఉంది,YES,
1787942775776,Redmi Note 9 Pro,12,te,vakyansh_telugu_base.int8.onnx,int8,te_05_location,4.31,CLEAN,2,WARM,914,0.212,22.22,4.00,624.60,624.60,స్టేషన్ ఆల్ఫా ప్రధాన ద్వారం నుండి యాబై మీటర్ల ఉత్తరన ఉంది,స్టేషన్ ఆల్ఫా ప్రధాన ద్వారం నుండి యాభై మీటర్ల ఉత్తరాన ఉంది,YES,
1787942776781,Redmi Note 9 Pro,12,te,vakyansh_telugu_base.int8.onnx,int8,te_05_location,4.31,CLEAN,3,WARM,918,0.213,22.22,4.00,625.24,625.24,స్టేషన్ ఆల్ఫా ప్రధాన ద్వారం నుండి యాబై మీటర్ల ఉత్తరన ఉంది,స్టేషన్ ఆల్ఫా ప్రధాన ద్వారం నుండి యాభై మీటర్ల ఉత్తరాన ఉంది,YES,
1787942777788,Redmi Note 9 Pro,12,te,vakyansh_telugu_base.int8.onnx,int8,te_06_emergency,4.18,CLEAN,1,WARM,899,0.215,14.29,2.17,626.24,626.24,అత్యవసర హెచ్చరిక సెక్టర్ నాలుగులో తక్షణ సహాయం అవసరం,అత్యవసర హెచ్చరిక సెక్టార్ నాలుగులో తక్షణ సహాయం అవసరం,YES,
1787942778770,Redmi Note 9 Pro,12,te,vakyansh_telugu_base.int8.onnx,int8,te_06_emergency,4.18,CLEAN,2,WARM,895,0.214,14.29,2.17,626.86,626.86,అత్యవసర హెచ్చరిక సెక్టర్ నాలుగులో తక్షణ సహాయం అవసరం,అత్యవసర హెచ్చరిక సెక్టార్ నాలుగులో తక్షణ సహాయం అవసరం,YES,
1787942779791,Redmi Note 9 Pro,12,te,vakyansh_telugu_base.int8.onnx,int8,te_06_emergency,4.18,CLEAN,3,WARM,936,0.224,14.29,2.17,624.85,626.90,అత్యవసర హెచ్చరిక సెక్టర్ నాలుగులో తక్షణ సహాయం అవసరం,అత్యవసర హెచ్చరిక సెక్టార్ నాలుగులో తక్షణ సహాయం అవసరం,YES,
1787942780519,Redmi Note 9 Pro,12,te,vakyansh_telugu_base.int8.onnx,int8,te_07_radio,2.87,CLEAN,1,WARM,634,0.221,33.33,0.00,625.55,625.55,రేడియో చెక్నా మాటలు వినిపిస్తున్నాయా ఓవర్,రేడియో చెక్ నా మాటలు వినిపిస్తున్నాయా ఓవర్,YES,
1787942781257,Redmi Note 9 Pro,12,te,vakyansh_telugu_base.int8.onnx,int8,te_07_radio,2.87,CLEAN,2,WARM,633,0.220,33.33,0.00,626.01,626.01,రేడియో చెక్నా మాటలు వినిపిస్తున్నాయా ఓవర్,రేడియో చెక్ నా మాటలు వినిపిస్తున్నాయా ఓవర్,YES,
1787942781986,Redmi Note 9 Pro,12,te,vakyansh_telugu_base.int8.onnx,int8,te_07_radio,2.87,CLEAN,3,WARM,634,0.221,33.33,0.00,626.45,626.45,రేడియో చెక్నా మాటలు వినిపిస్తున్నాయా ఓవర్,రేడియో చెక్ నా మాటలు వినిపిస్తున్నాయా ఓవర్,YES,
1787942782889,Redmi Note 9 Pro,12,te,vakyansh_telugu_base.int8.onnx,int8,te_08_punct,3.67,CLEAN,1,WARM,815,0.222,14.29,2.63,624.02,626.88,అక్కడే ఉండండి పదుపరి ఆదేశాల కోసం వేచి ఉండండి,అక్కడే ఉండండి తదుపరి ఆదేశాల కోసం వేచి ఉండండి,YES,
1787942783790,Redmi Note 9 Pro,12,te,vakyansh_telugu_base.int8.onnx,int8,te_08_punct,3.67,CLEAN,2,WARM,818,0.223,14.29,2.63,624.54,624.54,అక్కడే ఉండండి పదుపరి ఆదేశాల కోసం వేచి ఉండండి,అక్కడే ఉండండి తదుపరి ఆదేశాల కోసం వేచి ఉండండి,YES,
1787942784700,Redmi Note 9 Pro,12,te,vakyansh_telugu_base.int8.onnx,int8,te_08_punct,3.67,CLEAN,3,WARM,828,0.226,14.29,2.63,625.09,625.09,అక్కడే ఉండండి పదుపరి ఆదేశాల కోసం వేచి ఉండండి,అక్కడే ఉండండి తదుపరి ఆదేశాల కోసం వేచి ఉండండి,YES,
1787942785631,Redmi Note 9 Pro,12,te,vakyansh_telugu_base.int8.onnx,int8,te_09_proper_nouns,3.63,CLEAN,1,WARM,820,0.226,37.50,6.82,625.97,625.97,టీం్ లేడర్ విక్రమ్ బేస్ వద్ద కెప్టెన్ సర్మను కలవండి,టీమ్ లీడర్ విక్రమ్ బేస్ వద్ద కెప్టెన్ శర్మను కలవండి,NO,
1787942786540,Redmi Note 9 Pro,12,te,vakyansh_telugu_base.int8.onnx,int8,te_09_proper_nouns,3.63,CLEAN,2,WARM,822,0.227,37.50,6.82,626.51,626.51,టీం్ లేడర్ విక్రమ్ బేస్ వద్ద కెప్టెన్ సర్మను కలవండి,టీమ్ లీడర్ విక్రమ్ బేస్ వద్ద కెప్టెన్ శర్మను కలవండి,NO,
1787942787449,Redmi Note 9 Pro,12,te,vakyansh_telugu_base.int8.onnx,int8,te_09_proper_nouns,3.63,CLEAN,3,WARM,823,0.227,37.50,6.82,624.36,626.55,టీం్ లేడర్ విక్రమ్ బేస్ వద్ద కెప్టెన్ సర్మను కలవండి,టీమ్ లీడర్ విక్రమ్ బేస్ వద్ద కెప్టెన్ శర్మను కలవండి,NO,
1787942788370,Redmi Note 9 Pro,12,te,vakyansh_telugu_base.int8.onnx,int8,te_10_fast,3.64,CLEAN,1,WARM,827,0.227,0.00,0.00,625.23,625.23,త్వరిత సమాచారం బృందం ఇప్పుడు పరిధిలోకి ప్రవేశిస్తోంది,త్వరిత సమాచారం బృందం ఇప్పుడు పరిధిలోకి ప్రవేశిస్తోంది,YES,
1787942789302,Redmi Note 9 Pro,12,te,vakyansh_telugu_base.int8.onnx,int8,te_10_fast,3.64,CLEAN,2,WARM,844,0.232,0.00,0.00,625.79,625.79,త్వరిత సమాచారం బృందం ఇప్పుడు పరిధిలోకి ప్రవేశిస్తోంది,త్వరిత సమాచారం బృందం ఇప్పుడు పరిధిలోకి ప్రవేశిస్తోంది,YES,
1787942790242,Redmi Note 9 Pro,12,te,vakyansh_telugu_base.int8.onnx,int8,te_10_fast,3.64,CLEAN,3,WARM,853,0.234,0.00,0.00,626.33,626.33,త్వరిత సమాచారం బృందం ఇప్పుడు పరిధిలోకి ప్రవేశిస్తోంది,త్వరిత సమాచారం బృందం ఇప్పుడు పరిధిలోకి ప్రవేశిస్తోంది,YES,
1787942791312,Redmi Note 9 Pro,12,te,vakyansh_telugu_base.int8.onnx,int8,te_11_tactical_1,4.02,CLEAN,1,WARM,950,0.236,14.29,3.92,627.31,627.31,రెడ్ అలర్ అన్ని బృందాలు సురక్షిత ప్రాంతానికి చేరుకోవాలి,రెడ్ అలర్ట్ అన్ని బృందాలు సురక్షిత ప్రాంతానికి చేరుకోవాలి,YES,
1787942792361,Redmi Note 9 Pro,12,te,vakyansh_telugu_base.int8.onnx,int8,te_11_tactical_1,4.02,CLEAN,2,WARM,956,0.238,14.29,3.92,623.91,627.41,రెడ్ అలర్ అన్ని బృందాలు సురక్షిత ప్రాంతానికి చేరుకోవాలి,రెడ్ అలర్ట్ అన్ని బృందాలు సురక్షిత ప్రాంతానికి చేరుకోవాలి,YES,
1787942793402,Redmi Note 9 Pro,12,te,vakyansh_telugu_base.int8.onnx,int8,te_11_tactical_1,4.02,CLEAN,3,WARM,952,0.237,14.29,3.92,624.48,624.48,రెడ్ అలర్ అన్ని బృందాలు సురక్షిత ప్రాంతానికి చేరుకోవాలి,రెడ్ అలర్ట్ అన్ని బృందాలు సురక్షిత ప్రాంతానికి చేరుకోవాలి,YES,
1787942794248,Redmi Note 9 Pro,12,te,vakyansh_telugu_base.int8.onnx,int8,te_12_tactical_2,3.06,CLEAN,1,WARM,741,0.242,0.00,0.00,625.23,625.23,వైద్య బృందాన్ని సెక్టార్ తొమ్మిదికి పంపారు,వైద్య బృందాన్ని సెక్టార్ తొమ్మిదికి పంపారు,YES,
1787942795095,Redmi Note 9 Pro,12,te,vakyansh_telugu_base.int8.onnx,int8,te_12_tactical_2,3.06,CLEAN,2,WARM,751,0.245,0.00,0.00,625.69,625.69,వైద్య బృందాన్ని సెక్టార్ తొమ్మిదికి పంపారు,వైద్య బృందాన్ని సెక్టార్ తొమ్మిదికి పంపారు,YES,
1787942795944,Redmi Note 9 Pro,12,te,vakyansh_telugu_base.int8.onnx,int8,te_12_tactical_2,3.06,CLEAN,3,WARM,750,0.245,0.00,0.00,624.07,625.73,వైద్య బృందాన్ని సెక్టార్ తొమ్మిదికి పంపారు,వైద్య బృందాన్ని సెక్టార్ తొమ్మిదికి పంపారు,YES,
1787942796958,Redmi Note 9 Pro,12,te,vakyansh_telugu_base.int8.onnx,int8,te_13_tactical_3,3.63,CLEAN,1,WARM,889,0.245,14.29,2.70,625.00,625.00,ఆక్సిజన్ స్థాయి నలబై శాతం వెంటనే బయటకు రండి,ఆక్సిజన్ స్థాయి నలభై శాతం వెంటనే బయటకు రండి,YES,
1787942797934,Redmi Note 9 Pro,12,te,vakyansh_telugu_base.int8.onnx,int8,te_13_tactical_3,3.63,CLEAN,2,WARM,884,0.243,14.29,2.70,625.53,625.53,ఆక్సిజన్ స్థాయి నలబై శాతం వెంటనే బయటకు రండి,ఆక్సిజన్ స్థాయి నలభై శాతం వెంటనే బయటకు రండి,YES,
1787942798913,Redmi Note 9 Pro,12,te,vakyansh_telugu_base.int8.onnx,int8,te_13_tactical_3,3.63,CLEAN,3,WARM,884,0.243,14.29,2.70,626.08,626.08,ఆక్సిజన్ స్థాయి నలబై శాతం వెంటనే బయటకు రండి,ఆక్సిజన్ స్థాయి నలభై శాతం వెంటనే బయటకు రండి,YES,
1787942799681,Redmi Note 9 Pro,12,te,vakyansh_telugu_base.int8.onnx,int8,te_14_tactical_4,2.87,CLEAN,1,WARM,673,0.234,20.00,2.78,623.95,626.43,గిడ్డంగి రెండిలో దట్టమైన పొగ కనిపించింది,గిడ్డంగి రెండులో దట్టమైన పొగ కనిపించింది,YES,
1787942800441,Redmi Note 9 Pro,12,te,vakyansh_telugu_base.int8.onnx,int8,te_14_tactical_4,2.87,CLEAN,2,WARM,673,0.234,20.00,2.78,624.39,624.39,గిడ్డంగి రెండిలో దట్టమైన పొగ కనిపించింది,గిడ్డంగి రెండులో దట్టమైన పొగ కనిపించింది,YES,
1787942801202,Redmi Note 9 Pro,12,te,vakyansh_telugu_base.int8.onnx,int8,te_14_tactical_4,2.87,CLEAN,3,WARM,673,0.234,20.00,2.78,624.81,624.81,గిడ్డంగి రెండిలో దట్టమైన పొగ కనిపించింది,గిడ్డంగి రెండులో దట్టమైన పొగ కనిపించింది,YES,
1787942802071,Redmi Note 9 Pro,12,te,vakyansh_telugu_base.int8.onnx,int8,te_15_tactical_5,3.26,CLEAN,1,WARM,774,0.238,20.00,2.94,625.61,625.61,సరిహద్దు కంచి వద్ద అనుమానాస్పద కదలికలు,సరిహద్దు కంచె వద్ద అనుమానాస్పద కదలికలు,YES,
1787942802931,Redmi Note 9 Pro,12,te,vakyansh_telugu_base.int8.onnx,int8,te_15_tactical_5,3.26,CLEAN,2,WARM,775,0.238,20.00,2.94,626.14,626.14,సరిహద్దు కంచి వద్ద అనుమానాస్పద కదలికలు,సరిహద్దు కంచె వద్ద అనుమానాస్పద కదలికలు,YES,
1787942803790,Redmi Note 9 Pro,12,te,vakyansh_telugu_base.int8.onnx,int8,te_15_tactical_5,3.26,CLEAN,3,WARM,771,0.237,20.00,2.94,626.77,626.77,సరిహద్దు కంచి వద్ద అనుమానాస్పద కదలికలు,సరిహద్దు కంచె వద్ద అనుమానాస్పద కదలికలు,YES,
1787942804888,Redmi Note 9 Pro,12,te,vakyansh_telugu_base.int8.onnx,int8,te_16_coords_1,4.39,CLEAN,1,WARM,1003,0.228,55.56,13.46,624.98,624.98,అక్ష అంసం పన్నెండు పాయింట్ ఐదు రేకంసం డెబ్బఏేడు పాయింట్ ఆరు,అక్షాంశం పన్నెండు పాయింట్ ఐదు రేఖాంశం డెబ్బై ఏడు పాయింట్ ఆరు,NO,
1787942805978,Redmi Note 9 Pro,12,te,vakyansh_telugu_base.int8.onnx,int8,te_16_coords_1,4.39,CLEAN,2,WARM,1002,0.228,55.56,13.46,625.61,625.61,అక్ష అంసం పన్నెండు పాయింట్ ఐదు రేకంసం డెబ్బఏేడు పాయింట్ ఆరు,అక్షాంశం పన్నెండు పాయింట్ ఐదు రేఖాంశం డెబ్బై ఏడు పాయింట్ ఆరు,NO,
1787942807070,Redmi Note 9 Pro,12,te,vakyansh_telugu_base.int8.onnx,int8,te_16_coords_1,4.39,CLEAN,3,WARM,1007,0.229,55.56,13.46,626.26,626.26,అక్ష అంసం పన్నెండు పాయింట్ ఐదు రేకంసం డెబ్బఏేడు పాయింట్ ఆరు,అక్షాంశం పన్నెండు పాయింట్ ఐదు రేఖాంశం డెబ్బై ఏడు పాయింట్ ఆరు,NO,
1787942808115,Redmi Note 9 Pro,12,te,vakyansh_telugu_base.int8.onnx,int8,te_17_coords_2,2.94,CLEAN,1,WARM,943,0.321,33.33,2.63,626.99,626.99,చెక్ పాయింట్ డెల్టా ఎత్తు మూడు వందల మీటర్లు,చెక్‌పాయింట్ డెల్టా ఎత్తు మూడు వందల మీటర్లు,YES,
1787942809069,Redmi Note 9 Pro,12,te,vakyansh_telugu_base.int8.onnx,int8,te_17_coords_2,2.94,CLEAN,2,WARM,870,0.296,33.33,2.63,623.76,627.03,చెక్ పాయింట్ డెల్టా ఎత్తు మూడు వందల మీటర్లు,చెక్‌పాయింట్ డెల్టా ఎత్తు మూడు వందల మీటర్లు,YES,
1787942809798,Redmi Note 9 Pro,12,te,vakyansh_telugu_base.int8.onnx,int8,te_17_coords_2,2.94,CLEAN,3,WARM,644,0.219,33.33,2.63,624.21,624.21,చెక్ పాయింట్ డెల్టా ఎత్తు మూడు వందల మీటర్లు,చెక్‌పాయింట్ డెల్టా ఎత్తు మూడు వందల మీటర్లు,YES,
1787942810649,Redmi Note 9 Pro,12,te,vakyansh_telugu_base.int8.onnx,int8,te_18_coords_3,3.50,CLEAN,1,WARM,760,0.217,0.00,0.00,625.09,625.09,భవనం నాలుగు గది సంఖ్య ఇరవై ఎనిమిది సురక్షితం,భవనం నాలుగు గది సంఖ్య ఇరవై ఎనిమిది సురక్షితం,YES,
1787942811498,Redmi Note 9 Pro,12,te,vakyansh_telugu_base.int8.onnx,int8,te_18_coords_3,3.50,CLEAN,2,WARM,764,0.218,0.00,0.00,625.60,625.60,భవనం నాలుగు గది సంఖ్య ఇరవై ఎనిమిది సురక్షితం,భవనం నాలుగు గది సంఖ్య ఇరవై ఎనిమిది సురక్షితం,YES,
1787942812359,Redmi Note 9 Pro,12,te,vakyansh_telugu_base.int8.onnx,int8,te_18_coords_3,3.50,CLEAN,3,WARM,771,0.220,0.00,0.00,626.11,626.11,భవనం నాలుగు గది సంఖ్య ఇరవై ఎనిమిది సురక్షితం,భవనం నాలుగు గది సంఖ్య ఇరవై ఎనిమిది సురక్షితం,YES,
1787942813262,Redmi Note 9 Pro,12,te,vakyansh_telugu_base.int8.onnx,int8,te_19_coords_4,3.67,CLEAN,1,WARM,817,0.222,0.00,0.00,624.80,626.60,వేగం ముప్పై కిలోమీటర్లు గంటకు దక్షిణం వైపు,వేగం ముప్పై కిలోమీటర్లు గంటకు దక్షిణం వైపు,YES,
1787942814286,Redmi Note 9 Pro,12,te,vakyansh_telugu_base.int8.onnx,int8,te_19_coords_4,3.67,CLEAN,2,WARM,929,0.253,0.00,0.00,625.34,625.34,వేగం ముప్పై కిలోమీటర్లు గంటకు దక్షిణం వైపు,వేగం ముప్పై కిలోమీటర్లు గంటకు దక్షిణం వైపు,YES,
1787942815204,Redmi Note 9 Pro,12,te,vakyansh_telugu_base.int8.onnx,int8,te_19_coords_4,3.67,CLEAN,3,WARM,830,0.226,0.00,0.00,625.93,625.93,వేగం ముప్పై కిలోమీటర్లు గంటకు దక్షిణం వైపు,వేగం ముప్పై కిలోమీటర్లు గంటకు దక్షిణం వైపు,YES,
1787942815902,Redmi Note 9 Pro,12,te,vakyansh_telugu_base.int8.onnx,int8,te_20_coords_5,2.66,CLEAN,1,WARM,602,0.226,50.00,11.54,626.58,626.58,రిలెట్ వర్ ఐదు సిగ్నల్ ఎనబై శాతం,రిలే టవర్ ఐదు సిగ్నల్ ఎనభై శాతం,NO,
1787942816589,Redmi Note 9 Pro,12,te,vakyansh_telugu_base.int8.onnx,int8,te_20_coords_5,2.66,CLEAN,2,WARM,604,0.227,50.00,11.54,623.74,626.60,రిలెట్ వర్ ఐదు సిగ్నల్ ఎనబై శాతం,రిలే టవర్ ఐదు సిగ్నల్ ఎనభై శాతం,NO,
1787942817282,Redmi Note 9 Pro,12,te,vakyansh_telugu_base.int8.onnx,int8,te_20_coords_5,2.66,CLEAN,3,WARM,603,0.227,50.00,11.54,624.15,624.15,రిలెట్ వర్ ఐదు సిగ్నల్ ఎనబై శాతం,రిలే టవర్ ఐదు సిగ్నల్ ఎనభై శాతం,NO,
1787942819998,Redmi Note 9 Pro,12,te,vakyansh_telugu_base.int8.onnx,int8,te_21_long_tactical_1,10.46,CLEAN,1,WARM,2602,0.249,31.58,9.40,631.27,631.27,కాన్బ ఆల్ఫా ఒకటి బేస్ బ్రావుకు నివేదిస్తుంది గ్రీట్ సమన్వయం నాలబై రెండు వద్ద పశ్చిమ సరిహద్దు కంచి దెబ్బతింది రక్షణ వైద్య సహాయం కావాలి,కాన్వాయ్ ఆల్ఫా ఒకటి బేస్ బ్రావోకు నివేదిస్తుంది గ్రిడ్ సమన్వయం నలభై రెండు వద్ద పశ్చిమ సరిహద్దు కంచె దెబ్బతింది తక్షణ వైద్య సహాయం కావాలి,YES,
1787942822765,Redmi Note 9 Pro,12,te,vakyansh_telugu_base.int8.onnx,int8,te_21_long_tactical_1,10.46,CLEAN,2,WARM,2676,0.256,31.58,9.40,696.05,696.05,కాన్బ ఆల్ఫా ఒకటి బేస్ బ్రావుకు నివేదిస్తుంది గ్రీట్ సమన్వయం నాలబై రెండు వద్ద పశ్చిమ సరిహద్దు కంచి దెబ్బతింది రక్షణ వైద్య సహాయం కావాలి,కాన్వాయ్ ఆల్ఫా ఒకటి బేస్ బ్రావోకు నివేదిస్తుంది గ్రిడ్ సమన్వయం నలభై రెండు వద్ద పశ్చిమ సరిహద్దు కంచె దెబ్బతింది తక్షణ వైద్య సహాయం కావాలి,YES,
1787942825579,Redmi Note 9 Pro,12,te,vakyansh_telugu_base.int8.onnx,int8,te_21_long_tactical_1,10.46,CLEAN,3,WARM,2718,0.260,31.58,9.40,697.57,697.57,కాన్బ ఆల్ఫా ఒకటి బేస్ బ్రావుకు నివేదిస్తుంది గ్రీట్ సమన్వయం నాలబై రెండు వద్ద పశ్చిమ సరిహద్దు కంచి దెబ్బతింది రక్షణ వైద్య సహాయం కావాలి,కాన్వాయ్ ఆల్ఫా ఒకటి బేస్ బ్రావోకు నివేదిస్తుంది గ్రిడ్ సమన్వయం నలభై రెండు వద్ద పశ్చిమ సరిహద్దు కంచె దెబ్బతింది తక్షణ వైద్య సహాయం కావాలి,YES,
1787942828090,Redmi Note 9 Pro,12,te,vakyansh_telugu_base.int8.onnx,int8,te_22_long_tactical_2,9.21,CLEAN,1,WARM,2392,0.260,31.25,6.96,713.12,713.12,స్టేషన్ డేల్టా ద్రువీకరిస్తుంది సెక్టార్ మూడులో ఆక్సిజన్ స్థాయి మొప్పై సాతానికి పడిపోయింది సిబ్బంది అంతా దక్షిణ ద్వారం వైపు వెళ్ళండి,స్టేషన్ డెల్టా ధృవీకరిస్తుంది సెక్టార్ మూడులో ఆక్సిజన్ స్థాయి ముప్పై శాతానికి పడిపోయింది సిబ్బంది అంతా దక్షిణ ద్వారం వైపు వెళ్లండి,YES,
1787942830649,Redmi Note 9 Pro,12,te,vakyansh_telugu_base.int8.onnx,int8,te_22_long_tactical_2,9.21,CLEAN,2,WARM,2450,0.266,31.25,6.96,714.48,714.48,స్టేషన్ డేల్టా ద్రువీకరిస్తుంది సెక్టార్ మూడులో ఆక్సిజన్ స్థాయి మొప్పై సాతానికి పడిపోయింది సిబ్బంది అంతా దక్షిణ ద్వారం వైపు వెళ్ళండి,స్టేషన్ డెల్టా ధృవీకరిస్తుంది సెక్టార్ మూడులో ఆక్సిజన్ స్థాయి ముప్పై శాతానికి పడిపోయింది సిబ్బంది అంతా దక్షిణ ద్వారం వైపు వెళ్లండి,YES,
1787942833224,Redmi Note 9 Pro,12,te,vakyansh_telugu_base.int8.onnx,int8,te_22_long_tactical_2,9.21,CLEAN,3,WARM,2463,0.267,31.25,6.96,711.07,714.57,స్టేషన్ డేల్టా ద్రువీకరిస్తుంది సెక్టార్ మూడులో ఆక్సిజన్ స్థాయి మొప్పై సాతానికి పడిపోయింది సిబ్బంది అంతా దక్షిణ ద్వారం వైపు వెళ్ళండి,స్టేషన్ డెల్టా ధృవీకరిస్తుంది సెక్టార్ మూడులో ఆక్సిజన్ స్థాయి ముప్పై శాతానికి పడిపోయింది సిబ్బంది అంతా దక్షిణ ద్వారం వైపు వెళ్లండి,YES,
1787942835780,Redmi Note 9 Pro,12,te,vakyansh_telugu_base.int8.onnx,int8,te_23_long_tactical_3,8.62,CLEAN,1,WARM,2429,0.282,12.50,4.00,713.15,713.15,సోధన మరియు సహాయక బృందం పన్నెండు వరద ప్రాంతాల్లోకి చేరుకుంటుంది నీటి మట్టం రెండు మీటర్లు పెరిగింది పడవలు సిద్ధం చేశాము,శోధన మరియు సహాయక బృందం పన్నెండు వరద ప్రాంతంలోకి చేరుకుంటుంది నీటి మట్టం రెండు మీటర్లు పెరిగింది పడవలు సిద్ధం చేశాము,YES,
1787942838377,Redmi Note 9 Pro,12,te,vakyansh_telugu_base.int8.onnx,int8,te_23_long_tactical_3,8.62,CLEAN,2,WARM,2473,0.287,12.50,4.00,714.42,714.42,సోధన మరియు సహాయక బృందం పన్నెండు వరద ప్రాంతాల్లోకి చేరుకుంటుంది నీటి మట్టం రెండు మీటర్లు పెరిగింది పడవలు సిద్ధం చేశాము,శోధన మరియు సహాయక బృందం పన్నెండు వరద ప్రాంతంలోకి చేరుకుంటుంది నీటి మట్టం రెండు మీటర్లు పెరిగింది పడవలు సిద్ధం చేశాము,YES,
1787942840841,Redmi Note 9 Pro,12,te,vakyansh_telugu_base.int8.onnx,int8,te_23_long_tactical_3,8.62,CLEAN,3,WARM,2351,0.273,12.50,4.00,712.75,714.50,సోధన మరియు సహాయక బృందం పన్నెండు వరద ప్రాంతాల్లోకి చేరుకుంటుంది నీటి మట్టం రెండు మీటర్లు పెరిగింది పడవలు సిద్ధం చేశాము,శోధన మరియు సహాయక బృందం పన్నెండు వరద ప్రాంతంలోకి చేరుకుంటుంది నీటి మట్టం రెండు మీటర్లు పెరిగింది పడవలు సిద్ధం చేశాము,YES,
1787942843464,Redmi Note 9 Pro,12,te,vakyansh_telugu_base.int8.onnx,int8,te_24_long_tactical_4,9.35,CLEAN,1,WARM,2496,0.267,18.75,0.91,712.84,713.70,అత్యవసర హెచ్చరిక తీర ప్రాంత సెక్టర్ ఏడులో తీవ్రమైన తుఫాను వస్తుంది గాలి వేగం గంటకు డెబ్బై కిలోమీటర్లు అందరూ జాగ్రత్తగా ఉండండి,అత్యవసర హెచ్చరిక తీరప్రాంత సెక్టార్ ఏడులో తీవ్రమైన తుఫాను వస్తుంది గాలి వేగం గంటకు డెబ్బై కిలోమీటర్లు అందరూ జాగ్రత్తగా ఉండండి,YES,
1787942845988,Redmi Note 9 Pro,12,te,vakyansh_telugu_base.int8.onnx,int8,te_24_long_tactical_4,9.35,CLEAN,2,WARM,2424,0.259,18.75,0.91,714.23,714.23,అత్యవసర హెచ్చరిక తీర ప్రాంత సెక్టర్ ఏడులో తీవ్రమైన తుఫాను వస్తుంది గాలి వేగం గంటకు డెబ్బై కిలోమీటర్లు అందరూ జాగ్రత్తగా ఉండండి,అత్యవసర హెచ్చరిక తీరప్రాంత సెక్టార్ ఏడులో తీవ్రమైన తుఫాను వస్తుంది గాలి వేగం గంటకు డెబ్బై కిలోమీటర్లు అందరూ జాగ్రత్తగా ఉండండి,YES,
1787942848519,Redmi Note 9 Pro,12,te,vakyansh_telugu_base.int8.onnx,int8,te_24_long_tactical_4,9.35,CLEAN,3,WARM,2427,0.259,18.75,0.91,715.61,715.61,అత్యవసర హెచ్చరిక తీర ప్రాంత సెక్టర్ ఏడులో తీవ్రమైన తుఫాను వస్తుంది గాలి వేగం గంటకు డెబ్బై కిలోమీటర్లు అందరూ జాగ్రత్తగా ఉండండి,అత్యవసర హెచ్చరిక తీరప్రాంత సెక్టార్ ఏడులో తీవ్రమైన తుఫాను వస్తుంది గాలి వేగం గంటకు డెబ్బై కిలోమీటర్లు అందరూ జాగ్రత్తగా ఉండండి,YES,
1787942850696,Redmi Note 9 Pro,12,te,vakyansh_telugu_base.int8.onnx,int8,te_25_long_tactical_5,8.29,CLEAN,1,WARM,2047,0.247,7.14,1.80,714.74,716.59,కామాంట్ సెంటర్ పెట్రోలింగ్ బృందాలకు పశ్చిమ రహదారి జంక్షన్ నాలుగు వద్దకు చేరుకోవాలని రేడియో సంప్రదింపుల్లో ఉండాలని ఆదేశించింది,కమాండ్ సెంటర్ పెట్రోలింగ్ బృందాలకు పశ్చిమ రహదారి జంక్షన్ నాలుగు వద్దకు చేరుకోవాలని రేడియో సంప్రదింపుల్లో ఉండాలని ఆదేశించింది,YES,
1787942852827,Redmi Note 9 Pro,12,te,vakyansh_telugu_base.int8.onnx,int8,te_25_long_tactical_5,8.29,CLEAN,2,WARM,2031,0.245,7.14,1.80,715.96,715.96,కామాంట్ సెంటర్ పెట్రోలింగ్ బృందాలకు పశ్చిమ రహదారి జంక్షన్ నాలుగు వద్దకు చేరుకోవాలని రేడియో సంప్రదింపుల్లో ఉండాలని ఆదేశించింది,కమాండ్ సెంటర్ పెట్రోలింగ్ బృందాలకు పశ్చిమ రహదారి జంక్షన్ నాలుగు వద్దకు చేరుకోవాలని రేడియో సంప్రదింపుల్లో ఉండాలని ఆదేశించింది,YES,
1787942854913,Redmi Note 9 Pro,12,te,vakyansh_telugu_base.int8.onnx,int8,te_25_long_tactical_5,8.29,CLEAN,3,WARM,1993,0.240,7.14,1.80,712.61,716.05,కామాంట్ సెంటర్ పెట్రోలింగ్ బృందాలకు పశ్చిమ రహదారి జంక్షన్ నాలుగు వద్దకు చేరుకోవాలని రేడియో సంప్రదింపుల్లో ఉండాలని ఆదేశించింది,కమాండ్ సెంటర్ పెట్రోలింగ్ బృందాలకు పశ్చిమ రహదారి జంక్షన్ నాలుగు వద్దకు చేరుకోవాలని రేడియో సంప్రదింపుల్లో ఉండాలని ఆదేశించింది,YES,
1787942856627,Redmi Note 9 Pro,12,te,vakyansh_telugu_base.int8.onnx,int8,te_26_long_tactical_6,6.83,CLEAN,1,WARM,1610,0.236,7.69,1.05,714.33,716.47,వైద్య సామాగ్రి కాన్వాయ్ తొమ్మిదివ శిబిరానికి చేరుకుంది ఆహారం మరియు ప్రాథమ చికిత్స కిట్లు పంపిణీ ప్రారంభమైంది,వైద్య సామాగ్రి కాన్వాయ్ తొమ్మిదివ శిబిరానికి చేరుకుంది ఆహారం మరియు ప్రథమ చికిత్స కిట్లు పంపిణీ ప్రారంభమైంది,YES,
1787942858326,Redmi Note 9 Pro,12,te,vakyansh_telugu_base.int8.onnx,int8,te_26_long_tactical_6,6.83,CLEAN,2,WARM,1602,0.235,7.69,1.05,715.34,715.34,వైద్య సామాగ్రి కాన్వాయ్ తొమ్మిదివ శిబిరానికి చేరుకుంది ఆహారం మరియు ప్రాథమ చికిత్స కిట్లు పంపిణీ ప్రారంభమైంది,వైద్య సామాగ్రి కాన్వాయ్ తొమ్మిదివ శిబిరానికి చేరుకుంది ఆహారం మరియు ప్రథమ చికిత్స కిట్లు పంపిణీ ప్రారంభమైంది,YES,
1787942860205,Redmi Note 9 Pro,12,te,vakyansh_telugu_base.int8.onnx,int8,te_26_long_tactical_6,6.83,CLEAN,3,WARM,1790,0.262,7.69,1.05,716.50,716.50,వైద్య సామాగ్రి కాన్వాయ్ తొమ్మిదివ శిబిరానికి చేరుకుంది ఆహారం మరియు ప్రాథమ చికిత్స కిట్లు పంపిణీ ప్రారంభమైంది,వైద్య సామాగ్రి కాన్వాయ్ తొమ్మిదివ శిబిరానికి చేరుకుంది ఆహారం మరియు ప్రథమ చికిత్స కిట్లు పంపిణీ ప్రారంభమైంది,YES,
1787942862055,Redmi Note 9 Pro,12,te,vakyansh_telugu_base.int8.onnx,int8,te_27_long_tactical_7,7.12,CLEAN,1,WARM,1745,0.245,16.67,0.00,714.82,714.82,రిలేటవర్ మూడు వద్ద విద్యుత్ నిలిచిపోయిందని బృందం తెలిపింది జనరేటర్లు ప్రారంభించి కమ్యూనికేషన్ పునరుద్ధరించాము,రిలే టవర్ మూడు వద్ద విద్యుత్ నిలిచిపోయిందని బృందం తెలిపింది జనరేటర్లు ప్రారంభించి కమ్యూనికేషన్ పునరుద్ధరించాము,YES,
1787942863902,Redmi Note 9 Pro,12,te,vakyansh_telugu_base.int8.onnx,int8,te_27_long_tactical_7,7.12,CLEAN,2,WARM,1741,0.244,16.67,0.00,715.86,715.86,రిలేటవర్ మూడు వద్ద విద్యుత్ నిలిచిపోయిందని బృందం తెలిపింది జనరేటర్లు ప్రారంభించి కమ్యూనికేషన్ పునరుద్ధరించాము,రిలే టవర్ మూడు వద్ద విద్యుత్ నిలిచిపోయిందని బృందం తెలిపింది జనరేటర్లు ప్రారంభించి కమ్యూనికేషన్ పునరుద్ధరించాము,YES,
1787942865811,Redmi Note 9 Pro,12,te,vakyansh_telugu_base.int8.onnx,int8,te_27_long_tactical_7,7.12,CLEAN,3,WARM,1802,0.253,16.67,0.00,712.45,715.95,రిలేటవర్ మూడు వద్ద విద్యుత్ నిలిచిపోయిందని బృందం తెలిపింది జనరేటర్లు ప్రారంభించి కమ్యూనికేషన్ పునరుద్ధరించాము,రిలే టవర్ మూడు వద్ద విద్యుత్ నిలిచిపోయిందని బృందం తెలిపింది జనరేటర్లు ప్రారంభించి కమ్యూనికేషన్ పునరుద్ధరించాము,YES,
1787942867860,Redmi Note 9 Pro,12,te,vakyansh_telugu_base.int8.onnx,int8,te_28_long_tactical_8,7.64,CLEAN,1,WARM,1930,0.253,33.33,7.69,714.29,714.29,బృందం బావు అడవీ మార్గం కుండా పాయింట్ ఐదు వైపు కదులుతోంది ఎలాంటి అనుమానాస్పర కదిలికలు లేవు అంతా సురక్షితం,బృందం బ్రావో అటవీ మార్గం గుండా పాయింట్ ఐదు వైపు కదులుతోంది ఎలాంటి అనుమానాస్పద కదలికలు లేవు అంతా సురక్షితం,YES,
1787942869844,Redmi Note 9 Pro,12,te,vakyansh_telugu_base.int8.onnx,int8,te_28_long_tactical_8,7.64,CLEAN,2,WARM,1887,0.247,33.33,7.69,715.42,715.42,బృందం బావు అడవీ మార్గం కుండా పాయింట్ ఐదు వైపు కదులుతోంది ఎలాంటి అనుమానాస్పర కదిలికలు లేవు అంతా సురక్షితం,బృందం బ్రావో అటవీ మార్గం గుండా పాయింట్ ఐదు వైపు కదులుతోంది ఎలాంటి అనుమానాస్పద కదలికలు లేవు అంతా సురక్షితం,YES,
1787942871785,Redmi Note 9 Pro,12,te,vakyansh_telugu_base.int8.onnx,int8,te_28_long_tactical_8,7.64,CLEAN,3,WARM,1850,0.242,33.33,7.69,713.99,715.50,బృందం బావు అడవీ మార్గం కుండా పాయింట్ ఐదు వైపు కదులుతోంది ఎలాంటి అనుమానాస్పర కదిలికలు లేవు అంతా సురక్షితం,బృందం బ్రావో అటవీ మార్గం గుండా పాయింట్ ఐదు వైపు కదులుతోంది ఎలాంటి అనుమానాస్పద కదలికలు లేవు అంతా సురక్షితం,YES,
1787942873839,Redmi Note 9 Pro,12,te,vakyansh_telugu_base.int8.onnx,int8,te_29_long_tactical_9,7.92,CLEAN,1,WARM,1947,0.246,6.67,1.02,712.60,714.79,నదిపై ఉన్న వంతెన భారీ వాహనలకు సురక్షితం కాదని ఇంజనీరింగ్ బృందం తెలిపింది ట్రాఫిక్ మొత్తం తూర్పు వైపు మళ్లించాము,నదిపై ఉన్న వంతెన భారీ వాహనాలకు సురక్షితం కాదని ఇంజనీరింగ్ బృందం తెలిపింది ట్రాఫిక్ మొత్తం తూర్పు వైపు మళ్లించాము,YES,
1787942875959,Redmi Note 9 Pro,12,te,vakyansh_telugu_base.int8.onnx,int8,te_29_long_tactical_9,7.92,CLEAN,2,WARM,2019,0.255,6.67,1.02,713.79,713.79,నదిపై ఉన్న వంతెన భారీ వాహనలకు సురక్షితం కాదని ఇంజనీరింగ్ బృందం తెలిపింది ట్రాఫిక్ మొత్తం తూర్పు వైపు మళ్లించాము,నదిపై ఉన్న వంతెన భారీ వాహనాలకు సురక్షితం కాదని ఇంజనీరింగ్ బృందం తెలిపింది ట్రాఫిక్ మొత్తం తూర్పు వైపు మళ్లించాము,YES,
1787942878082,Redmi Note 9 Pro,12,te,vakyansh_telugu_base.int8.onnx,int8,te_29_long_tactical_9,7.92,CLEAN,3,WARM,2011,0.254,6.67,1.02,714.93,714.93,నదిపై ఉన్న వంతెన భారీ వాహనలకు సురక్షితం కాదని ఇంజనీరింగ్ బృందం తెలిపింది ట్రాఫిక్ మొత్తం తూర్పు వైపు మళ్లించాము,నదిపై ఉన్న వంతెన భారీ వాహనాలకు సురక్షితం కాదని ఇంజనీరింగ్ బృందం తెలిపింది ట్రాఫిక్ మొత్తం తూర్పు వైపు మళ్లించాము,YES,
1787942880236,Redmi Note 9 Pro,12,te,vakyansh_telugu_base.int8.onnx,int8,te_30_long_tactical_10,8.11,CLEAN,1,WARM,2030,0.250,15.38,0.89,714.23,715.76,ప్రధాన చెక్ పోస్టులన్నీ సురక్షితంగా ఉన్నాయని ప్రధాన కార్యాలయం నిర్ధారించింది రాత్రి గస్తీ బృందాలు వెంటనే స్థానాలను తీసుకోండి,ప్రధాన చెక్‌పోస్టులన్నీ సురక్షితంగా ఉన్నాయని ప్రధాన కార్యాలయం నిర్ధారించింది రాత్రి గస్తీ బృందాలు వెంటనే స్థానాలను తీసుకోండి,YES,
1787942882325,Redmi Note 9 Pro,12,te,vakyansh_telugu_base.int8.onnx,int8,te_30_long_tactical_10,8.11,CLEAN,2,WARM,1995,0.246,15.38,0.89,715.42,715.42,ప్రధాన చెక్ పోస్టులన్నీ సురక్షితంగా ఉన్నాయని ప్రధాన కార్యాలయం నిర్ధారించింది రాత్రి గస్తీ బృందాలు వెంటనే స్థానాలను తీసుకోండి,ప్రధాన చెక్‌పోస్టులన్నీ సురక్షితంగా ఉన్నాయని ప్రధాన కార్యాలయం నిర్ధారించింది రాత్రి గస్తీ బృందాలు వెంటనే స్థానాలను తీసుకోండి,YES,
1787942884393,Redmi Note 9 Pro,12,te,vakyansh_telugu_base.int8.onnx,int8,te_30_long_tactical_10,8.11,CLEAN,3,WARM,1974,0.243,15.38,0.89,712.63,715.51,ప్రధాన చెక్ పోస్టులన్నీ సురక్షితంగా ఉన్నాయని ప్రధాన కార్యాలయం నిర్ధారించింది రాత్రి గస్తీ బృందాలు వెంటనే స్థానాలను తీసుకోండి,ప్రధాన చెక్‌పోస్టులన్నీ సురక్షితంగా ఉన్నాయని ప్రధాన కార్యాలయం నిర్ధారించింది రాత్రి గస్తీ బృందాలు వెంటనే స్థానాలను తీసుకోండి,YES,
1787942892218,Redmi Note 9 Pro,12,ta,vakyansh_tamil_base.int8.onnx,int8,ta_01_normal,3.05,CLEAN,1,COLD,761,0.250,0.00,0.00,450.88,450.88,அனைத்து ரோந்து சோதனைச் சாவடிகளும் பாதுகாப்பாக உள்ளன,அனைத்து ரோந்து சோதனைச் சாவடிகளும் பாதுகாப்பாக உள்ளன,YES,
1787942893335,Redmi Note 9 Pro,12,ta,vakyansh_tamil_base.int8.onnx,int8,ta_01_normal,3.05,CLEAN,2,WARM,1032,0.339,0.00,0.00,449.63,449.63,அனைத்து ரோந்து சோதனைச் சாவடிகளும் பாதுகாப்பாக உள்ளன,அனைத்து ரோந்து சோதனைச் சாவடிகளும் பாதுகாப்பாக உள்ளன,YES,
1787942894089,Redmi Note 9 Pro,12,ta,vakyansh_tamil_base.int8.onnx,int8,ta_01_normal,3.05,CLEAN,3,WARM,673,0.221,0.00,0.00,449.97,449.97,அனைத்து ரோந்து சோதனைச் சாவடிகளும் பாதுகாப்பாக உள்ளன,அனைத்து ரோந்து சோதனைச் சாவடிகளும் பாதுகாப்பாக உள்ளன,YES,
1787942894364,Redmi Note 9 Pro,12,ta,vakyansh_tamil_base.int8.onnx,int8,ta_02_short,0.81,CLEAN,1,WARM,193,0.237,0.00,0.00,450.53,450.53,ரோஜர் பேஸ்,ரோஜர் பேஸ்,YES,
1787942894633,Redmi Note 9 Pro,12,ta,vakyansh_tamil_base.int8.onnx,int8,ta_02_short,0.81,CLEAN,2,WARM,192,0.236,0.00,0.00,450.64,450.64,ரோஜர் பேஸ்,ரோஜர் பேஸ்,YES,
1787942894894,Redmi Note 9 Pro,12,ta,vakyansh_tamil_base.int8.onnx,int8,ta_02_short,0.81,CLEAN,3,WARM,192,0.236,0.00,0.00,450.79,450.79,ரோஜர் பேஸ்,ரோஜர் பேஸ்,YES,
1787942896192,Redmi Note 9 Pro,12,ta,vakyansh_tamil_base.int8.onnx,int8,ta_03_long,5.47,CLEAN,1,WARM,1191,0.218,9.09,3.66,498.13,498.13,எங்கள் குழு மேற்கு நெடுஞ்சாலை வழியாக சந்திப்பு ஏழு நோக்கி நிலையான நெரிமுறைகளின்படிச் செல்கிறது,எங்கள் குழு மேற்கு நெடுஞ்சாலை வழியாக சந்திப்பு ஏழு நோக்கி நிலையான நெறிமுறைகளின்படி செல்கிறது,YES,
1787942897485,Redmi Note 9 Pro,12,ta,vakyansh_tamil_base.int8.onnx,int8,ta_03_long,5.47,CLEAN,2,WARM,1187,0.217,9.09,3.66,498.88,498.88,எங்கள் குழு மேற்கு நெடுஞ்சாலை வழியாக சந்திப்பு ஏழு நோக்கி நிலையான நெரிமுறைகளின்படிச் செல்கிறது,எங்கள் குழு மேற்கு நெடுஞ்சாலை வழியாக சந்திப்பு ஏழு நோக்கி நிலையான நெறிமுறைகளின்படி செல்கிறது,YES,
1787942898741,Redmi Note 9 Pro,12,ta,vakyansh_tamil_base.int8.onnx,int8,ta_03_long,5.47,CLEAN,3,WARM,1175,0.215,9.09,3.66,497.56,498.94,எங்கள் குழு மேற்கு நெடுஞ்சாலை வழியாக சந்திப்பு ஏழு நோக்கி நிலையான நெரிமுறைகளின்படிச் செல்கிறது,எங்கள் குழு மேற்கு நெடுஞ்சாலை வழியாக சந்திப்பு ஏழு நோக்கி நிலையான நெறிமுறைகளின்படி செல்கிறது,YES,
1787942899861,Redmi Note 9 Pro,12,ta,vakyansh_tamil_base.int8.onnx,int8,ta_04_numbers,4.79,CLEAN,1,WARM,1029,0.215,44.44,6.49,501.13,501.13,குழுவில் பனிரண்டு உறுப்பினர்கள் உள்ளனர் மற்றும் வேட்டெரி எழுபத்தை ஐந்து சதவீதம் உள்ளது,குழுவில் பன்னிரண்டு உறுப்பினர்கள் உள்ளனர் மற்றும் பேட்டரி எழுபத்தைந்து சதவீதம் உள்ளது,YES,
1787942900971,Redmi Note 9 Pro,12,ta,vakyansh_tamil_base.int8.onnx,int8,ta_04_numbers,4.79,CLEAN,2,WARM,1030,0.215,44.44,6.49,501.85,501.85,குழுவில் பனிரண்டு உறுப்பினர்கள் உள்ளனர் மற்றும் வேட்டெரி எழுபத்தை ஐந்து சதவீதம் உள்ளது,குழுவில் பன்னிரண்டு உறுப்பினர்கள் உள்ளனர் மற்றும் பேட்டரி எழுபத்தைந்து சதவீதம் உள்ளது,YES,
1787942902085,Redmi Note 9 Pro,12,ta,vakyansh_tamil_base.int8.onnx,int8,ta_04_numbers,4.79,CLEAN,3,WARM,1030,0.215,44.44,6.49,502.56,502.56,குழுவில் பனிரண்டு உறுப்பினர்கள் உள்ளனர் மற்றும் வேட்டெரி எழுபத்தை ஐந்து சதவீதம் உள்ளது,குழுவில் பன்னிரண்டு உறுப்பினர்கள் உள்ளனர் மற்றும் பேட்டரி எழுபத்தைந்து சதவீதம் உள்ளது,YES,
1787942903080,Redmi Note 9 Pro,12,ta,vakyansh_tamil_base.int8.onnx,int8,ta_05_location,4.21,CLEAN,1,WARM,911,0.216,0.00,0.00,500.88,503.02,நிலையம் ஆல்பா பிரதான வாயிலில் இருந்து ஐம்பது மீட்டர் வடக்கே அமைந்துள்ளது,நிலையம் ஆல்பா பிரதான வாயிலில் இருந்து ஐம்பது மீட்டர் வடக்கே அமைந்துள்ளது,YES,
1787942904071,Redmi Note 9 Pro,12,ta,vakyansh_tamil_base.int8.onnx,int8,ta_05_location,4.21,CLEAN,2,WARM,911,0.216,0.00,0.00,501.51,501.51,நிலையம் ஆல்பா பிரதான வாயிலில் இருந்து ஐம்பது மீட்டர் வடக்கே அமைந்துள்ளது,நிலையம் ஆல்பா பிரதான வாயிலில் இருந்து ஐம்பது மீட்டர் வடக்கே அமைந்துள்ளது,YES,
1787942905091,Redmi Note 9 Pro,12,ta,vakyansh_tamil_base.int8.onnx,int8,ta_05_location,4.21,CLEAN,3,WARM,939,0.223,0.00,0.00,502.14,502.14,நிலையம் ஆல்பா பிரதான வாயிலில் இருந்து ஐம்பது மீட்டர் வடக்கே அமைந்துள்ளது,நிலையம் ஆல்பா பிரதான வாயிலில் இருந்து ஐம்பது மீட்டர் வடக்கே அமைந்துள்ளது,YES,
1787942905986,Redmi Note 9 Pro,12,ta,vakyansh_tamil_base.int8.onnx,int8,ta_06_emergency,3.74,CLEAN,1,WARM,805,0.215,0.00,0.00,503.08,503.08,அவசர எச்சரிக்கை பிரிவு நான்கில் உடனடி உதவி தேவைப்படுகிறது,அவசர எச்சரிக்கை பிரிவு நான்கில் உடனடி உதவி தேவைப்படுகிறது,YES,
1787942906909,Redmi Note 9 Pro,12,ta,vakyansh_tamil_base.int8.onnx,int8,ta_06_emergency,3.74,CLEAN,2,WARM,818,0.219,0.00,0.00,499.72,502.97,அவசர எச்சரிக்கை பிரிவு நான்கில் உடனடி உதவி தேவைப்படுகிறது,அவசர எச்சரிக்கை பிரிவு நான்கில் உடனடி உதவி தேவைப்படுகிறது,YES,
1787942907807,Redmi Note 9 Pro,12,ta,vakyansh_tamil_base.int8.onnx,int8,ta_06_emergency,3.74,CLEAN,3,WARM,815,0.218,0.00,0.00,500.28,500.28,அவசர எச்சரிக்கை பிரிவு நான்கில் உடனடி உதவி தேவைப்படுகிறது,அவசர எச்சரிக்கை பிரிவு நான்கில் உடனடி உதவி தேவைப்படுகிறது,YES,
1787942908426,Redmi Note 9 Pro,12,ta,vakyansh_tamil_base.int8.onnx,int8,ta_07_radio,2.45,CLEAN,1,WARM,536,0.219,16.67,3.13,501.09,501.09,ரேடியோ சோதனை என் குரல் கேக்கிறதா ஓவர்,ரேடியோ சோதனை என் குரல் கேட்கிறதா ஓவர்,YES,
1787942909061,Redmi Note 9 Pro,12,ta,vakyansh_tamil_base.int8.onnx,int8,ta_07_radio,2.45,CLEAN,2,WARM,547,0.223,16.67,3.13,501.45,501.45,ரேடியோ சோதனை என் குரல் கேக்கிறதா ஓவர்,ரேடியோ சோதனை என் குரல் கேட்கிறதா ஓவர்,YES,
1787942909697,Redmi Note 9 Pro,12,ta,vakyansh_tamil_base.int8.onnx,int8,ta_07_radio,2.45,CLEAN,3,WARM,557,0.227,16.67,3.13,501.83,501.83,ரேடியோ சோதனை என் குரல் கேக்கிறதா ஓவர்,ரேடியோ சோதனை என் குரல் கேட்கிறதா ஓவர்,YES,
1787942910378,Redmi Note 9 Pro,12,ta,vakyansh_tamil_base.int8.onnx,int8,ta_08_punct,2.61,CLEAN,1,WARM,595,0.228,0.00,0.00,500.24,502.24,அங்கேயே இருங்கள் அடுத்த உத்தரவுக்காக காத்திருங்கள்,அங்கேயே இருங்கள் அடுத்த உத்தரவுக்காக காத்திருங்கள்,YES,
1787942911061,Redmi Note 9 Pro,12,ta,vakyansh_tamil_base.int8.onnx,int8,ta_08_punct,2.61,CLEAN,2,WARM,595,0.228,0.00,0.00,500.58,500.58,அங்கேயே இருங்கள் அடுத்த உத்தரவுக்காக காத்திருங்கள்,அங்கேயே இருங்கள் அடுத்த உத்தரவுக்காக காத்திருங்கள்,YES,
1787942911738,Redmi Note 9 Pro,12,ta,vakyansh_tamil_base.int8.onnx,int8,ta_08_punct,2.61,CLEAN,3,WARM,600,0.230,0.00,0.00,500.98,500.98,அங்கேயே இருங்கள் அடுத்த உத்தரவுக்காக காத்திருங்கள்,அங்கேயே இருங்கள் அடுத்த உத்தரவுக்காக காத்திருங்கள்,YES,
1787942912577,Redmi Note 9 Pro,12,ta,vakyansh_tamil_base.int8.onnx,int8,ta_09_proper_nouns,3.32,CLEAN,1,WARM,754,0.227,57.14,3.92,501.82,501.82,குழுதலைவர் விக்ரம் தளத்தில் கேப்டன் ஷர்மாவை சந்திக்கவோம்,குழு தலைவர் விக்ரம் தளத்தில் கேப்டன் சர்மாவை சந்திக்கவும்,NO,
1787942913429,Redmi Note 9 Pro,12,ta,vakyansh_tamil_base.int8.onnx,int8,ta_09_proper_nouns,3.32,CLEAN,2,WARM,765,0.230,57.14,3.92,499.55,501.72,குழுதலைவர் விக்ரம் தளத்தில் கேப்டன் ஷர்மாவை சந்திக்கவோம்,குழு தலைவர் விக்ரம் தளத்தில் கேப்டன் சர்மாவை சந்திக்கவும்,NO,
1787942914279,Redmi Note 9 Pro,12,ta,vakyansh_tamil_base.int8.onnx,int8,ta_09_proper_nouns,3.32,CLEAN,3,WARM,769,0.231,57.14,3.92,499.92,499.92,குழுதலைவர் விக்ரம் தளத்தில் கேப்டன் ஷர்மாவை சந்திக்கவோம்,குழு தலைவர் விக்ரம் தளத்தில் கேப்டன் சர்மாவை சந்திக்கவும்,NO,
1787942915101,Redmi Note 9 Pro,12,ta,vakyansh_tamil_base.int8.onnx,int8,ta_10_fast,3.07,CLEAN,1,WARM,728,0.238,16.67,4.35,500.63,500.63,விரைவான தகவல் குழு இப்பொரு வளாகத்திற்குள் நுழைகிறது,விரைவான தகவல் குழு இப்போது வளாகத்திற்குள் நுழைகிறது,YES,
1787942915909,Redmi Note 9 Pro,12,ta,vakyansh_tamil_base.int8.onnx,int8,ta_10_fast,3.07,CLEAN,2,WARM,726,0.237,16.67,4.35,501.08,501.08,விரைவான தகவல் குழு இப்பொரு வளாகத்திற்குள் நுழைகிறது,விரைவான தகவல் குழு இப்போது வளாகத்திற்குள் நுழைகிறது,YES,
1787942916719,Redmi Note 9 Pro,12,ta,vakyansh_tamil_base.int8.onnx,int8,ta_10_fast,3.07,CLEAN,3,WARM,727,0.237,16.67,4.35,499.68,501.12,விரைவான தகவல் குழு இப்பொரு வளாகத்திற்குள் நுழைகிறது,விரைவான தகவல் குழு இப்போது வளாகத்திற்குள் நுழைகிறது,YES,
1787942917569,Redmi Note 9 Pro,12,ta,vakyansh_tamil_base.int8.onnx,int8,ta_11_tactical_1,3.20,CLEAN,1,WARM,756,0.236,42.86,13.79,500.43,500.43,ரேட்டலாு அனைத்து குழுக்களும் பாதுகாப்பான இடத்திற்குச் செல்லவும்,ரெட் அலர்ட் அனைத்து குழுக்களும் பாதுகாப்பான இடத்திற்கு செல்லவும்,NO,
1787942918399,Redmi Note 9 Pro,12,ta,vakyansh_tamil_base.int8.onnx,int8,ta_11_tactical_1,3.20,CLEAN,2,WARM,749,0.234,42.86,13.79,500.92,500.92,ரேட்டலாு அனைத்து குழுக்களும் பாதுகாப்பான இடத்திற்குச் செல்லவும்,ரெட் அலர்ட் அனைத்து குழுக்களும் பாதுகாப்பான இடத்திற்கு செல்லவும்,NO,
1787942919273,Redmi Note 9 Pro,12,ta,vakyansh_tamil_base.int8.onnx,int8,ta_11_tactical_1,3.20,CLEAN,3,WARM,785,0.245,42.86,13.79,501.51,501.51,ரேட்டலாு அனைத்து குழுக்களும் பாதுகாப்பான இடத்திற்குச் செல்லவும்,ரெட் அலர்ட் அனைத்து குழுக்களும் பாதுகாப்பான இடத்திற்கு செல்லவும்,NO,
1787942920023,Redmi Note 9 Pro,12,ta,vakyansh_tamil_base.int8.onnx,int8,ta_12_tactical_2,2.67,CLEAN,1,WARM,653,0.245,60.00,8.33,499.56,501.84,மருத்துவ குழு பிரிவு ஒன்பது கு அனுப்பப்பட்டுள்ளது,மருத்துவக் குழு பிரிவு ஒன்பதுக்கு அனுப்பப்பட்டுள்ளது,YES,
1787942920775,Redmi Note 9 Pro,12,ta,vakyansh_tamil_base.int8.onnx,int8,ta_12_tactical_2,2.67,CLEAN,2,WARM,652,0.244,60.00,8.33,499.92,499.92,மருத்துவ குழு பிரிவு ஒன்பது கு அனுப்பப்பட்டுள்ளது,மருத்துவக் குழு பிரிவு ஒன்பதுக்கு அனுப்பப்பட்டுள்ளது,YES,
1787942921511,Redmi Note 9 Pro,12,ta,vakyansh_tamil_base.int8.onnx,int8,ta_12_tactical_2,2.67,CLEAN,3,WARM,651,0.244,60.00,8.33,500.33,500.33,மருத்துவ குழு பிரிவு ஒன்பது கு அனுப்பப்பட்டுள்ளது,மருத்துவக் குழு பிரிவு ஒன்பதுக்கு அனுப்பப்பட்டுள்ளது,YES,
1787942922465,Redmi Note 9 Pro,12,ta,vakyansh_tamil_base.int8.onnx,int8,ta_13_tactical_3,3.48,CLEAN,1,WARM,850,0.244,16.67,2.22,501.16,501.16,ஆக்சிஜன் அளவு நாற்பது சதவீதம் உடனடியாக வெளியேறவோம்,ஆக்சிஜன் அளவு நாற்பது சதவீதம் உடனடியாக வெளியேறவும்,YES,
1787942923404,Redmi Note 9 Pro,12,ta,vakyansh_tamil_base.int8.onnx,int8,ta_13_tactical_3,3.48,CLEAN,2,WARM,848,0.244,16.67,2.22,501.68,501.68,ஆக்சிஜன் அளவு நாற்பது சதவீதம் உடனடியாக வெளியேறவோம்,ஆக்சிஜன் அளவு நாற்பது சதவீதம் உடனடியாக வெளியேறவும்,YES,
1787942924367,Redmi Note 9 Pro,12,ta,vakyansh_tamil_base.int8.onnx,int8,ta_13_tactical_3,3.48,CLEAN,3,WARM,866,0.249,16.67,2.22,502.21,502.21,ஆக்சிஜன் அளவு நாற்பது சதவீதம் உடனடியாக வெளியேறவோம்,ஆக்சிஜன் அளவு நாற்பது சதவீதம் உடனடியாக வெளியேறவும்,YES,
1787942925052,Redmi Note 9 Pro,12,ta,vakyansh_tamil_base.int8.onnx,int8,ta_14_tactical_4,2.38,CLEAN,1,WARM,592,0.249,20.00,10.81,500.00,502.59,இடந்து இரண்டில் அடர்ந்த புகை காணப்பட்டது,கிடங்கு இரண்டில் அடர்ந்த புகை காணப்பட்டது,YES,
1787942925735,Redmi Note 9 Pro,12,ta,vakyansh_tamil_base.int8.onnx,int8,ta_14_tactical_4,2.38,CLEAN,2,WARM,591,0.248,20.00,10.81,500.37,500.37,இடந்து இரண்டில் அடர்ந்த புகை காணப்பட்டது,கிடங்கு இரண்டில் அடர்ந்த புகை காணப்பட்டது,YES,
1787942926433,Redmi Note 9 Pro,12,ta,vakyansh_tamil_base.int8.onnx,int8,ta_14_tactical_4,2.38,CLEAN,3,WARM,598,0.251,20.00,10.81,500.73,500.73,இடந்து இரண்டில் அடர்ந்த புகை காணப்பட்டது,கிடங்கு இரண்டில் அடர்ந்த புகை காணப்பட்டது,YES,
1787942927246,Redmi Note 9 Pro,12,ta,vakyansh_tamil_base.int8.onnx,int8,ta_15_tactical_5,2.83,CLEAN,1,WARM,708,0.250,60.00,2.44,501.42,501.42,எல்லை வேலி அருகே சந்தேகத் திற்கிடமான நடமாட்டோம்,எல்லை வேலி அருகே சந்தேகத்திற்கிடமான நடமாட்டம்,YES,
1787942928054,Redmi Note 9 Pro,12,ta,vakyansh_tamil_base.int8.onnx,int8,ta_15_tactical_5,2.83,CLEAN,2,WARM,711,0.251,60.00,2.44,501.86,501.86,எல்லை வேலி அருகே சந்தேகத் திற்கிடமான நடமாட்டோம்,எல்லை வேலி அருகே சந்தேகத்திற்கிடமான நடமாட்டம்,YES,
1787942928853,Redmi Note 9 Pro,12,ta,vakyansh_tamil_base.int8.onnx,int8,ta_15_tactical_5,2.83,CLEAN,3,WARM,705,0.249,60.00,2.44,502.29,502.29,எல்லை வேலி அருகே சந்தேகத் திற்கிடமான நடமாட்டோம்,எல்லை வேலி அருகே சந்தேகத்திற்கிடமான நடமாட்டம்,YES,
1787942929989,Redmi Note 9 Pro,12,ta,vakyansh_tamil_base.int8.onnx,int8,ta_16_coords_1,3.82,CLEAN,1,WARM,1032,0.270,75.00,16.95,499.73,502.73,அட்சுரேடே பனிரண்டு புள்ளி ஐந்து திர்க்கிறே கை எழுபத்தி ஏழு புள்ளி ஆறு,அட்சரேகை பன்னிரண்டு புள்ளி ஐந்து தீர்க்கரேகை எழுபத்தேழு புள்ளி ஆறு,NO,
1787942931180,Redmi Note 9 Pro,12,ta,vakyansh_tamil_base.int8.onnx,int8,ta_16_coords_1,3.82,CLEAN,2,WARM,1085,0.284,75.00,16.95,500.30,500.30,அட்சுரேடே பனிரண்டு புள்ளி ஐந்து திர்க்கிறே கை எழுபத்தி ஏழு புள்ளி ஆறு,அட்சரேகை பன்னிரண்டு புள்ளி ஐந்து தீர்க்கரேகை எழுபத்தேழு புள்ளி ஆறு,NO,
1787942932331,Redmi Note 9 Pro,12,ta,vakyansh_tamil_base.int8.onnx,int8,ta_16_coords_1,3.82,CLEAN,3,WARM,1043,0.273,75.00,16.95,500.86,500.86,அட்சுரேடே பனிரண்டு புள்ளி ஐந்து திர்க்கிறே கை எழுபத்தி ஏழு புள்ளி ஆறு,அட்சரேகை பன்னிரண்டு புள்ளி ஐந்து தீர்க்கரேகை எழுபத்தேழு புள்ளி ஆறு,NO,
1787942933143,Redmi Note 9 Pro,12,ta,vakyansh_tamil_base.int8.onnx,int8,ta_17_coords_2,2.48,CLEAN,1,WARM,689,0.277,50.00,13.16,501.47,501.47,சோதனச் சாவடி டெல்டா உயர முன்னூறு மீட்டர்,சோதனைச் சாவடி டெல்டா உயரம் முந்நூறு மீட்டர்,NO,
1787942933942,Redmi Note 9 Pro,12,ta,vakyansh_tamil_base.int8.onnx,int8,ta_17_coords_2,2.48,CLEAN,2,WARM,688,0.277,50.00,13.16,501.84,501.84,சோதனச் சாவடி டெல்டா உயர முன்னூறு மீட்டர்,சோதனைச் சாவடி டெல்டா உயரம் முந்நூறு மீட்டர்,NO,
1787942934663,Redmi Note 9 Pro,12,ta,vakyansh_tamil_base.int8.onnx,int8,ta_17_coords_2,2.48,CLEAN,3,WARM,627,0.252,50.00,13.16,502.26,502.26,சோதனச் சாவடி டெல்டா உயர முன்னூறு மீட்டர்,சோதனைச் சாவடி டெல்டா உயரம் முந்நூறு மீட்டர்,NO,
1787942935553,Redmi Note 9 Pro,12,ta,vakyansh_tamil_base.int8.onnx,int8,ta_18_coords_3,3.10,CLEAN,1,WARM,784,0.253,33.33,4.44,500.15,502.71,கட்டிடம் நான்கு அறை என் இருபத்திட்டு பாதுகாப்பானது,கட்டிடம் நான்கு அறை எண் இருபத்தெட்டு பாதுகாப்பானது,YES,
1787942936422,Redmi Note 9 Pro,12,ta,vakyansh_tamil_base.int8.onnx,int8,ta_18_coords_3,3.10,CLEAN,2,WARM,780,0.252,33.33,4.44,500.60,500.60,கட்டிடம் நான்கு அறை என் இருபத்திட்டு பாதுகாப்பானது,கட்டிடம் நான்கு அறை எண் இருபத்தெட்டு பாதுகாப்பானது,YES,
1787942937294,Redmi Note 9 Pro,12,ta,vakyansh_tamil_base.int8.onnx,int8,ta_18_coords_3,3.10,CLEAN,3,WARM,779,0.251,33.33,4.44,501.04,501.04,கட்டிடம் நான்கு அறை என் இருபத்திட்டு பாதுகாப்பானது,கட்டிடம் நான்கு அறை எண் இருபத்தெட்டு பாதுகாப்பானது,YES,
1787942938132,Redmi Note 9 Pro,12,ta,vakyansh_tamil_base.int8.onnx,int8,ta_19_coords_4,2.90,CLEAN,1,WARM,741,0.255,16.67,2.38,501.75,501.75,வேகம் மணிக்கு முப்பது கிலோமீட்டர் திற்கு நோக்கி,வேகம் மணிக்கு முப்பது கிலோமீட்டர் தெற்கு நோக்கி,YES,
1787942938968,Redmi Note 9 Pro,12,ta,vakyansh_tamil_base.int8.onnx,int8,ta_19_coords_4,2.90,CLEAN,2,WARM,736,0.254,16.67,2.38,502.19,502.19,வேகம் மணிக்கு முப்பது கிலோமீட்டர் திற்கு நோக்கி,வேகம் மணிக்கு முப்பது கிலோமீட்டர் தெற்கு நோக்கி,YES,
1787942939771,Redmi Note 9 Pro,12,ta,vakyansh_tamil_base.int8.onnx,int8,ta_19_coords_4,2.90,CLEAN,3,WARM,713,0.246,16.67,2.38,502.63,502.63,வேகம் மணிக்கு முப்பது கிலோமீட்டர் திற்கு நோக்கி,வேகம் மணிக்கு முப்பது கிலோமீட்டர் தெற்கு நோக்கி,YES,
1787942940561,Redmi Note 9 Pro,12,ta,vakyansh_tamil_base.int8.onnx,int8,ta_20_coords_5,2.79,CLEAN,1,WARM,691,0.248,33.33,11.11,499.25,502.92,ரிலே கோபுரம் ஐந்து சமிக்னெ எம்பரு சதவீதம்,ரிலே கோபுரம் ஐந்து சமிக்ஞை எண்பது சதவீதம்,YES,
1787942941350,Redmi Note 9 Pro,12,ta,vakyansh_tamil_base.int8.onnx,int8,ta_20_coords_5,2.79,CLEAN,2,WARM,697,0.250,33.33,11.11,499.30,499.30,ரிலே கோபுரம் ஐந்து சமிக்னெ எம்பரு சதவீதம்,ரிலே கோபுரம் ஐந்து சமிக்ஞை எண்பது சதவீதம்,YES,
1787942942133,Redmi Note 9 Pro,12,ta,vakyansh_tamil_base.int8.onnx,int8,ta_20_coords_5,2.79,CLEAN,3,WARM,693,0.249,33.33,11.11,499.74,499.74,ரிலே கோபுரம் ஐந்து சமிக்னெ எம்பரு சதவீதம்,ரிலே கோபுரம் ஐந்து சமிக்ஞை எண்பது சதவீதம்,YES,
1787942944401,Redmi Note 9 Pro,12,ta,vakyansh_tamil_base.int8.onnx,int8,ta_21_long_tactical_1,8.21,CLEAN,1,WARM,2140,0.261,27.78,6.20,561.02,561.02,வாகன அணிவகபு ஆல்பா ஒன்று தளம் பிராவவுக்கு தெரிவிக்கிறது கட்டம் உருங்கிணைப்பு நாற்பத்திரண்டு அருகே மேற்கு வேலி உடைந்தது அவசரம் மருத்துவ உதவித தேவை,வாகன அணிவகுப்பு ஆல்பா ஒன்று தளம் பிராவோவுக்கு தெரிவிக்கிறது கட்டம் ஒருங்கிணைப்பு நாற்பத்திரண்டு அருகே மேற்கு வேலி உடைந்தது அவசர மருத்துவ உதவி தேவை,YES,
1787942946709,Redmi Note 9 Pro,12,ta,vakyansh_tamil_base.int8.onnx,int8,ta_21_long_tactical_1,8.21,CLEAN,2,WARM,2204,0.268,27.78,6.20,662.58,662.58,வாகன அணிவகபு ஆல்பா ஒன்று தளம் பிராவவுக்கு தெரிவிக்கிறது கட்டம் உருங்கிணைப்பு நாற்பத்திரண்டு அருகே மேற்கு வேலி உடைந்தது அவசரம் மருத்துவ உதவித தேவை,வாகன அணிவகுப்பு ஆல்பா ஒன்று தளம் பிராவோவுக்கு தெரிவிக்கிறது கட்டம் ஒருங்கிணைப்பு நாற்பத்திரண்டு அருகே மேற்கு வேலி உடைந்தது அவசர மருத்துவ உதவி தேவை,YES,
1787942948940,Redmi Note 9 Pro,12,ta,vakyansh_tamil_base.int8.onnx,int8,ta_21_long_tactical_1,8.21,CLEAN,3,WARM,2127,0.259,27.78,6.20,661.78,662.69,வாகன அணிவகபு ஆல்பா ஒன்று தளம் பிராவவுக்கு தெரிவிக்கிறது கட்டம் உருங்கிணைப்பு நாற்பத்திரண்டு அருகே மேற்கு வேலி உடைந்தது அவசரம் மருத்துவ உதவித தேவை,வாகன அணிவகுப்பு ஆல்பா ஒன்று தளம் பிராவோவுக்கு தெரிவிக்கிறது கட்டம் ஒருங்கிணைப்பு நாற்பத்திரண்டு அருகே மேற்கு வேலி உடைந்தது அவசர மருத்துவ உதவி தேவை,YES,
1787942951210,Redmi Note 9 Pro,12,ta,vakyansh_tamil_base.int8.onnx,int8,ta_22_long_tactical_2,8.37,CLEAN,1,WARM,2156,0.257,33.33,3.88,665.82,665.82,நிலையம் தெல்டா உறுதிப்படுத்துகிறது பிரிவு மூன்றில் ஆக்சிஜன் அளவு முப்பது சதவீதமாக குறைந்துள்ளது அனைத்து ஓழியர்களும் தேற்கு வாயிலுக்கு செல்லவோம்,நிலையம் டெல்டா உறுதிப்படுத்துகிறது பிரிவு மூன்றில் ஆக்ஸிஜன் அளவு முப்பது சதவீதமாக குறைந்துள்ளது அனைத்து ஊழியர்களும் தெற்கு வாயிலுக்கு செல்லவும்,YES,
1787942953459,Redmi Note 9 Pro,12,ta,vakyansh_tamil_base.int8.onnx,int8,ta_22_long_tactical_2,8.37,CLEAN,2,WARM,2148,0.257,33.33,3.88,670.15,670.15,நிலையம் தெல்டா உறுதிப்படுத்துகிறது பிரிவு மூன்றில் ஆக்சிஜன் அளவு முப்பது சதவீதமாக குறைந்துள்ளது அனைத்து ஓழியர்களும் தேற்கு வாயிலுக்கு செல்லவோம்,நிலையம் டெல்டா உறுதிப்படுத்துகிறது பிரிவு மூன்றில் ஆக்ஸிஜன் அளவு முப்பது சதவீதமாக குறைந்துள்ளது அனைத்து ஊழியர்களும் தெற்கு வாயிலுக்கு செல்லவும்,YES,
1787942955634,Redmi Note 9 Pro,12,ta,vakyansh_tamil_base.int8.onnx,int8,ta_22_long_tactical_2,8.37,CLEAN,3,WARM,2076,0.248,33.33,3.88,668.54,670.26,நிலையம் தெல்டா உறுதிப்படுத்துகிறது பிரிவு மூன்றில் ஆக்சிஜன் அளவு முப்பது சதவீதமாக குறைந்துள்ளது அனைத்து ஓழியர்களும் தேற்கு வாயிலுக்கு செல்லவோம்,நிலையம் டெல்டா உறுதிப்படுத்துகிறது பிரிவு மூன்றில் ஆக்ஸிஜன் அளவு முப்பது சதவீதமாக குறைந்துள்ளது அனைத்து ஊழியர்களும் தெற்கு வாயிலுக்கு செல்லவும்,YES,
1787942957354,Redmi Note 9 Pro,12,ta,vakyansh_tamil_base.int8.onnx,int8,ta_23_long_tactical_3,6.59,CLEAN,1,WARM,1612,0.245,61.54,7.56,685.49,685.49,தேடுதல் மீற்புக் குழு பனிரண்டு வெள்ள பகுதிக்கு செல்கிறது நிர்மட்டம் இரண்டு மீட்ட உயர்ந்துள்ளது படதுகள் நிலை நிறுத்தப்பட்டுள்ளன,தேடுதல் மீட்புக் குழு பன்னிரண்டு வெள்ளப் பகுதிக்கு செல்கிறது நீர்மட்டம் இரண்டு மீட்டர் உயர்ந்துள்ளது படகுகள் நிலைநிறுத்தப்பட்டுள்ளன,YES,
1787942959061,Redmi Note 9 Pro,12,ta,vakyansh_tamil_base.int8.onnx,int8,ta_23_long_tactical_3,6.59,CLEAN,2,WARM,1602,0.243,61.54,7.56,686.51,686.51,தேடுதல் மீற்புக் குழு பனிரண்டு வெள்ள பகுதிக்கு செல்கிறது நிர்மட்டம் இரண்டு மீட்ட உயர்ந்துள்ளது படதுகள் நிலை நிறுத்தப்பட்டுள்ளன,தேடுதல் மீட்புக் குழு பன்னிரண்டு வெள்ளப் பகுதிக்கு செல்கிறது நீர்மட்டம் இரண்டு மீட்டர் உயர்ந்துள்ளது படகுகள் நிலைநிறுத்தப்பட்டுள்ளன,YES,
1787942960841,Redmi Note 9 Pro,12,ta,vakyansh_tamil_base.int8.onnx,int8,ta_23_long_tactical_3,6.59,CLEAN,3,WARM,1671,0.254,61.54,7.56,687.49,687.49,தேடுதல் மீற்புக் குழு பனிரண்டு வெள்ள பகுதிக்கு செல்கிறது நிர்மட்டம் இரண்டு மீட்ட உயர்ந்துள்ளது படதுகள் நிலை நிறுத்தப்பட்டுள்ளன,தேடுதல் மீட்புக் குழு பன்னிரண்டு வெள்ளப் பகுதிக்கு செல்கிறது நீர்மட்டம் இரண்டு மீட்டர் உயர்ந்துள்ளது படகுகள் நிலைநிறுத்தப்பட்டுள்ளன,YES,
1787942962938,Redmi Note 9 Pro,12,ta,vakyansh_tamil_base.int8.onnx,int8,ta_24_long_tactical_4,7.83,CLEAN,1,WARM,1988,0.254,6.67,1.77,687.12,688.32,அவசர எச்சரிக்கை கடலோர பிரிவு ஏழில் கடுமையான புயல் வீசுகிறது காற்றின் வேகம் எழுபது கிலோமீட்டர் அனைவரும் பாதுகாப்பாக இருக்கவும்,அவசர எச்சரிக்கை கடலோரப் பிரிவு ஏழில் கடுமையான புயல் வீசுகிறது காற்றின் வேகம் எழுபது கிலோமீட்டர் அனைவரும் பாதுகாப்பாக இருக்கவும்,YES,
1787942964979,Redmi Note 9 Pro,12,ta,vakyansh_tamil_base.int8.onnx,int8,ta_24_long_tactical_4,7.83,CLEAN,2,WARM,1936,0.247,6.67,1.77,688.27,688.27,அவசர எச்சரிக்கை கடலோர பிரிவு ஏழில் கடுமையான புயல் வீசுகிறது காற்றின் வேகம் எழுபது கிலோமீட்டர் அனைவரும் பாதுகாப்பாக இருக்கவும்,அவசர எச்சரிக்கை கடலோரப் பிரிவு ஏழில் கடுமையான புயல் வீசுகிறது காற்றின் வேகம் எழுபது கிலோமீட்டர் அனைவரும் பாதுகாப்பாக இருக்கவும்,YES,
1787942966974,Redmi Note 9 Pro,12,ta,vakyansh_tamil_base.int8.onnx,int8,ta_24_long_tactical_4,7.83,CLEAN,3,WARM,1905,0.243,6.67,1.77,685.76,688.37,அவசர எச்சரிக்கை கடலோர பிரிவு ஏழில் கடுமையான புயல் வீசுகிறது காற்றின் வேகம் எழுபது கிலோமீட்டர் அனைவரும் பாதுகாப்பாக இருக்கவும்,அவசர எச்சரிக்கை கடலோரப் பிரிவு ஏழில் கடுமையான புயல் வீசுகிறது காற்றின் வேகம் எழுபது கிலோமீட்டர் அனைவரும் பாதுகாப்பாக இருக்கவும்,YES,
1787942968701,Redmi Note 9 Pro,12,ta,vakyansh_tamil_base.int8.onnx,int8,ta_25_long_tactical_5,6.66,CLEAN,1,WARM,1619,0.243,30.77,1.87,688.71,688.71,கட்டலை மையம் ரோந்து குழுக்களை மேற்கு நெடுஞ்சாலை சந்திப்பு நான் கிற்கு சென்று வானொலை தொடர்பில் இருக்குமாறு உத்தரவிடுகிறது,கட்டளை மையம் ரோந்து குழுக்களை மேற்கு நெடுஞ்சாலை சந்திப்பு நான்கிற்கு சென்று வானொலி தொடர்பில் இருக்குமாறு உத்தரவிடுகிறது,YES,
1787942970374,Redmi Note 9 Pro,12,ta,vakyansh_tamil_base.int8.onnx,int8,ta_25_long_tactical_5,6.66,CLEAN,2,WARM,1571,0.236,30.77,1.87,692.73,692.73,கட்டலை மையம் ரோந்து குழுக்களை மேற்கு நெடுஞ்சாலை சந்திப்பு நான் கிற்கு சென்று வானொலை தொடர்பில் இருக்குமாறு உத்தரவிடுகிறது,கட்டளை மையம் ரோந்து குழுக்களை மேற்கு நெடுஞ்சாலை சந்திப்பு நான்கிற்கு சென்று வானொலி தொடர்பில் இருக்குமாறு உத்தரவிடுகிறது,YES,
1787942972014,Redmi Note 9 Pro,12,ta,vakyansh_tamil_base.int8.onnx,int8,ta_25_long_tactical_5,6.66,CLEAN,3,WARM,1549,0.233,30.77,1.87,690.75,690.75,கட்டலை மையம் ரோந்து குழுக்களை மேற்கு நெடுஞ்சாலை சந்திப்பு நான் கிற்கு சென்று வானொலை தொடர்பில் இருக்குமாறு உத்தரவிடுகிறது,கட்டளை மையம் ரோந்து குழுக்களை மேற்கு நெடுஞ்சாலை சந்திப்பு நான்கிற்கு சென்று வானொலி தொடர்பில் இருக்குமாறு உத்தரவிடுகிறது,YES,
1787942974133,Redmi Note 9 Pro,12,ta,vakyansh_tamil_base.int8.onnx,int8,ta_26_long_tactical_6,6.13,CLEAN,1,WARM,2011,0.328,25.00,1.98,689.00,691.53,மருத்துவ நிவாரணவாக நங்கள் முகாம் ஒன்வதை அடைந்துள்ளன உணவு மற்றும் முதலுதவி பொருட்கள் விநியோகம் தொடங்கப்பட்டுள்ளது,மருத்துவ நிவாரண வாகனங்கள் முகாம் ஒன்பதை அடைந்துள்ளன உணவு மற்றும் முதலுதவி பொருட்கள் விநியோகம் தொடங்கப்பட்டுள்ளது,YES,
1787942975623,Redmi Note 9 Pro,12,ta,vakyansh_tamil_base.int8.onnx,int8,ta_26_long_tactical_6,6.13,CLEAN,2,WARM,1399,0.228,25.00,1.98,689.91,689.91,மருத்துவ நிவாரணவாக நங்கள் முகாம் ஒன்வதை அடைந்துள்ளன உணவு மற்றும் முதலுதவி பொருட்கள் விநியோகம் தொடங்கப்பட்டுள்ளது,மருத்துவ நிவாரண வாகனங்கள் முகாம் ஒன்பதை அடைந்துள்ளன உணவு மற்றும் முதலுதவி பொருட்கள் விநியோகம் தொடங்கப்பட்டுள்ளது,YES,
1787942977835,Redmi Note 9 Pro,12,ta,vakyansh_tamil_base.int8.onnx,int8,ta_26_long_tactical_6,6.13,CLEAN,3,WARM,2118,0.346,25.00,1.98,686.83,690.02,மருத்துவ நிவாரணவாக நங்கள் முகாம் ஒன்வதை அடைந்துள்ளன உணவு மற்றும் முதலுதவி பொருட்கள் விநியோகம் தொடங்கப்பட்டுள்ளது,மருத்துவ நிவாரண வாகனங்கள் முகாம் ஒன்பதை அடைந்துள்ளன உணவு மற்றும் முதலுதவி பொருட்கள் விநியோகம் தொடங்கப்பட்டுள்ளது,YES,
1787942979911,Redmi Note 9 Pro,12,ta,vakyansh_tamil_base.int8.onnx,int8,ta_27_long_tactical_7,7.07,CLEAN,1,WARM,1981,0.280,8.33,1.74,688.51,688.51,கோபுரம் மூன்றில் மின்சாரம் தடைப்பட்டுள்ளது என பாதுகாப்பு குழு தெரிவித்தது ஜெனரேட்டர்கள் இயக்கப்பட்டு தொடர்பு மீட்டெடுக்கப்பட்டது,கோபுரம் மூன்றில் மின்சாரம் தடைபட்டுள்ளது என பாதுகாப்பு குழு தெரிவித்தது ஜெனரேட்டர்கள் இயக்கப்பட்டு தொடர்பு மீட்டெடுக்கப்பட்டது,YES,
1787942981545,Redmi Note 9 Pro,12,ta,vakyansh_tamil_base.int8.onnx,int8,ta_27_long_tactical_7,7.07,CLEAN,2,WARM,1539,0.218,8.33,1.74,689.58,689.58,கோபுரம் மூன்றில் மின்சாரம் தடைப்பட்டுள்ளது என பாதுகாப்பு குழு தெரிவித்தது ஜெனரேட்டர்கள் இயக்கப்பட்டு தொடர்பு மீட்டெடுக்கப்பட்டது,கோபுரம் மூன்றில் மின்சாரம் தடைபட்டுள்ளது என பாதுகாப்பு குழு தெரிவித்தது ஜெனரேட்டர்கள் இயக்கப்பட்டு தொடர்பு மீட்டெடுக்கப்பட்டது,YES,
1787942983170,Redmi Note 9 Pro,12,ta,vakyansh_tamil_base.int8.onnx,int8,ta_27_long_tactical_7,7.07,CLEAN,3,WARM,1539,0.218,8.33,1.74,687.50,689.67,கோபுரம் மூன்றில் மின்சாரம் தடைப்பட்டுள்ளது என பாதுகாப்பு குழு தெரிவித்தது ஜெனரேட்டர்கள் இயக்கப்பட்டு தொடர்பு மீட்டெடுக்கப்பட்டது,கோபுரம் மூன்றில் மின்சாரம் தடைபட்டுள்ளது என பாதுகாப்பு குழு தெரிவித்தது ஜெனரேட்டர்கள் இயக்கப்பட்டு தொடர்பு மீட்டெடுக்கப்பட்டது,YES,
1787942984592,Redmi Note 9 Pro,12,ta,vakyansh_tamil_base.int8.onnx,int8,ta_28_long_tactical_8,6.01,CLEAN,1,WARM,1325,0.220,50.00,2.97,688.98,688.98,பிரிவு பிராவு்காட்டுப்பாதை வழியாக புள்ளி ஐந்துக்கு முன்னிறுகிறது எந்த வித சந்தேகத்திற்கிடமான நடவடிக்கையும் இல்லை,பிரிவு பிராவோ காட்டுப் பாதை வழியாக புள்ளி ஐந்துக்கு முன்னேறுகிறது எந்தவித சந்தேகத்திற்கிடமான நடவடிக்கையும் இல்லை,YES,
1787942986022,Redmi Note 9 Pro,12,ta,vakyansh_tamil_base.int8.onnx,int8,ta_28_long_tactical_8,6.01,CLEAN,2,WARM,1345,0.224,50.00,2.97,686.82,689.06,பிரிவு பிராவு்காட்டுப்பாதை வழியாக புள்ளி ஐந்துக்கு முன்னிறுகிறது எந்த வித சந்தேகத்திற்கிடமான நடவடிக்கையும் இல்லை,பிரிவு பிராவோ காட்டுப் பாதை வழியாக புள்ளி ஐந்துக்கு முன்னேறுகிறது எந்தவித சந்தேகத்திற்கிடமான நடவடிக்கையும் இல்லை,YES,
1787942987451,Redmi Note 9 Pro,12,ta,vakyansh_tamil_base.int8.onnx,int8,ta_28_long_tactical_8,6.01,CLEAN,3,WARM,1342,0.223,50.00,2.97,687.68,687.68,பிரிவு பிராவு்காட்டுப்பாதை வழியாக புள்ளி ஐந்துக்கு முன்னிறுகிறது எந்த வித சந்தேகத்திற்கிடமான நடவடிக்கையும் இல்லை,பிரிவு பிராவோ காட்டுப் பாதை வழியாக புள்ளி ஐந்துக்கு முன்னேறுகிறது எந்தவித சந்தேகத்திற்கிடமான நடவடிக்கையும் இல்லை,YES,
1787942989172,Redmi Note 9 Pro,12,ta,vakyansh_tamil_base.int8.onnx,int8,ta_29_long_tactical_9,7.15,CLEAN,1,WARM,1617,0.226,46.15,7.69,689.38,689.38,ஆற்றுப்பாலம் கனரக வாகனங்களுக்கு பாதுகாப்பத்தது என ஒரு இயல் குழு தெரிவித்துள்ளது போக்குவரத்துக கிழக்கு நோக்கி திருப்பப்பட்டுள்ளது,ஆற்றுப் பாலம் கனரக வாகனங்களுக்கு பாதுகாப்பற்றது என பொறியியல் குழு தெரிவித்துள்ளது போக்குவரத்து கிழக்கு நோக்கி திருப்பப்பட்டுள்ளது,YES,
1787942990932,Redmi Note 9 Pro,12,ta,vakyansh_tamil_base.int8.onnx,int8,ta_29_long_tactical_9,7.15,CLEAN,2,WARM,1668,0.233,46.15,7.69,688.25,689.49,ஆற்றுப்பாலம் கனரக வாகனங்களுக்கு பாதுகாப்பத்தது என ஒரு இயல் குழு தெரிவித்துள்ளது போக்குவரத்துக கிழக்கு நோக்கி திருப்பப்பட்டுள்ளது,ஆற்றுப் பாலம் கனரக வாகனங்களுக்கு பாதுகாப்பற்றது என பொறியியல் குழு தெரிவித்துள்ளது போக்குவரத்து கிழக்கு நோக்கி திருப்பப்பட்டுள்ளது,YES,
1787942992692,Redmi Note 9 Pro,12,ta,vakyansh_tamil_base.int8.onnx,int8,ta_29_long_tactical_9,7.15,CLEAN,3,WARM,1671,0.234,46.15,7.69,689.31,689.31,ஆற்றுப்பாலம் கனரக வாகனங்களுக்கு பாதுகாப்பத்தது என ஒரு இயல் குழு தெரிவித்துள்ளது போக்குவரத்துக கிழக்கு நோக்கி திருப்பப்பட்டுள்ளது,ஆற்றுப் பாலம் கனரக வாகனங்களுக்கு பாதுகாப்பற்றது என பொறியியல் குழு தெரிவித்துள்ளது போக்குவரத்து கிழக்கு நோக்கி திருப்பப்பட்டுள்ளது,YES,
1787942994605,Redmi Note 9 Pro,12,ta,vakyansh_tamil_base.int8.onnx,int8,ta_30_long_tactical_10,7.63,CLEAN,1,WARM,1812,0.238,16.67,2.59,687.09,690.11,அனைத்து சோதனை சாவடிகளும் பாதுகாப்பாக இருப்பதாக தலைமையாகம் உறுதிப்படுத்தியுள்ளது இரவு ரோந்து குழுவினர் உடனடியாக பொறுப்பேற்கவும்,அனைத்து சோதனைச் சாவடிகளும் பாதுகாப்பாக இருப்பதாக தலைமையகம் உறுதிப்படுத்தியுள்ளது இரவு ரோந்து குழுவினர் உடனடியாக பொறுப்பேற்கவும்,YES,
1787942996534,Redmi Note 9 Pro,12,ta,vakyansh_tamil_base.int8.onnx,int8,ta_30_long_tactical_10,7.63,CLEAN,2,WARM,1836,0.241,16.67,2.59,688.22,688.22,அனைத்து சோதனை சாவடிகளும் பாதுகாப்பாக இருப்பதாக தலைமையாகம் உறுதிப்படுத்தியுள்ளது இரவு ரோந்து குழுவினர் உடனடியாக பொறுப்பேற்கவும்,அனைத்து சோதனைச் சாவடிகளும் பாதுகாப்பாக இருப்பதாக தலைமையகம் உறுதிப்படுத்தியுள்ளது இரவு ரோந்து குழுவினர் உடனடியாக பொறுப்பேற்கவும்,YES,
1787942998465,Redmi Note 9 Pro,12,ta,vakyansh_tamil_base.int8.onnx,int8,ta_30_long_tactical_10,7.63,CLEAN,3,WARM,1837,0.241,16.67,2.59,689.35,689.35,அனைத்து சோதனை சாவடிகளும் பாதுகாப்பாக இருப்பதாக தலைமையாகம் உறுதிப்படுத்தியுள்ளது இரவு ரோந்து குழுவினர் உடனடியாக பொறுப்பேற்கவும்,அனைத்து சோதனைச் சாவடிகளும் பாதுகாப்பாக இருப்பதாக தலைமையகம் உறுதிப்படுத்தியுள்ளது இரவு ரோந்து குழுவினர் உடனடியாக பொறுப்பேற்கவும்,YES,
1787943006457,Redmi Note 9 Pro,12,bn,vakyansh_bengali_base.int8.onnx,int8,bn_01_normal,3.27,CLEAN,1,COLD,816,0.250,11.11,2.33,456.74,456.74,সমস্ত টহল চৌকি নিরাপদ এবং স্পস্ট রিপোর্ট করা হয়েছে,সমস্ত টহল চৌকি নিরাপদ এবং স্পষ্ট রিপোর্ট করা হয়েছে,YES,
1787943007327,Redmi Note 9 Pro,12,bn,vakyansh_bengali_base.int8.onnx,int8,bn_01_normal,3.27,CLEAN,2,WARM,772,0.236,11.11,2.33,455.50,455.50,সমস্ত টহল চৌকি নিরাপদ এবং স্পস্ট রিপোর্ট করা হয়েছে,সমস্ত টহল চৌকি নিরাপদ এবং স্পষ্ট রিপোর্ট করা হয়েছে,YES,
1787943008195,Redmi Note 9 Pro,12,bn,vakyansh_bengali_base.int8.onnx,int8,bn_01_normal,3.27,CLEAN,3,WARM,774,0.237,11.11,2.33,455.99,455.99,সমস্ত টহল চৌকি নিরাপদ এবং স্পস্ট রিপোর্ট করা হয়েছে,সমস্ত টহল চৌকি নিরাপদ এবং স্পষ্ট রিপোর্ট করা হয়েছে,YES,
1787943008508,Redmi Note 9 Pro,12,bn,vakyansh_bengali_base.int8.onnx,int8,bn_02_short,0.85,CLEAN,1,WARM,223,0.261,0.00,0.00,456.09,456.09,রজার বেস,রজার বেস,YES,
1787943008808,Redmi Note 9 Pro,12,bn,vakyansh_bengali_base.int8.onnx,int8,bn_02_short,0.85,CLEAN,2,WARM,222,0.260,0.00,0.00,456.14,456.14,রজার বেস,রজার বেস,YES,
1787943009106,Redmi Note 9 Pro,12,bn,vakyansh_bengali_base.int8.onnx,int8,bn_02_short,0.85,CLEAN,3,WARM,220,0.258,0.00,0.00,456.25,456.25,রজার বেস,রজার বেস,YES,
1787943010246,Redmi Note 9 Pro,12,bn,vakyansh_bengali_base.int8.onnx,int8,bn_03_long,4.54,CLEAN,1,WARM,1049,0.231,23.08,12.70,483.73,483.73,আমাদের দল পশ্চিমহাসরম ধরে জংশন সাতের দিকে সাধারণ নিয়ম মেনে এগই চলেছে,আমাদের দল পশ্চিম মহাসড়ক ধরে জংশন সাতের দিকে সাধারণ নিয়ম মেনে এগিয়ে চলেছে,YES,
1787943011371,Redmi Note 9 Pro,12,bn,vakyansh_bengali_base.int8.onnx,int8,bn_03_long,4.54,CLEAN,2,WARM,1043,0.230,23.08,12.70,482.68,482.68,আমাদের দল পশ্চিমহাসরম ধরে জংশন সাতের দিকে সাধারণ নিয়ম মেনে এগই চলেছে,আমাদের দল পশ্চিম মহাসড়ক ধরে জংশন সাতের দিকে সাধারণ নিয়ম মেনে এগিয়ে চলেছে,YES,
1787943012508,Redmi Note 9 Pro,12,bn,vakyansh_bengali_base.int8.onnx,int8,bn_03_long,4.54,CLEAN,3,WARM,1044,0.230,23.08,12.70,483.28,483.28,আমাদের দল পশ্চিমহাসরম ধরে জংশন সাতের দিকে সাধারণ নিয়ম মেনে এগই চলেছে,আমাদের দল পশ্চিম মহাসড়ক ধরে জংশন সাতের দিকে সাধারণ নিয়ম মেনে এগিয়ে চলেছে,YES,
1787943013359,Redmi Note 9 Pro,12,bn,vakyansh_bengali_base.int8.onnx,int8,bn_04_numbers,3.34,CLEAN,1,WARM,759,0.227,55.56,7.14,481.47,483.68,দলে বারোজন সদর্য আছেন এবং ব্যাটারে পঁচাত্তর শতানশ,দলে বারো জন সদস্য আছেন এবং ব্যাটারি পঁচাত্তর শতাংশ,YES,
1787943014206,Redmi Note 9 Pro,12,bn,vakyansh_bengali_base.int8.onnx,int8,bn_04_numbers,3.34,CLEAN,2,WARM,755,0.226,55.56,7.14,481.97,481.97,দলে বারোজন সদর্য আছেন এবং ব্যাটারে পঁচাত্তর শতানশ,দলে বারো জন সদস্য আছেন এবং ব্যাটারি পঁচাত্তর শতাংশ,YES,
1787943015027,Redmi Note 9 Pro,12,bn,vakyansh_bengali_base.int8.onnx,int8,bn_04_numbers,3.34,CLEAN,3,WARM,742,0.222,55.56,7.14,482.50,482.50,দলে বারোজন সদর্য আছেন এবং ব্যাটারে পঁচাত্তর শতানশ,দলে বারো জন সদস্য আছেন এবং ব্যাটারি পঁচাত্তর শতাংশ,YES,
1787943015801,Redmi Note 9 Pro,12,bn,vakyansh_bengali_base.int8.onnx,int8,bn_05_location,3.05,CLEAN,1,WARM,681,0.223,22.22,4.26,483.30,483.30,স্টেশন আলফা প্রধান গের থেকে পঞ্চাশ মিটার উত্তরে অবসথিত,স্টেশন আলফা প্রধান গেট থেকে পঞ্চাশ মিটার উত্তরে অবস্থিত,YES,
1787943016591,Redmi Note 9 Pro,12,bn,vakyansh_bengali_base.int8.onnx,int8,bn_05_location,3.05,CLEAN,2,WARM,682,0.223,22.22,4.26,483.74,483.74,স্টেশন আলফা প্রধান গের থেকে পঞ্চাশ মিটার উত্তরে অবসথিত,স্টেশন আলফা প্রধান গেট থেকে পঞ্চাশ মিটার উত্তরে অবস্থিত,YES,
1787943017338,Redmi Note 9 Pro,12,bn,vakyansh_bengali_base.int8.onnx,int8,bn_05_location,3.05,CLEAN,3,WARM,667,0.218,22.22,4.26,484.20,484.20,স্টেশন আলফা প্রধান গের থেকে পঞ্চাশ মিটার উত্তরে অবসথিত,স্টেশন আলফা প্রধান গেট থেকে পঞ্চাশ মিটার উত্তরে অবস্থিত,YES,
1787943018108,Redmi Note 9 Pro,12,bn,vakyansh_bengali_base.int8.onnx,int8,bn_06_emergency,3.07,CLEAN,1,WARM,682,0.222,71.43,23.91,482.01,484.65,জরুরি সতকতা শেক্টরচাডলে অভিরম্বের সহায়তার প্রজন,জরুরি সতর্কতা সেক্টর চারে অবিলম্বে সহায়তার প্রয়োজন,YES,
1787943018868,Redmi Note 9 Pro,12,bn,vakyansh_bengali_base.int8.onnx,int8,bn_06_emergency,3.07,CLEAN,2,WARM,683,0.222,71.43,23.91,482.46,482.46,জরুরি সতকতা শেক্টরচাডলে অভিরম্বের সহায়তার প্রজন,জরুরি সতর্কতা সেক্টর চারে অবিলম্বে সহায়তার প্রয়োজন,YES,
1787943019617,Redmi Note 9 Pro,12,bn,vakyansh_bengali_base.int8.onnx,int8,bn_06_emergency,3.07,CLEAN,3,WARM,670,0.218,71.43,23.91,482.96,482.96,জরুরি সতকতা শেক্টরচাডলে অভিরম্বের সহায়তার প্রজন,জরুরি সতর্কতা সেক্টর চারে অবিলম্বে সহায়তার প্রয়োজন,YES,
1787943020196,Redmi Note 9 Pro,12,bn,vakyansh_bengali_base.int8.onnx,int8,bn_07_radio,2.32,CLEAN,1,WARM,495,0.213,55.56,13.51,483.55,483.55,রেডিউও চেক আপিকি আমার কথা শুনতে পারছেন ওবার,রেডিও চেক আপনি কি আমার কথা শুনতে পাচ্ছেন ওভার,NO,
1787943020768,Redmi Note 9 Pro,12,bn,vakyansh_bengali_base.int8.onnx,int8,bn_07_radio,2.32,CLEAN,2,WARM,496,0.214,55.56,13.51,483.91,483.91,রেডিউও চেক আপিকি আমার কথা শুনতে পারছেন ওবার,রেডিও চেক আপনি কি আমার কথা শুনতে পাচ্ছেন ওভার,NO,
1787943021360,Redmi Note 9 Pro,12,bn,vakyansh_bengali_base.int8.onnx,int8,bn_07_radio,2.32,CLEAN,3,WARM,507,0.218,55.56,13.51,484.26,484.26,রেডিউও চেক আপিকি আমার কথা শুনতে পারছেন ওবার,রেডিও চেক আপনি কি আমার কথা শুনতে পাচ্ছেন ওভার,NO,
1787943022107,Redmi Note 9 Pro,12,bn,vakyansh_bengali_base.int8.onnx,int8,bn_08_punct,3.15,CLEAN,1,WARM,665,0.211,0.00,0.00,481.21,484.59,অবস্থান ধরে রাখুন পরবর্তী আদেশের জন্য অপেক্ষা করুন,অবস্থান ধরে রাখুন পরবর্তী আদেশের জন্য অপেক্ষা করুন,YES,
1787943022846,Redmi Note 9 Pro,12,bn,vakyansh_bengali_base.int8.onnx,int8,bn_08_punct,3.15,CLEAN,2,WARM,665,0.211,0.00,0.00,481.67,481.67,অবস্থান ধরে রাখুন পরবর্তী আদেশের জন্য অপেক্ষা করুন,অবস্থান ধরে রাখুন পরবর্তী আদেশের জন্য অপেক্ষা করুন,YES,
1787943023587,Redmi Note 9 Pro,12,bn,vakyansh_bengali_base.int8.onnx,int8,bn_08_punct,3.15,CLEAN,3,WARM,664,0.211,0.00,0.00,482.18,482.18,অবস্থান ধরে রাখুন পরবর্তী আদেশের জন্য অপেক্ষা করুন,অবস্থান ধরে রাখুন পরবর্তী আদেশের জন্য অপেক্ষা করুন,YES,
1787943024238,Redmi Note 9 Pro,12,bn,vakyansh_bengali_base.int8.onnx,int8,bn_09_proper_nouns,2.64,CLEAN,1,WARM,566,0.214,50.00,13.95,482.82,482.82,দলেতা বিক্রম পেশে ক্যাপটেন্ সর্মার সাথে দেখা করুন,দলনেতা বিক্রম বেসে ক্যাপ্টেন শর্মার সাথে দেখা করুন,NO,
1787943024907,Redmi Note 9 Pro,12,bn,vakyansh_bengali_base.int8.onnx,int8,bn_09_proper_nouns,2.64,CLEAN,2,WARM,590,0.223,50.00,13.95,483.27,483.27,দলেতা বিক্রম পেশে ক্যাপটেন্ সর্মার সাথে দেখা করুন,দলনেতা বিক্রম বেসে ক্যাপ্টেন শর্মার সাথে দেখা করুন,NO,
1787943025578,Redmi Note 9 Pro,12,bn,vakyansh_bengali_base.int8.onnx,int8,bn_09_proper_nouns,2.64,CLEAN,3,WARM,591,0.224,50.00,13.95,483.68,483.68,দলেতা বিক্রম পেশে ক্যাপটেন্ সর্মার সাথে দেখা করুন,দলনেতা বিক্রম বেসে ক্যাপ্টেন শর্মার সাথে দেখা করুন,NO,
1787943026202,Redmi Note 9 Pro,12,bn,vakyansh_bengali_base.int8.onnx,int8,bn_10_fast,2.41,CLEAN,1,WARM,526,0.218,42.86,9.68,481.83,483.94,দ্রুত তত্থটিম এখন চত্তরে প্রবেশ করছে,দ্রুত তথ্য টিম এখন চত্বরে প্রবেশ করছে,YES,
1787943026806,Redmi Note 9 Pro,12,bn,vakyansh_bengali_base.int8.onnx,int8,bn_10_fast,2.41,CLEAN,2,WARM,525,0.218,42.86,9.68,482.20,482.20,দ্রুত তত্থটিম এখন চত্তরে প্রবেশ করছে,দ্রুত তথ্য টিম এখন চত্বরে প্রবেশ করছে,YES,
1787943027407,Redmi Note 9 Pro,12,bn,vakyansh_bengali_base.int8.onnx,int8,bn_10_fast,2.41,CLEAN,3,WARM,525,0.218,42.86,9.68,482.57,482.57,দ্রুত তত্থটিম এখন চত্তরে প্রবেশ করছে,দ্রুত তথ্য টিম এখন চত্বরে প্রবেশ করছে,YES,
1787943028077,Redmi Note 9 Pro,12,bn,vakyansh_bengali_base.int8.onnx,int8,bn_11_tactical_1,2.59,CLEAN,1,WARM,585,0.226,62.50,21.62,483.21,483.21,রেট এলরট সমস্ত দলনিরাপদ স্থানে সরে জান,রেড অ্যালার্ট সমস্ত দল নিরাপদ স্থানে সরে যান,NO,
1787943028744,Redmi Note 9 Pro,12,bn,vakyansh_bengali_base.int8.onnx,int8,bn_11_tactical_1,2.59,CLEAN,2,WARM,579,0.224,62.50,21.62,483.62,483.62,রেট এলরট সমস্ত দলনিরাপদ স্থানে সরে জান,রেড অ্যালার্ট সমস্ত দল নিরাপদ স্থানে সরে যান,NO,
1787943029487,Redmi Note 9 Pro,12,bn,vakyansh_bengali_base.int8.onnx,int8,bn_11_tactical_1,2.59,CLEAN,3,WARM,664,0.256,62.50,21.62,484.02,484.02,রেট এলরট সমস্ত দলনিরাপদ স্থানে সরে জান,রেড অ্যালার্ট সমস্ত দল নিরাপদ স্থানে সরে যান,NO,
1787943030172,Redmi Note 9 Pro,12,bn,vakyansh_bengali_base.int8.onnx,int8,bn_12_tactical_2,1.85,CLEAN,1,WARM,589,0.319,66.67,25.00,481.00,484.22,মেডিকযাল টিম সেএকটনপাঠানো হয়েছে,মেডিকেল টিম সেক্টর নয়ে পাঠানো হয়েছে,NO,
1787943030847,Redmi Note 9 Pro,12,bn,vakyansh_bengali_base.int8.onnx,int8,bn_12_tactical_2,1.85,CLEAN,2,WARM,593,0.321,66.67,25.00,481.27,481.27,মেডিকযাল টিম সেএকটনপাঠানো হয়েছে,মেডিকেল টিম সেক্টর নয়ে পাঠানো হয়েছে,NO,
1787943031507,Redmi Note 9 Pro,12,bn,vakyansh_bengali_base.int8.onnx,int8,bn_12_tactical_2,1.85,CLEAN,3,WARM,583,0.315,66.67,25.00,481.56,481.56,মেডিকযাল টিম সেএকটনপাঠানো হয়েছে,মেডিকেল টিম সেক্টর নয়ে পাঠানো হয়েছে,NO,
1787943032460,Redmi Note 9 Pro,12,bn,vakyansh_bengali_base.int8.onnx,int8,bn_13_tactical_3,2.74,CLEAN,1,WARM,864,0.315,100.00,30.56,482.23,482.23,অক্সিজেন্স তরচলির সতানশ অভিরম্মে বরহন,অক্সিজেন স্তর চল্লিশ শতাংশ অবিলম্বে বের হন,YES,
1787943033408,Redmi Note 9 Pro,12,bn,vakyansh_bengali_base.int8.onnx,int8,bn_13_tactical_3,2.74,CLEAN,2,WARM,870,0.318,100.00,30.56,482.65,482.65,অক্সিজেন্স তরচলির সতানশ অভিরম্মে বরহন,অক্সিজেন স্তর চল্লিশ শতাংশ অবিলম্বে বের হন,YES,
1787943034348,Redmi Note 9 Pro,12,bn,vakyansh_bengali_base.int8.onnx,int8,bn_13_tactical_3,2.74,CLEAN,3,WARM,837,0.306,100.00,30.56,483.07,483.07,অক্সিজেন্স তরচলির সতানশ অভিরম্মে বরহন,অক্সিজেন স্তর চল্লিশ শতাংশ অবিলম্বে বের হন,YES,
1787943034817,Redmi Note 9 Pro,12,bn,vakyansh_bengali_base.int8.onnx,int8,bn_14_tactical_4,1.74,CLEAN,1,WARM,385,0.222,66.67,34.48,483.65,483.65,গুদন দুই ভারীধ দেখা গেছে,গুদাম দুইয়ে ভারী ধোঁয়া দেখা গেছে,NO,
1787943035277,Redmi Note 9 Pro,12,bn,vakyansh_bengali_base.int8.onnx,int8,bn_14_tactical_4,1.74,CLEAN,2,WARM,385,0.222,66.67,34.48,481.51,481.51,গুদন দুই ভারীধ দেখা গেছে,গুদাম দুইয়ে ভারী ধোঁয়া দেখা গেছে,NO,
1787943035745,Redmi Note 9 Pro,12,bn,vakyansh_bengali_base.int8.onnx,int8,bn_14_tactical_4,1.74,CLEAN,3,WARM,391,0.225,66.67,34.48,481.79,481.79,গুদন দুই ভারীধ দেখা গেছে,গুদাম দুইয়ে ভারী ধোঁয়া দেখা গেছে,NO,
1787943036368,Redmi Note 9 Pro,12,bn,vakyansh_bengali_base.int8.onnx,int8,bn_15_tactical_5,2.40,CLEAN,1,WARM,532,0.221,40.00,15.15,482.39,482.39,সীমান্ত বেড়ার কাছে সন্ধ্যহাজনক গতিবিথি,সীমান্ত বেড়ার কাছে সন্দেহজনক গতিবিধি,YES,
1787943036986,Redmi Note 9 Pro,12,bn,vakyansh_bengali_base.int8.onnx,int8,bn_15_tactical_5,2.40,CLEAN,2,WARM,540,0.225,40.00,15.15,482.75,482.75,সীমান্ত বেড়ার কাছে সন্ধ্যহাজনক গতিবিথি,সীমান্ত বেড়ার কাছে সন্দেহজনক গতিবিধি,YES,
1787943037596,Redmi Note 9 Pro,12,bn,vakyansh_bengali_base.int8.onnx,int8,bn_15_tactical_5,2.40,CLEAN,3,WARM,533,0.222,40.00,15.15,483.12,483.12,সীমান্ত বেড়ার কাছে সন্ধ্যহাজনক গতিবিথি,সীমান্ত বেড়ার কাছে সন্দেহজনক গতিবিধি,YES,
1787943038486,Redmi Note 9 Pro,12,bn,vakyansh_bengali_base.int8.onnx,int8,bn_16_coords_1,3.65,CLEAN,1,WARM,805,0.220,75.00,31.91,481.37,483.50,অক্ষানশ বারো দশই আজ দ্রাকীনশ সাতাত্তর দশমি ছয়,অক্ষাংশ বারো দশমিক পাঁচ দ্রাঘিমাংশ সাতাাত্তর দশমিক ছয়,NO,
1787943039355,Redmi Note 9 Pro,12,bn,vakyansh_bengali_base.int8.onnx,int8,bn_16_coords_1,3.65,CLEAN,2,WARM,793,0.217,75.00,31.91,481.91,481.91,অক্ষানশ বারো দশই আজ দ্রাকীনশ সাতাত্তর দশমি ছয়,অক্ষাংশ বারো দশমিক পাঁচ দ্রাঘিমাংশ সাতাাত্তর দশমিক ছয়,NO,
1787943040205,Redmi Note 9 Pro,12,bn,vakyansh_bengali_base.int8.onnx,int8,bn_16_coords_1,3.65,CLEAN,3,WARM,775,0.212,75.00,31.91,482.46,482.46,অক্ষানশ বারো দশই আজ দ্রাকীনশ সাতাত্তর দশমি ছয়,অক্ষাংশ বারো দশমিক পাঁচ দ্রাঘিমাংশ সাতাাত্তর দশমিক ছয়,NO,
1787943040767,Redmi Note 9 Pro,12,bn,vakyansh_bengali_base.int8.onnx,int8,bn_17_coords_2,2.19,CLEAN,1,WARM,476,0.218,100.00,34.38,483.01,483.01,চেক পঠ দেলতা উচ্চতা তিন শোতমিতার,চেকপয়েন্ট ডেল্টা উচ্চতা তিনশত মিটার,NO,
1787943041318,Redmi Note 9 Pro,12,bn,vakyansh_bengali_base.int8.onnx,int8,bn_17_coords_2,2.19,CLEAN,2,WARM,471,0.216,100.00,34.38,483.34,483.34,চেক পঠ দেলতা উচ্চতা তিন শোতমিতার,চেকপয়েন্ট ডেল্টা উচ্চতা তিনশত মিটার,NO,
1787943041868,Redmi Note 9 Pro,12,bn,vakyansh_bengali_base.int8.onnx,int8,bn_17_coords_2,2.19,CLEAN,3,WARM,468,0.214,100.00,34.38,483.69,483.69,চেক পঠ দেলতা উচ্চতা তিন শোতমিতার,চেকপয়েন্ট ডেল্টা উচ্চতা তিনশত মিটার,NO,
1787943042465,Redmi Note 9 Pro,12,bn,vakyansh_bengali_base.int8.onnx,int8,bn_18_coords_3,2.42,CLEAN,1,WARM,509,0.210,66.67,20.83,484.40,484.40,ভবনচার রুম নম্বর আকাশ মীরাপন্,ভবন চার রুম নম্বর আঠাশ নিরাপদ,NO,
1787943043068,Redmi Note 9 Pro,12,bn,vakyansh_bengali_base.int8.onnx,int8,bn_18_coords_3,2.42,CLEAN,2,WARM,510,0.211,66.67,20.83,481.93,481.93,ভবনচার রুম নম্বর আকাশ মীরাপন্,ভবন চার রুম নম্বর আঠাশ নিরাপদ,NO,
1787943043667,Redmi Note 9 Pro,12,bn,vakyansh_bengali_base.int8.onnx,int8,bn_18_coords_3,2.42,CLEAN,3,WARM,516,0.213,66.67,20.83,482.31,482.31,ভবনচার রুম নম্বর আকাশ মীরাপন্,ভবন চার রুম নম্বর আঠাশ নিরাপদ,NO,
1787943044246,Redmi Note 9 Pro,12,bn,vakyansh_bengali_base.int8.onnx,int8,bn_19_coords_4,2.30,CLEAN,1,WARM,498,0.217,57.14,10.81,482.84,482.84,গতিত্রিস কিলোমিটার প্রতিকখন্টা দক্ষিণ দিকে,গতি ত্রিশ কিলোমিটার প্রতি ঘণ্টা দক্ষিণ দিকে,NO,
1787943044836,Redmi Note 9 Pro,12,bn,vakyansh_bengali_base.int8.onnx,int8,bn_19_coords_4,2.30,CLEAN,2,WARM,517,0.225,57.14,10.81,483.21,483.21,গতিত্রিস কিলোমিটার প্রতিকখন্টা দক্ষিণ দিকে,গতি ত্রিশ কিলোমিটার প্রতি ঘণ্টা দক্ষিণ দিকে,NO,
1787943045436,Redmi Note 9 Pro,12,bn,vakyansh_bengali_base.int8.onnx,int8,bn_19_coords_4,2.30,CLEAN,3,WARM,523,0.227,57.14,10.81,483.57,483.57,গতিত্রিস কিলোমিটার প্রতিকখন্টা দক্ষিণ দিকে,গতি ত্রিশ কিলোমিটার প্রতি ঘণ্টা দক্ষিণ দিকে,NO,
1787943045986,Redmi Note 9 Pro,12,bn,vakyansh_bengali_base.int8.onnx,int8,bn_20_coords_5,2.07,CLEAN,1,WARM,464,0.224,66.67,25.00,484.09,484.09,রিলেট তাওয়ার পাঁচ সঙ্কেত আশি সদানশু,রিলে টাওয়ার পাঁচ সংকেত আশি শতাংশ,NO,
1787943046526,Redmi Note 9 Pro,12,bn,vakyansh_bengali_base.int8.onnx,int8,bn_20_coords_5,2.07,CLEAN,2,WARM,466,0.225,66.67,25.00,481.04,484.12,রিলেট তাওয়ার পাঁচ সঙ্কেত আশি সদানশু,রিলে টাওয়ার পাঁচ সংকেত আশি শতাংশ,NO,
1787943047077,Redmi Note 9 Pro,12,bn,vakyansh_bengali_base.int8.onnx,int8,bn_20_coords_5,2.07,CLEAN,3,WARM,472,0.228,66.67,25.00,481.38,481.38,রিলেট তাওয়ার পাঁচ সঙ্কেত আশি সদানশু,রিলে টাওয়ার পাঁচ সংকেত আশি শতাংশ,NO,
1787943048578,Redmi Note 9 Pro,12,bn,vakyansh_bengali_base.int8.onnx,int8,bn_21_long_tactical_1,6.29,CLEAN,1,WARM,1413,0.224,88.89,34.51,515.85,515.85,কনফায় আলফার অ্াপবেস বরা ভকে দেনা্ছে গ্রিট করিনে বিলিফে কাছে পশ্চিমসীমান বেনে পড়েছে অবিলম্বীর চিকিসার সাহায প্রজন্,কনভয় আলফা এক বেস ব্রাভোকে জানাচ্ছে গ্রিড কোঅর্ডিনেট বিয়াল্লিশের কাছে পশ্চিম সীমানা ভেঙে পড়েছে অবিলম্বে চিকিৎসা সাহায্য প্রয়োজন,NO,
1787943050109,Redmi Note 9 Pro,12,bn,vakyansh_bengali_base.int8.onnx,int8,bn_21_long_tactical_1,6.29,CLEAN,2,WARM,1451,0.231,88.89,34.51,515.39,515.94,কনফায় আলফার অ্াপবেস বরা ভকে দেনা্ছে গ্রিট করিনে বিলিফে কাছে পশ্চিমসীমান বেনে পড়েছে অবিলম্বীর চিকিসার সাহায প্রজন্,কনভয় আলফা এক বেস ব্রাভোকে জানাচ্ছে গ্রিড কোঅর্ডিনেট বিয়াল্লিশের কাছে পশ্চিম সীমানা ভেঙে পড়েছে অবিলম্বে চিকিৎসা সাহায্য প্রয়োজন,NO,
1787943051658,Redmi Note 9 Pro,12,bn,vakyansh_bengali_base.int8.onnx,int8,bn_21_long_tactical_1,6.29,CLEAN,3,WARM,1463,0.232,88.89,34.51,516.34,516.34,কনফায় আলফার অ্াপবেস বরা ভকে দেনা্ছে গ্রিট করিনে বিলিফে কাছে পশ্চিমসীমান বেনে পড়েছে অবিলম্বীর চিকিসার সাহায প্রজন্,কনভয় আলফা এক বেস ব্রাভোকে জানাচ্ছে গ্রিড কোঅর্ডিনেট বিয়াল্লিশের কাছে পশ্চিম সীমানা ভেঙে পড়েছে অবিলম্বে চিকিৎসা সাহায্য প্রয়োজন,NO,
1787943053289,Redmi Note 9 Pro,12,bn,vakyansh_bengali_base.int8.onnx,int8,bn_22_long_tactical_2,6.55,CLEAN,1,WARM,1538,0.235,42.11,11.00,519.98,519.98,স্টেশন ডেলতা নিশ্চিত করছে তিন নম্বর শেক লরে অক্সিজনের মাত্রা ত্রি শতানশে নেমে এসেছে সকল করবী দক্ষিণ কেটের দিকে যান,স্টেশন ডেল্টা নিশ্চিত করছে তিন নম্বর সেক্টরে অক্সিজেনের মাত্রা ত্রিশ শতাংশে নেমে এসেছে সকল কর্মী দক্ষিণ গেটের দিকে যান,YES,
1787943054941,Redmi Note 9 Pro,12,bn,vakyansh_bengali_base.int8.onnx,int8,bn_22_long_tactical_2,6.55,CLEAN,2,WARM,1568,0.240,42.11,11.00,520.96,520.96,স্টেশন ডেলতা নিশ্চিত করছে তিন নম্বর শেক লরে অক্সিজনের মাত্রা ত্রি শতানশে নেমে এসেছে সকল করবী দক্ষিণ কেটের দিকে যান,স্টেশন ডেল্টা নিশ্চিত করছে তিন নম্বর সেক্টরে অক্সিজেনের মাত্রা ত্রিশ শতাংশে নেমে এসেছে সকল কর্মী দক্ষিণ গেটের দিকে যান,YES,
1787943056611,Redmi Note 9 Pro,12,bn,vakyansh_bengali_base.int8.onnx,int8,bn_22_long_tactical_2,6.55,CLEAN,3,WARM,1588,0.243,42.11,11.00,521.95,521.95,স্টেশন ডেলতা নিশ্চিত করছে তিন নম্বর শেক লরে অক্সিজনের মাত্রা ত্রি শতানশে নেমে এসেছে সকল করবী দক্ষিণ কেটের দিকে যান,স্টেশন ডেল্টা নিশ্চিত করছে তিন নম্বর সেক্টরে অক্সিজেনের মাত্রা ত্রিশ শতাংশে নেমে এসেছে সকল কর্মী দক্ষিণ গেটের দিকে যান,YES,
1787943058351,Redmi Note 9 Pro,12,bn,vakyansh_bengali_base.int8.onnx,int8,bn_23_long_tactical_3,6.77,CLEAN,1,WARM,1643,0.243,42.11,20.79,524.87,524.87,অনুসন্ধান ও উধধরকারি দল বার বনা কবলিত অঞ্চলে এগে চলেছে জলস্তর দুই মিটার বৃত্যি পেছেক নকামোতন করা হয়েছে,অনুসন্ধান ও উদ্ধারকারী দল বারো বন্যা কবলিত অঞ্চলে এগিয়ে চলেছে জলস্তর দুই মিটার বৃদ্ধি পেয়েছে নৌকা মোতায়েন করা হয়েছে,YES,
1787943060127,Redmi Note 9 Pro,12,bn,vakyansh_bengali_base.int8.onnx,int8,bn_23_long_tactical_3,6.77,CLEAN,2,WARM,1682,0.248,42.11,20.79,525.87,525.87,অনুসন্ধান ও উধধরকারি দল বার বনা কবলিত অঞ্চলে এগে চলেছে জলস্তর দুই মিটার বৃত্যি পেছেক নকামোতন করা হয়েছে,অনুসন্ধান ও উদ্ধারকারী দল বারো বন্যা কবলিত অঞ্চলে এগিয়ে চলেছে জলস্তর দুই মিটার বৃদ্ধি পেয়েছে নৌকা মোতায়েন করা হয়েছে,YES,
1787943061935,Redmi Note 9 Pro,12,bn,vakyansh_bengali_base.int8.onnx,int8,bn_23_long_tactical_3,6.77,CLEAN,3,WARM,1713,0.253,42.11,20.79,526.88,526.88,অনুসন্ধান ও উধধরকারি দল বার বনা কবলিত অঞ্চলে এগে চলেছে জলস্তর দুই মিটার বৃত্যি পেছেক নকামোতন করা হয়েছে,অনুসন্ধান ও উদ্ধারকারী দল বারো বন্যা কবলিত অঞ্চলে এগিয়ে চলেছে জলস্তর দুই মিটার বৃদ্ধি পেয়েছে নৌকা মোতায়েন করা হয়েছে,YES,
1787943063845,Redmi Note 9 Pro,12,bn,vakyansh_bengali_base.int8.onnx,int8,bn_24_long_tactical_4,7.07,CLEAN,1,WARM,1804,0.255,63.16,16.50,576.20,576.20,জরুরি সতক্তা উপকলি সেক্টর সাথে তব্রোদ ছড়আধাধানতে চলেছে বাতাসের গতিশত্তর কিলোমিটার প্রতিঘণ্টার সকলে প্রস্তুত থাকুন,জরুরী সতর্কতা উপকূলীয় সেক্টর সাতে তীব্র ঝড় আঘাত হানতে চলেছে বাতাসের গতি সত্তর কিলোমিটার প্রতি ঘণ্টা সকলে প্রস্তুত থাকুন,NO,
1787943065831,Redmi Note 9 Pro,12,bn,vakyansh_bengali_base.int8.onnx,int8,bn_24_long_tactical_4,7.07,CLEAN,2,WARM,1877,0.266,63.16,16.50,665.67,665.67,জরুরি সতক্তা উপকলি সেক্টর সাথে তব্রোদ ছড়আধাধানতে চলেছে বাতাসের গতিশত্তর কিলোমিটার প্রতিঘণ্টার সকলে প্রস্তুত থাকুন,জরুরী সতর্কতা উপকূলীয় সেক্টর সাতে তীব্র ঝড় আঘাত হানতে চলেছে বাতাসের গতি সত্তর কিলোমিটার প্রতি ঘণ্টা সকলে প্রস্তুত থাকুন,NO,
1787943067782,Redmi Note 9 Pro,12,bn,vakyansh_bengali_base.int8.onnx,int8,bn_24_long_tactical_4,7.07,CLEAN,3,WARM,1829,0.259,63.16,16.50,666.73,666.73,জরুরি সতক্তা উপকলি সেক্টর সাথে তব্রোদ ছড়আধাধানতে চলেছে বাতাসের গতিশত্তর কিলোমিটার প্রতিঘণ্টার সকলে প্রস্তুত থাকুন,জরুরী সতর্কতা উপকূলীয় সেক্টর সাতে তীব্র ঝড় আঘাত হানতে চলেছে বাতাসের গতি সত্তর কিলোমিটার প্রতি ঘণ্টা সকলে প্রস্তুত থাকুন,NO,
1787943069389,Redmi Note 9 Pro,12,bn,vakyansh_bengali_base.int8.onnx,int8,bn_25_long_tactical_5,5.78,CLEAN,1,WARM,1480,0.256,58.82,14.61,668.26,668.26,কমান্ড সেনটার সকলরহ দলকে পশ্চিমভাইও জংশন চারে পোঁছাতে এবং রেডিও যোগাযুব বজায় রাখতে নি দেশ দি্ছে,কমান্ড সেন্টার সকল টহল দলকে পশ্চিম হাইওয়ে জংশন চারে পৌঁছাতে এবং রেডিও যোগাযোগ বজায় রাখতে নির্দেশ দিচ্ছে,YES,
1787943071148,Redmi Note 9 Pro,12,bn,vakyansh_bengali_base.int8.onnx,int8,bn_25_long_tactical_5,5.78,CLEAN,2,WARM,1631,0.282,58.82,14.61,665.86,665.86,কমান্ড সেনটার সকলরহ দলকে পশ্চিমভাইও জংশন চারে পোঁছাতে এবং রেডিও যোগাযুব বজায় রাখতে নি দেশ দি্ছে,কমান্ড সেন্টার সকল টহল দলকে পশ্চিম হাইওয়ে জংশন চারে পৌঁছাতে এবং রেডিও যোগাযোগ বজায় রাখতে নির্দেশ দিচ্ছে,YES,
1787943072879,Redmi Note 9 Pro,12,bn,vakyansh_bengali_base.int8.onnx,int8,bn_25_long_tactical_5,5.78,CLEAN,3,WARM,1606,0.278,58.82,14.61,666.72,666.72,কমান্ড সেনটার সকলরহ দলকে পশ্চিমভাইও জংশন চারে পোঁছাতে এবং রেডিও যোগাযুব বজায় রাখতে নি দেশ দি্ছে,কমান্ড সেন্টার সকল টহল দলকে পশ্চিম হাইওয়ে জংশন চারে পৌঁছাতে এবং রেডিও যোগাযোগ বজায় রাখতে নির্দেশ দিচ্ছে,YES,
1787943074701,Redmi Note 9 Pro,12,bn,vakyansh_bengali_base.int8.onnx,int8,bn_26_long_tactical_6,6.15,CLEAN,1,WARM,1692,0.275,62.50,13.48,668.27,668.27,চিকিৎসাত রানবারী কনভয নয়নম্বর শুবীরে পৌঁছােছে খাদ্য এবং প্রথমী চিকিসা সামগ্রি বিতরণ শুরু করা হচ্ছে,চিকিৎসা ত্রাণবাহী কনভয় নয় নম্বর শিবিরে পৌঁছেছে খাদ্য এবং প্রাথমিক চিকিৎসা সামগ্রী বিতরণ শুরু করা হচ্ছে,YES,
1787943076391,Redmi Note 9 Pro,12,bn,vakyansh_bengali_base.int8.onnx,int8,bn_26_long_tactical_6,6.15,CLEAN,2,WARM,1576,0.256,62.50,13.48,664.50,664.50,চিকিৎসাত রানবারী কনভয নয়নম্বর শুবীরে পৌঁছােছে খাদ্য এবং প্রথমী চিকিসা সামগ্রি বিতরণ শুরু করা হচ্ছে,চিকিৎসা ত্রাণবাহী কনভয় নয় নম্বর শিবিরে পৌঁছেছে খাদ্য এবং প্রাথমিক চিকিৎসা সামগ্রী বিতরণ শুরু করা হচ্ছে,YES,
1787943078069,Redmi Note 9 Pro,12,bn,vakyansh_bengali_base.int8.onnx,int8,bn_26_long_tactical_6,6.15,CLEAN,3,WARM,1577,0.257,62.50,13.48,665.43,665.43,চিকিৎসাত রানবারী কনভয নয়নম্বর শুবীরে পৌঁছােছে খাদ্য এবং প্রথমী চিকিসা সামগ্রি বিতরণ শুরু করা হচ্ছে,চিকিৎসা ত্রাণবাহী কনভয় নয় নম্বর শিবিরে পৌঁছেছে খাদ্য এবং প্রাথমিক চিকিৎসা সামগ্রী বিতরণ শুরু করা হচ্ছে,YES,
1787943079716,Redmi Note 9 Pro,12,bn,vakyansh_bengali_base.int8.onnx,int8,bn_27_long_tactical_7,6.02,CLEAN,1,WARM,1529,0.254,58.82,26.80,664.92,666.06,শকখ্াৎ দল জানে ছরিলে তাবার তিনে বিদ্যুত বিভার ঘটছে ব্যাকাপ জেনারেটর চালু করে সঞ্চোব স্বাভাবী করা হয়েছে,সুরক্ষা দল জানিয়েছে রিলে টাওয়ার তিনে বিদ্যুৎ বিভ্রাট ঘটেছে ব্যাকআপ জেনারেটর চালু করে সংযোগ স্বাভাবিক করা হয়েছে,NO,
1787943081320,Redmi Note 9 Pro,12,bn,vakyansh_bengali_base.int8.onnx,int8,bn_27_long_tactical_7,6.02,CLEAN,2,WARM,1496,0.248,58.82,26.80,665.84,665.84,শকখ্াৎ দল জানে ছরিলে তাবার তিনে বিদ্যুত বিভার ঘটছে ব্যাকাপ জেনারেটর চালু করে সঞ্চোব স্বাভাবী করা হয়েছে,সুরক্ষা দল জানিয়েছে রিলে টাওয়ার তিনে বিদ্যুৎ বিভ্রাট ঘটেছে ব্যাকআপ জেনারেটর চালু করে সংযোগ স্বাভাবিক করা হয়েছে,NO,
1787943082915,Redmi Note 9 Pro,12,bn,vakyansh_bengali_base.int8.onnx,int8,bn_27_long_tactical_7,6.02,CLEAN,3,WARM,1496,0.248,58.82,26.80,664.43,665.95,শকখ্াৎ দল জানে ছরিলে তাবার তিনে বিদ্যুত বিভার ঘটছে ব্যাকাপ জেনারেটর চালু করে সঞ্চোব স্বাভাবী করা হয়েছে,সুরক্ষা দল জানিয়েছে রিলে টাওয়ার তিনে বিদ্যুৎ বিভ্রাট ঘটেছে ব্যাকআপ জেনারেটর চালু করে সংযোগ স্বাভাবিক করা হয়েছে,NO,
1787943084494,Redmi Note 9 Pro,12,bn,vakyansh_bengali_base.int8.onnx,int8,bn_28_long_tactical_8,5.92,CLEAN,1,WARM,1474,0.249,62.50,25.51,665.87,665.87,ট্যাকটিক্যাল স্টোর ব্রাপ জঙ্গলের পত্তিযে আজ নাম্বর পদের দিকে এগচ্ছে পরিস্থিতির সম্পূর্ণ শান্ত ও নিরাপত,ট্যাকটিক্যাল স্কোয়াড ব্রাভো জঙ্গলের পথ দিয়ে পাঁচ নম্বর পয়েন্টের দিকে এগোচ্ছে পরিস্থিতি সম্পূর্ণ শান্ত ও নিরাপদ,YES,
1787943086013,Redmi Note 9 Pro,12,bn,vakyansh_bengali_base.int8.onnx,int8,bn_28_long_tactical_8,5.92,CLEAN,2,WARM,1425,0.241,62.50,25.51,666.76,666.76,ট্যাকটিক্যাল স্টোর ব্রাপ জঙ্গলের পত্তিযে আজ নাম্বর পদের দিকে এগচ্ছে পরিস্থিতির সম্পূর্ণ শান্ত ও নিরাপত,ট্যাকটিক্যাল স্কোয়াড ব্রাভো জঙ্গলের পথ দিয়ে পাঁচ নম্বর পয়েন্টের দিকে এগোচ্ছে পরিস্থিতি সম্পূর্ণ শান্ত ও নিরাপদ,YES,
1787943087534,Redmi Note 9 Pro,12,bn,vakyansh_bengali_base.int8.onnx,int8,bn_28_long_tactical_8,5.92,CLEAN,3,WARM,1430,0.241,62.50,25.51,664.90,666.84,ট্যাকটিক্যাল স্টোর ব্রাপ জঙ্গলের পত্তিযে আজ নাম্বর পদের দিকে এগচ্ছে পরিস্থিতির সম্পূর্ণ শান্ত ও নিরাপত,ট্যাকটিক্যাল স্কোয়াড ব্রাভো জঙ্গলের পথ দিয়ে পাঁচ নম্বর পয়েন্টের দিকে এগোচ্ছে পরিস্থিতি সম্পূর্ণ শান্ত ও নিরাপদ,YES,
1787943089418,Redmi Note 9 Pro,12,bn,vakyansh_bengali_base.int8.onnx,int8,bn_29_long_tactical_9,7.32,CLEAN,1,WARM,1776,0.242,61.11,12.24,666.66,666.66,প্রকোশলী দল নদী সেতটিকে ভারী জানবাহনের জন্য বিপর্জন ঘোষণা করেছে সমস্ত জান চলাচর পূর্বদিকে ঘুরি দেও়া হয়েছে,প্রকৌশলী দল নদীর সেতুটিকে ভারী যানবাহনের জন্য বিপজ্জনক ঘোষণা করেছে সমস্ত যান চলাচল পূর্ব দিকে ঘুরিয়ে দেওয়া হয়েছে,NO,
1787943091371,Redmi Note 9 Pro,12,bn,vakyansh_bengali_base.int8.onnx,int8,bn_29_long_tactical_9,7.32,CLEAN,2,WARM,1847,0.252,61.11,12.24,672.58,672.58,প্রকোশলী দল নদী সেতটিকে ভারী জানবাহনের জন্য বিপর্জন ঘোষণা করেছে সমস্ত জান চলাচর পূর্বদিকে ঘুরি দেও়া হয়েছে,প্রকৌশলী দল নদীর সেতুটিকে ভারী যানবাহনের জন্য বিপজ্জনক ঘোষণা করেছে সমস্ত যান চলাচল পূর্ব দিকে ঘুরিয়ে দেওয়া হয়েছে,NO,
1787943093330,Redmi Note 9 Pro,12,bn,vakyansh_bengali_base.int8.onnx,int8,bn_29_long_tactical_9,7.32,CLEAN,3,WARM,1855,0.253,61.11,12.24,669.51,672.65,প্রকোশলী দল নদী সেতটিকে ভারী জানবাহনের জন্য বিপর্জন ঘোষণা করেছে সমস্ত জান চলাচর পূর্বদিকে ঘুরি দেও়া হয়েছে,প্রকৌশলী দল নদীর সেতুটিকে ভারী যানবাহনের জন্য বিপজ্জনক ঘোষণা করেছে সমস্ত যান চলাচল পূর্ব দিকে ঘুরিয়ে দেওয়া হয়েছে,NO,
1787943095399,Redmi Note 9 Pro,12,bn,vakyansh_bengali_base.int8.onnx,int8,bn_30_long_tactical_10,7.88,CLEAN,1,WARM,1958,0.249,25.00,8.82,671.40,671.40,সদর দত্ত নিশ্চিত করছে সমস্ত প্রধান চক সুরক্ষিত রয়েছে রাতের টহল দল অভিলম্বে অবস্থান নিয়ে প্রতি আভ্ঘনটায় রিপোর্ট দিন,সদর দপ্তর নিশ্চিত করছে সমস্ত প্রধান চৌকি সুরক্ষিত রয়েছে রাতের টহল দল অবিলম্বে অবস্থান নিয়ে প্রতি আধ ঘণ্টায় রিপোর্ট দিন,YES,
1787943097424,Redmi Note 9 Pro,12,bn,vakyansh_bengali_base.int8.onnx,int8,bn_30_long_tactical_10,7.88,CLEAN,2,WARM,1934,0.245,25.00,8.82,682.96,682.96,সদর দত্ত নিশ্চিত করছে সমস্ত প্রধান চক সুরক্ষিত রয়েছে রাতের টহল দল অভিলম্বে অবস্থান নিয়ে প্রতি আভ্ঘনটায় রিপোর্ট দিন,সদর দপ্তর নিশ্চিত করছে সমস্ত প্রধান চৌকি সুরক্ষিত রয়েছে রাতের টহল দল অবিলম্বে অবস্থান নিয়ে প্রতি আধ ঘণ্টায় রিপোর্ট দিন,YES,
1787943099458,Redmi Note 9 Pro,12,bn,vakyansh_bengali_base.int8.onnx,int8,bn_30_long_tactical_10,7.88,CLEAN,3,WARM,1935,0.246,25.00,8.82,681.50,683.04,সদর দত্ত নিশ্চিত করছে সমস্ত প্রধান চক সুরক্ষিত রয়েছে রাতের টহল দল অভিলম্বে অবস্থান নিয়ে প্রতি আভ্ঘনটায় রিপোর্ট দিন,সদর দপ্তর নিশ্চিত করছে সমস্ত প্রধান চৌকি সুরক্ষিত রয়েছে রাতের টহল দল অবিলম্বে অবস্থান নিয়ে প্রতি আধ ঘণ্টায় রিপোর্ট দিন,YES,
1787943107861,Redmi Note 9 Pro,12,kn,vakyansh_kannada_base.int8.onnx,int8,kn_01_normal,5.06,CLEAN,1,COLD,1246,0.246,50.00,11.32,487.70,487.70,ಎಲ್ಲಾದಸ್ತು ಚೆಕ್ಪೋಸ್ತಕಳು ಸುರಕ್ಷಿತವಾಗಿವೆ ಎಂದು ವರದಿಯಾಗಿದೆ,ಎಲ್ಲಾ ಗಸ್ತು ಚೆಕ್‌ಪೋಸ್ಟ್‌ಗಳು ಸುರಕ್ಷಿತವಾಗಿವೆ ಎಂದು ವರದಿಯಾಗಿದೆ,NO,
1787943109152,Redmi Note 9 Pro,12,kn,vakyansh_kannada_base.int8.onnx,int8,kn_01_normal,5.06,CLEAN,2,WARM,1200,0.237,50.00,11.32,486.55,486.55,ಎಲ್ಲಾದಸ್ತು ಚೆಕ್ಪೋಸ್ತಕಳು ಸುರಕ್ಷಿತವಾಗಿವೆ ಎಂದು ವರದಿಯಾಗಿದೆ,ಎಲ್ಲಾ ಗಸ್ತು ಚೆಕ್‌ಪೋಸ್ಟ್‌ಗಳು ಸುರಕ್ಷಿತವಾಗಿವೆ ಎಂದು ವರದಿಯಾಗಿದೆ,NO,
1787943110399,Redmi Note 9 Pro,12,kn,vakyansh_kannada_base.int8.onnx,int8,kn_01_normal,5.06,CLEAN,3,WARM,1159,0.229,50.00,11.32,487.26,487.26,ಎಲ್ಲಾದಸ್ತು ಚೆಕ್ಪೋಸ್ತಕಳು ಸುರಕ್ಷಿತವಾಗಿವೆ ಎಂದು ವರದಿಯಾಗಿದೆ,ಎಲ್ಲಾ ಗಸ್ತು ಚೆಕ್‌ಪೋಸ್ಟ್‌ಗಳು ಸುರಕ್ಷಿತವಾಗಿವೆ ಎಂದು ವರದಿಯಾಗಿದೆ,NO,
1787943110848,Redmi Note 9 Pro,12,kn,vakyansh_kannada_base.int8.onnx,int8,kn_02_short,1.11,CLEAN,1,WARM,356,0.322,50.00,44.44,487.56,487.56,ತರೋಜನ್ನು ಬೇಸ್,ರೋಜರ್ ಬೇಸ್,NO,
1787943111277,Redmi Note 9 Pro,12,kn,vakyansh_kannada_base.int8.onnx,int8,kn_02_short,1.11,CLEAN,2,WARM,350,0.316,50.00,44.44,487.72,487.72,ತರೋಜನ್ನು ಬೇಸ್,ರೋಜರ್ ಬೇಸ್,NO,
1787943111707,Redmi Note 9 Pro,12,kn,vakyansh_kannada_base.int8.onnx,int8,kn_02_short,1.11,CLEAN,3,WARM,349,0.316,50.00,44.44,487.82,487.82,ತರೋಜನ್ನು ಬೇಸ್,ರೋಜರ್ ಬೇಸ್,NO,
1787943114358,Redmi Note 9 Pro,12,kn,vakyansh_kannada_base.int8.onnx,int8,kn_03_long,7.81,CLEAN,1,WARM,2547,0.326,25.00,5.56,547.83,547.83,ನಮ್ಮ ತಂದವು ಪಶ್ಚಿಮ ಹೆದ್ದಾರಿಯ ಮೂಲಕ ಜಂಕ್ಷನಗೇಲರ ಕಡೆಗೆ ಸಾಮಾನ್ಯ ನಿಯಮಗಳ ಪ್ರಕಾರ ಸಾಗುತ್ತಿದೆ,ನಮ್ಮ ತಂಡವು ಪಶ್ಚಿಮ ಹೆದ್ದಾರಿಯ ಮೂಲಕ ಜಂಕ್ಷನ್ ಏಳರ ಕಡೆಗೆ ಸಾಮಾನ್ಯ ನಿಯಮಗಳ ಪ್ರಕಾರ ಸಾಗುತ್ತಿದೆ,YES,
1787943116258,Redmi Note 9 Pro,12,kn,vakyansh_kannada_base.int8.onnx,int8,kn_03_long,7.81,CLEAN,2,WARM,1804,0.231,25.00,5.56,644.38,644.38,ನಮ್ಮ ತಂದವು ಪಶ್ಚಿಮ ಹೆದ್ದಾರಿಯ ಮೂಲಕ ಜಂಕ್ಷನಗೇಲರ ಕಡೆಗೆ ಸಾಮಾನ್ಯ ನಿಯಮಗಳ ಪ್ರಕಾರ ಸಾಗುತ್ತಿದೆ,ನಮ್ಮ ತಂಡವು ಪಶ್ಚಿಮ ಹೆದ್ದಾರಿಯ ಮೂಲಕ ಜಂಕ್ಷನ್ ಏಳರ ಕಡೆಗೆ ಸಾಮಾನ್ಯ ನಿಯಮಗಳ ಪ್ರಕಾರ ಸಾಗುತ್ತಿದೆ,YES,
1787943118146,Redmi Note 9 Pro,12,kn,vakyansh_kannada_base.int8.onnx,int8,kn_03_long,7.81,CLEAN,3,WARM,1795,0.230,25.00,5.56,645.52,645.52,ನಮ್ಮ ತಂದವು ಪಶ್ಚಿಮ ಹೆದ್ದಾರಿಯ ಮೂಲಕ ಜಂಕ್ಷನಗೇಲರ ಕಡೆಗೆ ಸಾಮಾನ್ಯ ನಿಯಮಗಳ ಪ್ರಕಾರ ಸಾಗುತ್ತಿದೆ,ನಮ್ಮ ತಂಡವು ಪಶ್ಚಿಮ ಹೆದ್ದಾರಿಯ ಮೂಲಕ ಜಂಕ್ಷನ್ ಏಳರ ಕಡೆಗೆ ಸಾಮಾನ್ಯ ನಿಯಮಗಳ ಪ್ರಕಾರ ಸಾಗುತ್ತಿದೆ,YES,
1787943119490,Redmi Note 9 Pro,12,kn,vakyansh_kannada_base.int8.onnx,int8,kn_04_numbers,5.64,CLEAN,1,WARM,1246,0.221,37.50,16.39,654.97,654.97,ತಂಡದಲ್ಲಿ ಹನ್ನೆರಡು ಸದಸ್ಯರಿದ್ದಾರೆ ಮತ್ತು ಬಾಟರಿ ೈದು ಪ್ರತಿಷತ ಇದೆ,ತಂಡದಲ್ಲಿ ಹನ್ನೆರಡು ಸದಸ್ಯರಿದ್ದಾರೆ ಮತ್ತು ಬ್ಯಾಟರಿ ಎಪ್ಪತ್ತೈದು ಪ್ರತಿಶತ ಇದೆ,YES,
1787943120808,Redmi Note 9 Pro,12,kn,vakyansh_kannada_base.int8.onnx,int8,kn_04_numbers,5.64,CLEAN,2,WARM,1224,0.217,37.50,16.39,655.79,655.79,ತಂಡದಲ್ಲಿ ಹನ್ನೆರಡು ಸದಸ್ಯರಿದ್ದಾರೆ ಮತ್ತು ಬಾಟರಿ ೈದು ಪ್ರತಿಷತ ಇದೆ,ತಂಡದಲ್ಲಿ ಹನ್ನೆರಡು ಸದಸ್ಯರಿದ್ದಾರೆ ಮತ್ತು ಬ್ಯಾಟರಿ ಎಪ್ಪತ್ತೈದು ಪ್ರತಿಶತ ಇದೆ,YES,
1787943122111,Redmi Note 9 Pro,12,kn,vakyansh_kannada_base.int8.onnx,int8,kn_04_numbers,5.64,CLEAN,3,WARM,1218,0.216,37.50,16.39,653.64,655.84,ತಂಡದಲ್ಲಿ ಹನ್ನೆರಡು ಸದಸ್ಯರಿದ್ದಾರೆ ಮತ್ತು ಬಾಟರಿ ೈದು ಪ್ರತಿಷತ ಇದೆ,ತಂಡದಲ್ಲಿ ಹನ್ನೆರಡು ಸದಸ್ಯರಿದ್ದಾರೆ ಮತ್ತು ಬ್ಯಾಟರಿ ಎಪ್ಪತ್ತೈದು ಪ್ರತಿಶತ ಇದೆ,YES,
1787943123271,Redmi Note 9 Pro,12,kn,vakyansh_kannada_base.int8.onnx,int8,kn_05_location,4.96,CLEAN,1,WARM,1052,0.212,42.86,8.16,654.82,654.82,ಸ್ಟೇಷನ್ ಆಲ್ಪಾ ಮುಖ್ಯ ಧ್ವರದಿಂದ ಐವತ್ತು ಮೀಟರು ಉತ್ತರದಲ್ಲಿದೆ,ಸ್ಟೇಷನ್ ಆಲ್ಫಾ ಮುಖ್ಯ ದ್ವಾರದಿಂದ ಐವತ್ತು ಮೀಟರ್ ಉತ್ತರದಲ್ಲಿದೆ,YES,
1787943124419,Redmi Note 9 Pro,12,kn,vakyansh_kannada_base.int8.onnx,int8,kn_05_location,4.96,CLEAN,2,WARM,1061,0.214,42.86,8.16,655.57,655.57,ಸ್ಟೇಷನ್ ಆಲ್ಪಾ ಮುಖ್ಯ ಧ್ವರದಿಂದ ಐವತ್ತು ಮೀಟರು ಉತ್ತರದಲ್ಲಿದೆ,ಸ್ಟೇಷನ್ ಆಲ್ಫಾ ಮುಖ್ಯ ದ್ವಾರದಿಂದ ಐವತ್ತು ಮೀಟರ್ ಉತ್ತರದಲ್ಲಿದೆ,YES,
1787943125621,Redmi Note 9 Pro,12,kn,vakyansh_kannada_base.int8.onnx,int8,kn_05_location,4.96,CLEAN,3,WARM,1113,0.225,42.86,8.16,651.92,655.61,ಸ್ಟೇಷನ್ ಆಲ್ಪಾ ಮುಖ್ಯ ಧ್ವರದಿಂದ ಐವತ್ತು ಮೀಟರು ಉತ್ತರದಲ್ಲಿದೆ,ಸ್ಟೇಷನ್ ಆಲ್ಫಾ ಮುಖ್ಯ ದ್ವಾರದಿಂದ ಐವತ್ತು ಮೀಟರ್ ಉತ್ತರದಲ್ಲಿದೆ,YES,
1787943127011,Redmi Note 9 Pro,12,kn,vakyansh_kannada_base.int8.onnx,int8,kn_06_emergency,5.72,CLEAN,1,WARM,1290,0.225,42.86,13.73,654.89,654.89,ತೂತು ಎಚ್ಚೇರಿಕೆ ಸೆಟ್ಟ ನಾಲ್ಕರಲ್ಲಿ ತಕ್ಷಣದ ಸಹಾಯದ ಅಗತ್ಯವಿದೆ,ತುರ್ತು ಎಚ್ಚರಿಕೆ ಸೆಕ್ಟರ್ ನಾಲ್ಕರಲ್ಲಿ ತಕ್ಷಣದ ಸಹಾಯದ ಅಗತ್ಯವಿದೆ,NO,
1787943128395,Redmi Note 9 Pro,12,kn,vakyansh_kannada_base.int8.onnx,int8,kn_06_emergency,5.72,CLEAN,2,WARM,1290,0.225,42.86,13.73,655.72,655.72,ತೂತು ಎಚ್ಚೇರಿಕೆ ಸೆಟ್ಟ ನಾಲ್ಕರಲ್ಲಿ ತಕ್ಷಣದ ಸಹಾಯದ ಅಗತ್ಯವಿದೆ,ತುರ್ತು ಎಚ್ಚರಿಕೆ ಸೆಕ್ಟರ್ ನಾಲ್ಕರಲ್ಲಿ ತಕ್ಷಣದ ಸಹಾಯದ ಅಗತ್ಯವಿದೆ,NO,
1787943129883,Redmi Note 9 Pro,12,kn,vakyansh_kannada_base.int8.onnx,int8,kn_06_emergency,5.72,CLEAN,3,WARM,1403,0.245,42.86,13.73,654.75,655.76,ತೂತು ಎಚ್ಚೇರಿಕೆ ಸೆಟ್ಟ ನಾಲ್ಕರಲ್ಲಿ ತಕ್ಷಣದ ಸಹಾಯದ ಅಗತ್ಯವಿದೆ,ತುರ್ತು ಎಚ್ಚರಿಕೆ ಸೆಕ್ಟರ್ ನಾಲ್ಕರಲ್ಲಿ ತಕ್ಷಣದ ಸಹಾಯದ ಅಗತ್ಯವಿದೆ,NO,
1787943131092,Redmi Note 9 Pro,12,kn,vakyansh_kannada_base.int8.onnx,int8,kn_07_radio,4.85,CLEAN,1,WARM,1112,0.229,50.00,15.38,655.88,655.88,ತರೇಡಿಯೋ ತಪಾಸನೆ ನನ್ನ ಧ್ವನಿ ಕೇಳಿಸುತ್ತಿದೆಯೇ,ರೇಡಿಯೋ ತಪಾಸಣೆ ನನ್ನ ಧ್ವನಿ ಕೇಳಿಸುತ್ತಿದೆಯೇ ಓವರ್,YES,
1787943132301,Redmi Note 9 Pro,12,kn,vakyansh_kannada_base.int8.onnx,int8,kn_07_radio,4.85,CLEAN,2,WARM,1118,0.231,50.00,15.38,656.60,656.60,ತರೇಡಿಯೋ ತಪಾಸನೆ ನನ್ನ ಧ್ವನಿ ಕೇಳಿಸುತ್ತಿದೆಯೇ,ರೇಡಿಯೋ ತಪಾಸಣೆ ನನ್ನ ಧ್ವನಿ ಕೇಳಿಸುತ್ತಿದೆಯೇ ಓವರ್,YES,
1787943133502,Redmi Note 9 Pro,12,kn,vakyansh_kannada_base.int8.onnx,int8,kn_07_radio,4.85,CLEAN,3,WARM,1112,0.229,50.00,15.38,653.51,656.64,ತರೇಡಿಯೋ ತಪಾಸನೆ ನನ್ನ ಧ್ವನಿ ಕೇಳಿಸುತ್ತಿದೆಯೇ,ರೇಡಿಯೋ ತಪಾಸಣೆ ನನ್ನ ಧ್ವನಿ ಕೇಳಿಸುತ್ತಿದೆಯೇ ಓವರ್,YES,
1787943134378,Redmi Note 9 Pro,12,kn,vakyansh_kannada_base.int8.onnx,int8,kn_08_punct,3.37,CLEAN,1,WARM,767,0.227,60.00,0.00,654.36,654.36,ಅಲ್ಲೇ ಇರಿಮುಂದಿನ ಆ ದೇಶಕ್ಕಾಗಿ ಕಾಯಿರಿ,ಅಲ್ಲೇ ಇರಿ ಮುಂದಿನ ಆದೇಶಕ್ಕಾಗಿ ಕಾಯಿರಿ,YES,
1787943135263,Redmi Note 9 Pro,12,kn,vakyansh_kannada_base.int8.onnx,int8,kn_08_punct,3.37,CLEAN,2,WARM,795,0.236,60.00,0.00,654.86,654.86,ಅಲ್ಲೇ ಇರಿಮುಂದಿನ ಆ ದೇಶಕ್ಕಾಗಿ ಕಾಯಿರಿ,ಅಲ್ಲೇ ಇರಿ ಮುಂದಿನ ಆದೇಶಕ್ಕಾಗಿ ಕಾಯಿರಿ,YES,
1787943136143,Redmi Note 9 Pro,12,kn,vakyansh_kannada_base.int8.onnx,int8,kn_08_punct,3.37,CLEAN,3,WARM,792,0.235,60.00,0.00,655.33,655.33,ಅಲ್ಲೇ ಇರಿಮುಂದಿನ ಆ ದೇಶಕ್ಕಾಗಿ ಕಾಯಿರಿ,ಅಲ್ಲೇ ಇರಿ ಮುಂದಿನ ಆದೇಶಕ್ಕಾಗಿ ಕಾಯಿರಿ,YES,
1787943137513,Redmi Note 9 Pro,12,kn,vakyansh_kannada_base.int8.onnx,int8,kn_09_proper_nouns,5.28,CLEAN,1,WARM,1268,0.240,33.33,7.41,654.57,655.86,ತಂಡದ ನಾಯಕ ವಿಕ್ರಂ ಬೇಸ್ನಲ್ಲಿ ಕ್ಯಾಪ್ಟನ್ ಶರ್ಮ ಅವರನ್ನು ಭೇಟಿ ಮಾಡಿ,ತಂಡದ ನಾಯಕ ವಿಕ್ರಮ್ ಬೇಸ್‌ನಲ್ಲಿ ಕ್ಯಾಪ್ಟನ್ ಶರ್ಮಾ ಅವರನ್ನು ಭೇಟಿ ಮಾಡಿ,YES,
1787943138878,Redmi Note 9 Pro,12,kn,vakyansh_kannada_base.int8.onnx,int8,kn_09_proper_nouns,5.28,CLEAN,2,WARM,1271,0.241,33.33,7.41,655.34,655.34,ತಂಡದ ನಾಯಕ ವಿಕ್ರಂ ಬೇಸ್ನಲ್ಲಿ ಕ್ಯಾಪ್ಟನ್ ಶರ್ಮ ಅವರನ್ನು ಭೇಟಿ ಮಾಡಿ,ತಂಡದ ನಾಯಕ ವಿಕ್ರಮ್ ಬೇಸ್‌ನಲ್ಲಿ ಕ್ಯಾಪ್ಟನ್ ಶರ್ಮಾ ಅವರನ್ನು ಭೇಟಿ ಮಾಡಿ,YES,
1787943140286,Redmi Note 9 Pro,12,kn,vakyansh_kannada_base.int8.onnx,int8,kn_09_proper_nouns,5.28,CLEAN,3,WARM,1311,0.248,33.33,7.41,656.15,656.15,ತಂಡದ ನಾಯಕ ವಿಕ್ರಂ ಬೇಸ್ನಲ್ಲಿ ಕ್ಯಾಪ್ಟನ್ ಶರ್ಮ ಅವರನ್ನು ಭೇಟಿ ಮಾಡಿ,ತಂಡದ ನಾಯಕ ವಿಕ್ರಮ್ ಬೇಸ್‌ನಲ್ಲಿ ಕ್ಯಾಪ್ಟನ್ ಶರ್ಮಾ ಅವರನ್ನು ಭೇಟಿ ಮಾಡಿ,YES,
1787943141395,Redmi Note 9 Pro,12,kn,vakyansh_kannada_base.int8.onnx,int8,kn_10_fast,4.11,CLEAN,1,WARM,1002,0.244,16.67,5.26,653.38,656.58,ತ್ರಿತಾ ಮಾಹಿತಿ ತಂಡವು ಈಗ ಆವರಣ ಪ್ರವೇಶಿಸುತ್ತಿದೆ,ತ್ವರಿತ ಮಾಹಿತಿ ತಂಡವು ಈಗ ಆವರಣ ಪ್ರವೇಶಿಸುತ್ತಿದೆ,YES,
1787943142497,Redmi Note 9 Pro,12,kn,vakyansh_kannada_base.int8.onnx,int8,kn_10_fast,4.11,CLEAN,2,WARM,1003,0.244,16.67,5.26,653.97,653.97,ತ್ರಿತಾ ಮಾಹಿತಿ ತಂಡವು ಈಗ ಆವರಣ ಪ್ರವೇಶಿಸುತ್ತಿದೆ,ತ್ವರಿತ ಮಾಹಿತಿ ತಂಡವು ಈಗ ಆವರಣ ಪ್ರವೇಶಿಸುತ್ತಿದೆ,YES,
1787943143612,Redmi Note 9 Pro,12,kn,vakyansh_kannada_base.int8.onnx,int8,kn_10_fast,4.11,CLEAN,3,WARM,1004,0.244,16.67,5.26,654.60,654.60,ತ್ರಿತಾ ಮಾಹಿತಿ ತಂಡವು ಈಗ ಆವರಣ ಪ್ರವೇಶಿಸುತ್ತಿದೆ,ತ್ವರಿತ ಮಾಹಿತಿ ತಂಡವು ಈಗ ಆವರಣ ಪ್ರವೇಶಿಸುತ್ತಿದೆ,YES,
1787943144704,Redmi Note 9 Pro,12,kn,vakyansh_kannada_base.int8.onnx,int8,kn_11_tactical_1,4.06,CLEAN,1,WARM,984,0.243,57.14,14.29,655.57,655.57,ಕರೆಟ್ ಆಲರ್ಥಎಲ್ಲಾ ತಂದಗಳು ಸುರಕ್ಷಿತ ಸ್ಥಳಕ್ಕೆ ತೆರಳಿ,ರೆಡ್ ಅಲರ್ಟ್ ಎಲ್ಲಾ ತಂಡಗಳು ಸುರಕ್ಷಿತ ಸ್ಥಳಕ್ಕೆ ತೆರಳಿ,NO,
1787943145752,Redmi Note 9 Pro,12,kn,vakyansh_kannada_base.int8.onnx,int8,kn_11_tactical_1,4.06,CLEAN,2,WARM,958,0.236,57.14,14.29,656.18,656.18,ಕರೆಟ್ ಆಲರ್ಥಎಲ್ಲಾ ತಂದಗಳು ಸುರಕ್ಷಿತ ಸ್ಥಳಕ್ಕೆ ತೆರಳಿ,ರೆಡ್ ಅಲರ್ಟ್ ಎಲ್ಲಾ ತಂಡಗಳು ಸುರಕ್ಷಿತ ಸ್ಥಳಕ್ಕೆ ತೆರಳಿ,NO,
1787943146813,Redmi Note 9 Pro,12,kn,vakyansh_kannada_base.int8.onnx,int8,kn_11_tactical_1,4.06,CLEAN,3,WARM,965,0.238,57.14,14.29,654.23,656.33,ಕರೆಟ್ ಆಲರ್ಥಎಲ್ಲಾ ತಂದಗಳು ಸುರಕ್ಷಿತ ಸ್ಥಳಕ್ಕೆ ತೆರಳಿ,ರೆಡ್ ಅಲರ್ಟ್ ಎಲ್ಲಾ ತಂಡಗಳು ಸುರಕ್ಷಿತ ಸ್ಥಳಕ್ಕೆ ತೆರಳಿ,NO,
1787943147872,Redmi Note 9 Pro,12,kn,vakyansh_kannada_base.int8.onnx,int8,kn_12_tactical_2,4.05,CLEAN,1,WARM,959,0.237,60.00,15.56,655.20,655.20,ವೈದ್ಯಕ್ಕೀಯ ತಂಡವನ್ನು ಸೆಕ್ತ ಒಂಬತ್ತಕ್ಕೆ ಕಳೆಯಿಸಲಾಗಿದೆ,ವೈದ್ಯಕೀಯ ತಂಡವನ್ನು ಸೆಕ್ಟರ್ ಒಂಬತ್ತಕ್ಕೆ ಕಳುಹಿಸಲಾಗಿದೆ,YES,
1787943148928,Redmi Note 9 Pro,12,kn,vakyansh_kannada_base.int8.onnx,int8,kn_12_tactical_2,4.05,CLEAN,2,WARM,965,0.238,60.00,15.56,655.80,655.80,ವೈದ್ಯಕ್ಕೀಯ ತಂಡವನ್ನು ಸೆಕ್ತ ಒಂಬತ್ತಕ್ಕೆ ಕಳೆಯಿಸಲಾಗಿದೆ,ವೈದ್ಯಕೀಯ ತಂಡವನ್ನು ಸೆಕ್ಟರ್ ಒಂಬತ್ತಕ್ಕೆ ಕಳುಹಿಸಲಾಗಿದೆ,YES,
1787943149989,Redmi Note 9 Pro,12,kn,vakyansh_kannada_base.int8.onnx,int8,kn_12_tactical_2,4.05,CLEAN,3,WARM,968,0.239,60.00,15.56,656.46,656.46,ವೈದ್ಯಕ್ಕೀಯ ತಂಡವನ್ನು ಸೆಕ್ತ ಒಂಬತ್ತಕ್ಕೆ ಕಳೆಯಿಸಲಾಗಿದೆ,ವೈದ್ಯಕೀಯ ತಂಡವನ್ನು ಸೆಕ್ಟರ್ ಒಂಬತ್ತಕ್ಕೆ ಕಳುಹಿಸಲಾಗಿದೆ,YES,
1787943151741,Redmi Note 9 Pro,12,kn,vakyansh_kannada_base.int8.onnx,int8,kn_13_tactical_3,5.10,CLEAN,1,WARM,1654,0.324,33.33,7.89,653.86,656.89,ಆಲಜನಕ ಮಟ್ಟ ನಲವತ್ತು ಪ್ರತಿಷತ ತಕ್ಷಣ ಹೊರಬನ್ನಿ,ಆಮ್ಲಜನಕ ಮಟ್ಟ ನಲವತ್ತು ಪ್ರತಿಶತ ತಕ್ಷಣ ಹೊರಬನ್ನಿ,YES,
1787943153494,Redmi Note 9 Pro,12,kn,vakyansh_kannada_base.int8.onnx,int8,kn_13_tactical_3,5.10,CLEAN,2,WARM,1660,0.325,33.33,7.89,654.60,654.60,ಆಲಜನಕ ಮಟ್ಟ ನಲವತ್ತು ಪ್ರತಿಷತ ತಕ್ಷಣ ಹೊರಬನ್ನಿ,ಆಮ್ಲಜನಕ ಮಟ್ಟ ನಲವತ್ತು ಪ್ರತಿಶತ ತಕ್ಷಣ ಹೊರಬನ್ನಿ,YES,
1787943154980,Redmi Note 9 Pro,12,kn,vakyansh_kannada_base.int8.onnx,int8,kn_13_tactical_3,5.10,CLEAN,3,WARM,1397,0.274,33.33,7.89,655.34,655.34,ಆಲಜನಕ ಮಟ್ಟ ನಲವತ್ತು ಪ್ರತಿಷತ ತಕ್ಷಣ ಹೊರಬನ್ನಿ,ಆಮ್ಲಜನಕ ಮಟ್ಟ ನಲವತ್ತು ಪ್ರತಿಶತ ತಕ್ಷಣ ಹೊರಬನ್ನಿ,YES,
1787943155980,Redmi Note 9 Pro,12,kn,vakyansh_kannada_base.int8.onnx,int8,kn_14_tactical_4,4.14,CLEAN,1,WARM,908,0.219,20.00,5.26,654.13,655.88,ಗೋದಾಮು ಎರಡರಲ್ಲಿ ದಟವಾದ ಹೊಗೆ ಕಾಣಿಸಿಕೊಂಡಿದೆ,ಗೋದಾಮು ಎರಡರಲ್ಲಿ ದಟ್ಟವಾದ ಹೊಗೆ ಕಾಣಿಸಿಕೊಂಡಿದೆ,YES,
1787943156983,Redmi Note 9 Pro,12,kn,vakyansh_kannada_base.int8.onnx,int8,kn_14_tactical_4,4.14,CLEAN,2,WARM,912,0.220,20.00,5.26,654.74,654.74,ಗೋದಾಮು ಎರಡರಲ್ಲಿ ದಟವಾದ ಹೊಗೆ ಕಾಣಿಸಿಕೊಂಡಿದೆ,ಗೋದಾಮು ಎರಡರಲ್ಲಿ ದಟ್ಟವಾದ ಹೊಗೆ ಕಾಣಿಸಿಕೊಂಡಿದೆ,YES,
1787943157992,Redmi Note 9 Pro,12,kn,vakyansh_kannada_base.int8.onnx,int8,kn_14_tactical_4,4.14,CLEAN,3,WARM,917,0.222,20.00,5.26,655.34,655.34,ಗೋದಾಮು ಎರಡರಲ್ಲಿ ದಟವಾದ ಹೊಗೆ ಕಾಣಿಸಿಕೊಂಡಿದೆ,ಗೋದಾಮು ಎರಡರಲ್ಲಿ ದಟ್ಟವಾದ ಹೊಗೆ ಕಾಣಿಸಿಕೊಂಡಿದೆ,YES,
1787943158895,Redmi Note 9 Pro,12,kn,vakyansh_kannada_base.int8.onnx,int8,kn_15_tactical_5,3.67,CLEAN,1,WARM,799,0.218,20.00,6.90,653.36,655.72,ತೆಗಡಿ ಬೇಲಿ ಬಳಿ ಅನುಮಾನಾಸ್ಪದ ಚಟುವಟಿಕೆ,ಗಡಿ ಬೇಲಿ ಬಳಿ ಅನುಮಾನಾಸ್ಪದ ಚಟುವಟಿಕೆ,YES,
1787943159767,Redmi Note 9 Pro,12,kn,vakyansh_kannada_base.int8.onnx,int8,kn_15_tactical_5,3.67,CLEAN,2,WARM,790,0.216,20.00,6.90,653.86,653.86,ತೆಗಡಿ ಬೇಲಿ ಬಳಿ ಅನುಮಾನಾಸ್ಪದ ಚಟುವಟಿಕೆ,ಗಡಿ ಬೇಲಿ ಬಳಿ ಅನುಮಾನಾಸ್ಪದ ಚಟುವಟಿಕೆ,YES,
1787943160645,Redmi Note 9 Pro,12,kn,vakyansh_kannada_base.int8.onnx,int8,kn_15_tactical_5,3.67,CLEAN,3,WARM,787,0.215,20.00,6.90,654.40,654.40,ತೆಗಡಿ ಬೇಲಿ ಬಳಿ ಅನುಮಾನಾಸ್ಪದ ಚಟುವಟಿಕೆ,ಗಡಿ ಬೇಲಿ ಬಳಿ ಅನುಮಾನಾಸ್ಪದ ಚಟುವಟಿಕೆ,YES,
1787943161919,Redmi Note 9 Pro,12,kn,vakyansh_kannada_base.int8.onnx,int8,kn_16_coords_1,5.50,CLEAN,1,WARM,1180,0.215,50.00,13.73,655.69,655.69,ಅಕ್ಷಾಂಶ ಹನ್ನೆರಡು ಪಾಯಿಐದು ರೇಖಾಂಶ ಎಪ್ಪತ್ತೇಳು ಪಾಯಿರು,ಅಕ್ಷಾಂಶ ಹನ್ನೆರಡು ಪಾಯಿಂಟ್ ಐದು ರೇಖಾಂಶ ಎಪ್ಪತ್ತೇಳು ಪಾಯಿಂಟ್ ಆರು,YES,
1787943163193,Redmi Note 9 Pro,12,kn,vakyansh_kannada_base.int8.onnx,int8,kn_16_coords_1,5.50,CLEAN,2,WARM,1182,0.215,50.00,13.73,654.48,655.73,ಅಕ್ಷಾಂಶ ಹನ್ನೆರಡು ಪಾಯಿಐದು ರೇಖಾಂಶ ಎಪ್ಪತ್ತೇಳು ಪಾಯಿರು,ಅಕ್ಷಾಂಶ ಹನ್ನೆರಡು ಪಾಯಿಂಟ್ ಐದು ರೇಖಾಂಶ ಎಪ್ಪತ್ತೇಳು ಪಾಯಿಂಟ್ ಆರು,YES,
1787943164470,Redmi Note 9 Pro,12,kn,vakyansh_kannada_base.int8.onnx,int8,kn_16_coords_1,5.50,CLEAN,3,WARM,1196,0.217,50.00,13.73,655.28,655.28,ಅಕ್ಷಾಂಶ ಹನ್ನೆರಡು ಪಾಯಿಐದು ರೇಖಾಂಶ ಎಪ್ಪತ್ತೇಳು ಪಾಯಿರು,ಅಕ್ಷಾಂಶ ಹನ್ನೆರಡು ಪಾಯಿಂಟ್ ಐದು ರೇಖಾಂಶ ಎಪ್ಪತ್ತೇಳು ಪಾಯಿಂಟ್ ಆರು,YES,
1787943165367,Redmi Note 9 Pro,12,kn,vakyansh_kannada_base.int8.onnx,int8,kn_17_coords_2,3.55,CLEAN,1,WARM,793,0.224,80.00,27.78,656.15,656.15,ಚೆಕ್ಪಾಯಿಂ ದೆಲ್ತಾ ತರ ಮುನ್ನೂರು ಮೀತರೆ,ಚೆಕ್‌ಪಾಯಿಂಟ್ ಡೆಲ್ಟಾ ಎತ್ತರ ಮುನ್ನೂರು ಮೀಟರ್,NO,
1787943166239,Redmi Note 9 Pro,12,kn,vakyansh_kannada_base.int8.onnx,int8,kn_17_coords_2,3.55,CLEAN,2,WARM,789,0.222,80.00,27.78,653.32,656.18,ಚೆಕ್ಪಾಯಿಂ ದೆಲ್ತಾ ತರ ಮುನ್ನೂರು ಮೀತರೆ,ಚೆಕ್‌ಪಾಯಿಂಟ್ ಡೆಲ್ಟಾ ಎತ್ತರ ಮುನ್ನೂರು ಮೀಟರ್,NO,
1787943167249,Redmi Note 9 Pro,12,kn,vakyansh_kannada_base.int8.onnx,int8,kn_17_coords_2,3.55,CLEAN,3,WARM,925,0.261,80.00,27.78,653.86,653.86,ಚೆಕ್ಪಾಯಿಂ ದೆಲ್ತಾ ತರ ಮುನ್ನೂರು ಮೀತರೆ,ಚೆಕ್‌ಪಾಯಿಂಟ್ ಡೆಲ್ಟಾ ಎತ್ತರ ಮುನ್ನೂರು ಮೀಟರ್,NO,
1787943168360,Redmi Note 9 Pro,12,kn,vakyansh_kannada_base.int8.onnx,int8,kn_18_coords_3,4.56,CLEAN,1,WARM,1015,0.222,50.00,7.32,654.94,654.94,ಕಟ್ಟಡ ನಾಲ್ಕು ಕೊಟಡಿ ಸಂಖ್ಯೆ ಇಪ್ಪತ್ತೆಂತು ಸುರಕ್ಷಿ,ಕಟ್ಟಡ ನಾಲ್ಕು ಕೊಠಡಿ ಸಂಖ್ಯೆ ಇಪ್ಪತ್ತೆಂಟು ಸುರಕ್ಷಿತ,YES,
1787943169477,Redmi Note 9 Pro,12,kn,vakyansh_kannada_base.int8.onnx,int8,kn_18_coords_3,4.56,CLEAN,2,WARM,1030,0.226,50.00,7.32,655.61,655.61,ಕಟ್ಟಡ ನಾಲ್ಕು ಕೊಟಡಿ ಸಂಖ್ಯೆ ಇಪ್ಪತ್ತೆಂತು ಸುರಕ್ಷಿ,ಕಟ್ಟಡ ನಾಲ್ಕು ಕೊಠಡಿ ಸಂಖ್ಯೆ ಇಪ್ಪತ್ತೆಂಟು ಸುರಕ್ಷಿತ,YES,
1787943171012,Redmi Note 9 Pro,12,kn,vakyansh_kannada_base.int8.onnx,int8,kn_18_coords_3,4.56,CLEAN,3,WARM,1451,0.318,50.00,7.32,654.30,655.65,ಕಟ್ಟಡ ನಾಲ್ಕು ಕೊಟಡಿ ಸಂಖ್ಯೆ ಇಪ್ಪತ್ತೆಂತು ಸುರಕ್ಷಿ,ಕಟ್ಟಡ ನಾಲ್ಕು ಕೊಠಡಿ ಸಂಖ್ಯೆ ಇಪ್ಪತ್ತೆಂಟು ಸುರಕ್ಷಿತ,YES,
1787943172622,Redmi Note 9 Pro,12,kn,vakyansh_kannada_base.int8.onnx,int8,kn_19_coords_4,4.81,CLEAN,1,WARM,1508,0.313,0.00,0.00,655.45,655.45,ವೇಗ ಮೂವತ್ತು ಕಿಲೋಮೀಟರ್ ಪ್ರತಿ ಗಂಟೆಗೆ ದಕ್ಷಿಣದ ಕಡೆ,ವೇಗ ಮೂವತ್ತು ಕಿಲೋಮೀಟರ್ ಪ್ರತಿ ಗಂಟೆಗೆ ದಕ್ಷಿಣದ ಕಡೆ,YES,
1787943173801,Redmi Note 9 Pro,12,kn,vakyansh_kannada_base.int8.onnx,int8,kn_19_coords_4,4.81,CLEAN,2,WARM,1094,0.227,0.00,0.00,656.17,656.17,ವೇಗ ಮೂವತ್ತು ಕಿಲೋಮೀಟರ್ ಪ್ರತಿ ಗಂಟೆಗೆ ದಕ್ಷಿಣದ ಕಡೆ,ವೇಗ ಮೂವತ್ತು ಕಿಲೋಮೀಟರ್ ಪ್ರತಿ ಗಂಟೆಗೆ ದಕ್ಷಿಣದ ಕಡೆ,YES,
1787943175005,Redmi Note 9 Pro,12,kn,vakyansh_kannada_base.int8.onnx,int8,kn_19_coords_4,4.81,CLEAN,3,WARM,1120,0.233,0.00,0.00,653.56,656.17,ವೇಗ ಮೂವತ್ತು ಕಿಲೋಮೀಟರ್ ಪ್ರತಿ ಗಂಟೆಗೆ ದಕ್ಷಿಣದ ಕಡೆ,ವೇಗ ಮೂವತ್ತು ಕಿಲೋಮೀಟರ್ ಪ್ರತಿ ಗಂಟೆಗೆ ದಕ್ಷಿಣದ ಕಡೆ,YES,
1787943175923,Redmi Note 9 Pro,12,kn,vakyansh_kannada_base.int8.onnx,int8,kn_20_coords_5,3.49,CLEAN,1,WARM,819,0.235,50.00,15.63,654.43,654.43,ಗರಿಲೇ ಟವರು ಐದು ಸಿಗ್ನಲ್ ಎಂಬತ್ತು ಪ್ರತಿಷ್ಠ,ರಿಲೇ ಟವರ್ ಐದು ಸಿಗ್ನಲ್ ಎಂಬತ್ತು ಪ್ರತಿಶತ,YES,
1787943176843,Redmi Note 9 Pro,12,kn,vakyansh_kannada_base.int8.onnx,int8,kn_20_coords_5,3.49,CLEAN,2,WARM,829,0.237,50.00,15.63,654.92,654.92,ಗರಿಲೇ ಟವರು ಐದು ಸಿಗ್ನಲ್ ಎಂಬತ್ತು ಪ್ರತಿಷ್ಠ,ರಿಲೇ ಟವರ್ ಐದು ಸಿಗ್ನಲ್ ಎಂಬತ್ತು ಪ್ರತಿಶತ,YES,
1787943177752,Redmi Note 9 Pro,12,kn,vakyansh_kannada_base.int8.onnx,int8,kn_20_coords_5,3.49,CLEAN,3,WARM,817,0.234,50.00,15.63,655.43,655.43,ಗರಿಲೇ ಟವರು ಐದು ಸಿಗ್ನಲ್ ಎಂಬತ್ತು ಪ್ರತಿಷ್ಠ,ರಿಲೇ ಟವರ್ ಐದು ಸಿಗ್ನಲ್ ಎಂಬತ್ತು ಪ್ರತಿಶತ,YES,
1787943180718,Redmi Note 9 Pro,12,kn,vakyansh_kannada_base.int8.onnx,int8,kn_21_long_tactical_1,10.91,CLEAN,1,WARM,2855,0.262,61.11,19.44,656.34,656.60,ಕಾನ್ವಾಯ್ಅಲ್ದ ಒಂದು ಬೇಸ್ಬ್ರಾವಗೆ ವರದಿ ಮಾಡುತ್ತದೆ ಸಮನ್ವಯ್ಯ ನಲವತ್ತೆರಡರ ಬಳಿ ಪಶ್ಚಿಮಬೇಲಿ ಮುರಿದಿದೆ ವದ್ಯಕಯ ನೆರವ ಬೇಕು,ಕಾನ್ವಾಯ್ ಆಲ್ಫಾ ಒಂದು ಬೇಸ್ ಬ್ರಾವೋಗೆ ವರದಿ ಮಾಡುತ್ತದೆ ಗ್ರಿಡ್ ಸಮನ್ವಯ ನಲವತ್ತೆರಡರ ಬಳಿ ಪಶ್ಚಿಮ ಬೇಲಿ ಮುರಿದಿದೆ ತುರ್ತು ವೈದ್ಯಕೀಯ ನೆರವು ಬೇಕು,YES,
1787943183727,Redmi Note 9 Pro,12,kn,vakyansh_kannada_base.int8.onnx,int8,kn_21_long_tactical_1,10.91,CLEAN,2,WARM,2910,0.267,61.11,19.44,712.83,712.83,ಕಾನ್ವಾಯ್ಅಲ್ದ ಒಂದು ಬೇಸ್ಬ್ರಾವಗೆ ವರದಿ ಮಾಡುತ್ತದೆ ಸಮನ್ವಯ್ಯ ನಲವತ್ತೆರಡರ ಬಳಿ ಪಶ್ಚಿಮಬೇಲಿ ಮುರಿದಿದೆ ವದ್ಯಕಯ ನೆರವ ಬೇಕು,ಕಾನ್ವಾಯ್ ಆಲ್ಫಾ ಒಂದು ಬೇಸ್ ಬ್ರಾವೋಗೆ ವರದಿ ಮಾಡುತ್ತದೆ ಗ್ರಿಡ್ ಸಮನ್ವಯ ನಲವತ್ತೆರಡರ ಬಳಿ ಪಶ್ಚಿಮ ಬೇಲಿ ಮುರಿದಿದೆ ತುರ್ತು ವೈದ್ಯಕೀಯ ನೆರವು ಬೇಕು,YES,
1787943186811,Redmi Note 9 Pro,12,kn,vakyansh_kannada_base.int8.onnx,int8,kn_21_long_tactical_1,10.91,CLEAN,3,WARM,2976,0.273,61.11,19.44,714.41,714.41,ಕಾನ್ವಾಯ್ಅಲ್ದ ಒಂದು ಬೇಸ್ಬ್ರಾವಗೆ ವರದಿ ಮಾಡುತ್ತದೆ ಸಮನ್ವಯ್ಯ ನಲವತ್ತೆರಡರ ಬಳಿ ಪಶ್ಚಿಮಬೇಲಿ ಮುರಿದಿದೆ ವದ್ಯಕಯ ನೆರವ ಬೇಕು,ಕಾನ್ವಾಯ್ ಆಲ್ಫಾ ಒಂದು ಬೇಸ್ ಬ್ರಾವೋಗೆ ವರದಿ ಮಾಡುತ್ತದೆ ಗ್ರಿಡ್ ಸಮನ್ವಯ ನಲವತ್ತೆರಡರ ಬಳಿ ಪಶ್ಚಿಮ ಬೇಲಿ ಮುರಿದಿದೆ ತುರ್ತು ವೈದ್ಯಕೀಯ ನೆರವು ಬೇಕು,YES,
1787943189778,Redmi Note 9 Pro,12,kn,vakyansh_kannada_base.int8.onnx,int8,kn_22_long_tactical_2,10.40,CLEAN,1,WARM,2836,0.273,93.33,37.96,714.88,715.45,ಸ್ಟೇಷನ್ ಗೆಲ್ತಾ ದುಡ್ಡಪಡಿಸುತ್ತದೆ ಸೆಕ್ಟ್ೂರರಲ್ಲಿ ಜನಕ ಟ ಪ್ರತಿಷಕೇಳಿದದೆ ಎಲ್ಲಾಸಿಬ್ಬದಿ ದಕ್ಷಿಣಿ,ಸ್ಟೇಷನ್ ಡೆಲ್ಟಾ ದೃಢಪಡಿಸುತ್ತದೆ ಸೆಕ್ಟರ್ ಮೂರರಲ್ಲಿ ಆಮ್ಲಜನಕ ಮಟ್ಟ ಮೂವತ್ತು ಪ್ರತಿಶತಕ್ಕೆ ಇಳಿದಿದೆ ಎಲ್ಲಾ ಸಿಬ್ಬಂದಿ ದಕ್ಷಿಣ ಗೇಟ್‌ಗೆ ತೆರಳಿ,YES,
1787943192959,Redmi Note 9 Pro,12,kn,vakyansh_kannada_base.int8.onnx,int8,kn_22_long_tactical_2,10.40,CLEAN,2,WARM,3053,0.294,93.33,37.96,716.35,716.35,ಸ್ಟೇಷನ್ ಗೆಲ್ತಾ ದುಡ್ಡಪಡಿಸುತ್ತದೆ ಸೆಕ್ಟ್ೂರರಲ್ಲಿ ಜನಕ ಟ ಪ್ರತಿಷಕೇಳಿದದೆ ಎಲ್ಲಾಸಿಬ್ಬದಿ ದಕ್ಷಿಣಿ,ಸ್ಟೇಷನ್ ಡೆಲ್ಟಾ ದೃಢಪಡಿಸುತ್ತದೆ ಸೆಕ್ಟರ್ ಮೂರರಲ್ಲಿ ಆಮ್ಲಜನಕ ಮಟ್ಟ ಮೂವತ್ತು ಪ್ರತಿಶತಕ್ಕೆ ಇಳಿದಿದೆ ಎಲ್ಲಾ ಸಿಬ್ಬಂದಿ ದಕ್ಷಿಣ ಗೇಟ್‌ಗೆ ತೆರಳಿ,YES,
1787943196001,Redmi Note 9 Pro,12,kn,vakyansh_kannada_base.int8.onnx,int8,kn_22_long_tactical_2,10.40,CLEAN,3,WARM,2908,0.280,93.33,37.96,712.76,716.42,ಸ್ಟೇಷನ್ ಗೆಲ್ತಾ ದುಡ್ಡಪಡಿಸುತ್ತದೆ ಸೆಕ್ಟ್ೂರರಲ್ಲಿ ಜನಕ ಟ ಪ್ರತಿಷಕೇಳಿದದೆ ಎಲ್ಲಾಸಿಬ್ಬದಿ ದಕ್ಷಿಣಿ,ಸ್ಟೇಷನ್ ಡೆಲ್ಟಾ ದೃಢಪಡಿಸುತ್ತದೆ ಸೆಕ್ಟರ್ ಮೂರರಲ್ಲಿ ಆಮ್ಲಜನಕ ಮಟ್ಟ ಮೂವತ್ತು ಪ್ರತಿಶತಕ್ಕೆ ಇಳಿದಿದೆ ಎಲ್ಲಾ ಸಿಬ್ಬಂದಿ ದಕ್ಷಿಣ ಗೇಟ್‌ಗೆ ತೆರಳಿ,YES,
1787943199562,Redmi Note 9 Pro,12,kn,vakyansh_kannada_base.int8.onnx,int8,kn_23_long_tactical_3,12.26,CLEAN,1,WARM,3435,0.280,18.75,5.41,723.14,723.14,ಶೋಧನೆ ಮತ್ತು ರಕ್ಷಣ ತಂಡ ಹನ್ನೆರಡು ಪ್ರವಾಹ ಪೀಡಿತ ಪ್ರದೇಶಕ್ಕೆ ಮುನ್ನಡೆಯುತ್ತಿದೆ ನೀರಿನ ಮಟ್ಟ ಎರಡು ನೀತ ಏರಿಕೆಯಾಗಿದ್ದು ದೋಣಿ ನಿಯೋದಿಸಲಾಗಿದೆ,ಶೋಧನೆ ಮತ್ತು ರಕ್ಷಣಾ ತಂಡ ಹನ್ನೆರಡು ಪ್ರವಾಹ ಪೀಡಿತ ಪ್ರದೇಶಕ್ಕೆ ಮುನ್ನಡೆಯುತ್ತಿದೆ ನೀರಿನ ಮಟ್ಟ ಎರಡು ಮೀಟರ್ ಏರಿಕೆಯಾಗಿದ್ದು ದೋಣಿ ನಿಯೋಜಿಸಲಾಗಿದೆ,YES,
1787943202949,Redmi Note 9 Pro,12,kn,vakyansh_kannada_base.int8.onnx,int8,kn_23_long_tactical_3,12.26,CLEAN,2,WARM,3282,0.268,18.75,5.41,748.03,748.03,ಶೋಧನೆ ಮತ್ತು ರಕ್ಷಣ ತಂಡ ಹನ್ನೆರಡು ಪ್ರವಾಹ ಪೀಡಿತ ಪ್ರದೇಶಕ್ಕೆ ಮುನ್ನಡೆಯುತ್ತಿದೆ ನೀರಿನ ಮಟ್ಟ ಎರಡು ನೀತ ಏರಿಕೆಯಾಗಿದ್ದು ದೋಣಿ ನಿಯೋದಿಸಲಾಗಿದೆ,ಶೋಧನೆ ಮತ್ತು ರಕ್ಷಣಾ ತಂಡ ಹನ್ನೆರಡು ಪ್ರವಾಹ ಪೀಡಿತ ಪ್ರದೇಶಕ್ಕೆ ಮುನ್ನಡೆಯುತ್ತಿದೆ ನೀರಿನ ಮಟ್ಟ ಎರಡು ಮೀಟರ್ ಏರಿಕೆಯಾಗಿದ್ದು ದೋಣಿ ನಿಯೋಜಿಸಲಾಗಿದೆ,YES,
1787943206268,Redmi Note 9 Pro,12,kn,vakyansh_kannada_base.int8.onnx,int8,kn_23_long_tactical_3,12.26,CLEAN,3,WARM,3209,0.262,18.75,5.41,749.72,749.72,ಶೋಧನೆ ಮತ್ತು ರಕ್ಷಣ ತಂಡ ಹನ್ನೆರಡು ಪ್ರವಾಹ ಪೀಡಿತ ಪ್ರದೇಶಕ್ಕೆ ಮುನ್ನಡೆಯುತ್ತಿದೆ ನೀರಿನ ಮಟ್ಟ ಎರಡು ನೀತ ಏರಿಕೆಯಾಗಿದ್ದು ದೋಣಿ ನಿಯೋದಿಸಲಾಗಿದೆ,ಶೋಧನೆ ಮತ್ತು ರಕ್ಷಣಾ ತಂಡ ಹನ್ನೆರಡು ಪ್ರವಾಹ ಪೀಡಿತ ಪ್ರದೇಶಕ್ಕೆ ಮುನ್ನಡೆಯುತ್ತಿದೆ ನೀರಿನ ಮಟ್ಟ ಎರಡು ಮೀಟರ್ ಏರಿಕೆಯಾಗಿದ್ದು ದೋಣಿ ನಿಯೋಜಿಸಲಾಗಿದೆ,YES,
1787943209301,Redmi Note 9 Pro,12,kn,vakyansh_kannada_base.int8.onnx,int8,kn_24_long_tactical_4,11.32,CLEAN,1,WARM,2907,0.257,57.14,10.68,746.97,746.97,ತುತ್ತು ಎಚ್ಚರಿಕೆ ಕರಾವಳಿ ಸೆರಳಲ್ಲಿ ಬೀಕರ ಚಂಡ ಮಾರುತ ಅಪಪಳಿಸುತ್ತಿದೆ ಗಾಳಿಯ ವೇಗ ಗಂಟೆಗೆ ಎಪಪತ್ತು ಕಿಲೋಮೀಟರ್ ಜಾಗರೂಕರಾಗಿರೆ,ತುರ್ತು ಎಚ್ಚರಿಕೆ ಕರಾವಳಿ ಸೆಕ್ಟರ್ ಏಳರಲ್ಲಿ ಭೀಕರ ಚಂಡಮಾರುತ ಅಪ್ಪಳಿಸುತ್ತಿದೆ ಗಾಳಿಯ ವೇಗ ಗಂಟೆಗೆ ಎಪ್ಪತ್ತು ಕಿಲೋಮೀಟರ್ ಜಾಗರೂಕರಾಗಿರಿ,NO,
1787943212431,Redmi Note 9 Pro,12,kn,vakyansh_kannada_base.int8.onnx,int8,kn_24_long_tactical_4,11.32,CLEAN,2,WARM,3026,0.267,57.14,10.68,745.78,747.04,ತುತ್ತು ಎಚ್ಚರಿಕೆ ಕರಾವಳಿ ಸೆರಳಲ್ಲಿ ಬೀಕರ ಚಂಡ ಮಾರುತ ಅಪಪಳಿಸುತ್ತಿದೆ ಗಾಳಿಯ ವೇಗ ಗಂಟೆಗೆ ಎಪಪತ್ತು ಕಿಲೋಮೀಟರ್ ಜಾಗರೂಕರಾಗಿರೆ,ತುರ್ತು ಎಚ್ಚರಿಕೆ ಕರಾವಳಿ ಸೆಕ್ಟರ್ ಏಳರಲ್ಲಿ ಭೀಕರ ಚಂಡಮಾರುತ ಅಪ್ಪಳಿಸುತ್ತಿದೆ ಗಾಳಿಯ ವೇಗ ಗಂಟೆಗೆ ಎಪ್ಪತ್ತು ಕಿಲೋಮೀಟರ್ ಜಾಗರೂಕರಾಗಿರಿ,NO,
1787943215569,Redmi Note 9 Pro,12,kn,vakyansh_kannada_base.int8.onnx,int8,kn_24_long_tactical_4,11.32,CLEAN,3,WARM,3031,0.268,57.14,10.68,747.47,748.94,ತುತ್ತು ಎಚ್ಚರಿಕೆ ಕರಾವಳಿ ಸೆರಳಲ್ಲಿ ಬೀಕರ ಚಂಡ ಮಾರುತ ಅಪಪಳಿಸುತ್ತಿದೆ ಗಾಳಿಯ ವೇಗ ಗಂಟೆಗೆ ಎಪಪತ್ತು ಕಿಲೋಮೀಟರ್ ಜಾಗರೂಕರಾಗಿರೆ,ತುರ್ತು ಎಚ್ಚರಿಕೆ ಕರಾವಳಿ ಸೆಕ್ಟರ್ ಏಳರಲ್ಲಿ ಭೀಕರ ಚಂಡಮಾರುತ ಅಪ್ಪಳಿಸುತ್ತಿದೆ ಗಾಳಿಯ ವೇಗ ಗಂಟೆಗೆ ಎಪ್ಪತ್ತು ಕಿಲೋಮೀಟರ್ ಜಾಗರೂಕರಾಗಿರಿ,NO,
1787943218402,Redmi Note 9 Pro,12,kn,vakyansh_kannada_base.int8.onnx,int8,kn_25_long_tactical_5,10.18,CLEAN,1,WARM,2704,0.266,21.43,4.00,749.89,749.89,ಕಮಾಂಡ್ ಸೆಂಟಲ್ ಎಲ್ಲಾ ಗಸ್ತು ತಂಡೆಗಳಿಗೆ ಪಶ್ಚಿಮ ಹೆದ್ದಾರಿ ಜಂಕ್ಷನ್ ನಾಕಕ್ಕೆ ತಲುಪಲು ಮತ್ತು ರೇಡಿಯೋ ಸಂಪರ್ಕದಲ್ಲಿರಲು ಆದೇಶಿಸಿದೆ,ಕಮಾಂಡ್ ಸೆಂಟರ್ ಎಲ್ಲಾ ಗಸ್ತು ತಂಡಗಳಿಗೆ ಪಶ್ಚಿಮ ಹೆದ್ದಾರಿ ಜಂಕ್ಷನ್ ನಾಲ್ಕಕ್ಕೆ ತಲುಪಲು ಮತ್ತು ರೇಡಿಯೋ ಸಂಪರ್ಕದಲ್ಲಿರಲು ಆದೇಶಿಸಿದೆ,YES,
1787943221168,Redmi Note 9 Pro,12,kn,vakyansh_kannada_base.int8.onnx,int8,kn_25_long_tactical_5,10.18,CLEAN,2,WARM,2657,0.261,21.43,4.00,747.82,749.97,ಕಮಾಂಡ್ ಸೆಂಟಲ್ ಎಲ್ಲಾ ಗಸ್ತು ತಂಡೆಗಳಿಗೆ ಪಶ್ಚಿಮ ಹೆದ್ದಾರಿ ಜಂಕ್ಷನ್ ನಾಕಕ್ಕೆ ತಲುಪಲು ಮತ್ತು ರೇಡಿಯೋ ಸಂಪರ್ಕದಲ್ಲಿರಲು ಆದೇಶಿಸಿದೆ,ಕಮಾಂಡ್ ಸೆಂಟರ್ ಎಲ್ಲಾ ಗಸ್ತು ತಂಡಗಳಿಗೆ ಪಶ್ಚಿಮ ಹೆದ್ದಾರಿ ಜಂಕ್ಷನ್ ನಾಲ್ಕಕ್ಕೆ ತಲುಪಲು ಮತ್ತು ರೇಡಿಯೋ ಸಂಪರ್ಕದಲ್ಲಿರಲು ಆದೇಶಿಸಿದೆ,YES,
1787943223996,Redmi Note 9 Pro,12,kn,vakyansh_kannada_base.int8.onnx,int8,kn_25_long_tactical_5,10.18,CLEAN,3,WARM,2711,0.266,21.43,4.00,749.32,749.32,ಕಮಾಂಡ್ ಸೆಂಟಲ್ ಎಲ್ಲಾ ಗಸ್ತು ತಂಡೆಗಳಿಗೆ ಪಶ್ಚಿಮ ಹೆದ್ದಾರಿ ಜಂಕ್ಷನ್ ನಾಕಕ್ಕೆ ತಲುಪಲು ಮತ್ತು ರೇಡಿಯೋ ಸಂಪರ್ಕದಲ್ಲಿರಲು ಆದೇಶಿಸಿದೆ,ಕಮಾಂಡ್ ಸೆಂಟರ್ ಎಲ್ಲಾ ಗಸ್ತು ತಂಡಗಳಿಗೆ ಪಶ್ಚಿಮ ಹೆದ್ದಾರಿ ಜಂಕ್ಷನ್ ನಾಲ್ಕಕ್ಕೆ ತಲುಪಲು ಮತ್ತು ರೇಡಿಯೋ ಸಂಪರ್ಕದಲ್ಲಿರಲು ಆದೇಶಿಸಿದೆ,YES,
1787943227121,Redmi Note 9 Pro,12,kn,vakyansh_kannada_base.int8.onnx,int8,kn_26_long_tactical_6,10.78,CLEAN,1,WARM,3009,0.279,28.57,5.21,746.87,746.87,ವೈದ್ಯಕಿಯ ನೆರವು ಕನ್ಮಾಯ್ ಒಂಬತ್ತನೆ ಪರಿಹಾರ ಶಿವಿರಕ್ಕೆ ತಲುಪಿದೆ ಆಹಾರ ಮತ್ತು ಪ್ರಥಮ ಚಿಕಿತ್ಸಾ ಸಾಮಗ್ರಿ ವಿತರಣೆ ಆರಂಭವಾಗಿದೆ,ವೈದ್ಯಕೀಯ ನೆರವು ಕಾನ್ವಾಯ್ ಒಂಬತ್ತನೇ ಪರಿಹಾರ ಶಿಬಿರಕ್ಕೆ ತಲುಪಿದೆ ಆಹಾರ ಮತ್ತು ಪ್ರಥಮ ಚಿಕಿತ್ಸಾ ಸಾಮಗ್ರಿ ವಿತರಣೆ ಆರಂಭವಾಗಿದೆ,YES,
1787943230280,Redmi Note 9 Pro,12,kn,vakyansh_kannada_base.int8.onnx,int8,kn_26_long_tactical_6,10.78,CLEAN,2,WARM,3039,0.282,28.57,5.21,745.69,746.94,ವೈದ್ಯಕಿಯ ನೆರವು ಕನ್ಮಾಯ್ ಒಂಬತ್ತನೆ ಪರಿಹಾರ ಶಿವಿರಕ್ಕೆ ತಲುಪಿದೆ ಆಹಾರ ಮತ್ತು ಪ್ರಥಮ ಚಿಕಿತ್ಸಾ ಸಾಮಗ್ರಿ ವಿತರಣೆ ಆರಂಭವಾಗಿದೆ,ವೈದ್ಯಕೀಯ ನೆರವು ಕಾನ್ವಾಯ್ ಒಂಬತ್ತನೇ ಪರಿಹಾರ ಶಿಬಿರಕ್ಕೆ ತಲುಪಿದೆ ಆಹಾರ ಮತ್ತು ಪ್ರಥಮ ಚಿಕಿತ್ಸಾ ಸಾಮಗ್ರಿ ವಿತರಣೆ ಆರಂಭವಾಗಿದೆ,YES,
1787943233589,Redmi Note 9 Pro,12,kn,vakyansh_kannada_base.int8.onnx,int8,kn_26_long_tactical_6,10.78,CLEAN,3,WARM,3181,0.295,28.57,5.21,747.25,747.25,ವೈದ್ಯಕಿಯ ನೆರವು ಕನ್ಮಾಯ್ ಒಂಬತ್ತನೆ ಪರಿಹಾರ ಶಿವಿರಕ್ಕೆ ತಲುಪಿದೆ ಆಹಾರ ಮತ್ತು ಪ್ರಥಮ ಚಿಕಿತ್ಸಾ ಸಾಮಗ್ರಿ ವಿತರಣೆ ಆರಂಭವಾಗಿದೆ,ವೈದ್ಯಕೀಯ ನೆರವು ಕಾನ್ವಾಯ್ ಒಂಬತ್ತನೇ ಪರಿಹಾರ ಶಿಬಿರಕ್ಕೆ ತಲುಪಿದೆ ಆಹಾರ ಮತ್ತು ಪ್ರಥಮ ಚಿಕಿತ್ಸಾ ಸಾಮಗ್ರಿ ವಿತರಣೆ ಆರಂಭವಾಗಿದೆ,YES,
1787943236572,Redmi Note 9 Pro,12,kn,vakyansh_kannada_base.int8.onnx,int8,kn_27_long_tactical_7,9.17,CLEAN,1,WARM,2843,0.310,53.85,9.89,749.43,749.43,ಪ್ರೀಲೆ ತವರ್ಮೂರರಲ್ಲಿ ವಿದ್ಯುತ್ ತಗಿ ತಗೊಂಡಿದೆ ಎಂದು ತಂಡ ತಿಳಿಸಿದೆ ಜನರೇಟರ್ ಚಾಲನೆ ಮಾಡಿ ಸಂಪರ್ಕ ಪುನಸ ಸ್ಥಾಪಿಸಲಾಗಿದೆ,ರಿಲೇ ಟವರ್ ಮೂರರಲ್ಲಿ ವಿದ್ಯುತ್ ಸ್ಥಗಿತಗೊಂಡಿದೆ ಎಂದು ತಂಡ ತಿಳಿಸಿದೆ ಜನರೇಟರ್ ಚಾಲನೆ ಮಾಡಿ ಸಂಪರ್ಕ ಪುನಃಸ್ಥಾಪಿಸಲಾಗಿದೆ,NO,
1787943239819,Redmi Note 9 Pro,12,kn,vakyansh_kannada_base.int8.onnx,int8,kn_27_long_tactical_7,9.17,CLEAN,2,WARM,3116,0.340,53.85,9.89,747.49,749.50,ಪ್ರೀಲೆ ತವರ್ಮೂರರಲ್ಲಿ ವಿದ್ಯುತ್ ತಗಿ ತಗೊಂಡಿದೆ ಎಂದು ತಂಡ ತಿಳಿಸಿದೆ ಜನರೇಟರ್ ಚಾಲನೆ ಮಾಡಿ ಸಂಪರ್ಕ ಪುನಸ ಸ್ಥಾಪಿಸಲಾಗಿದೆ,ರಿಲೇ ಟವರ್ ಮೂರರಲ್ಲಿ ವಿದ್ಯುತ್ ಸ್ಥಗಿತಗೊಂಡಿದೆ ಎಂದು ತಂಡ ತಿಳಿಸಿದೆ ಜನರೇಟರ್ ಚಾಲನೆ ಮಾಡಿ ಸಂಪರ್ಕ ಪುನಃಸ್ಥಾಪಿಸಲಾಗಿದೆ,NO,
1787943242565,Redmi Note 9 Pro,12,kn,vakyansh_kannada_base.int8.onnx,int8,kn_27_long_tactical_7,9.17,CLEAN,3,WARM,2624,0.286,53.85,9.89,748.77,748.77,ಪ್ರೀಲೆ ತವರ್ಮೂರರಲ್ಲಿ ವಿದ್ಯುತ್ ತಗಿ ತಗೊಂಡಿದೆ ಎಂದು ತಂಡ ತಿಳಿಸಿದೆ ಜನರೇಟರ್ ಚಾಲನೆ ಮಾಡಿ ಸಂಪರ್ಕ ಪುನಸ ಸ್ಥಾಪಿಸಲಾಗಿದೆ,ರಿಲೇ ಟವರ್ ಮೂರರಲ್ಲಿ ವಿದ್ಯುತ್ ಸ್ಥಗಿತಗೊಂಡಿದೆ ಎಂದು ತಂಡ ತಿಳಿಸಿದೆ ಜನರೇಟರ್ ಚಾಲನೆ ಮಾಡಿ ಸಂಪರ್ಕ ಪುನಃಸ್ಥಾಪಿಸಲಾಗಿದೆ,NO,
1787943245723,Redmi Note 9 Pro,12,kn,vakyansh_kannada_base.int8.onnx,int8,kn_28_long_tactical_8,9.70,CLEAN,1,WARM,3018,0.311,35.71,17.58,746.29,749.60,ತಂಡ ಬ್ರಾವೋ ಅರಣ್ಯ ಮಾರ್ಗದ ಮೂಲಕ ಪಾಯದಕ್ಕೆ ಚಲಿಸುತ್ತಿದೆ ಯಾವುದೇ ಅನುಮಾನಸ್ಪದ ಚಟುವಟಿಕೆ ಇಲ್ಲ ಎಲ ುಷ,ತಂಡ ಬ್ರಾವೋ ಅರಣ್ಯ ಮಾರ್ಗದ ಮೂಲಕ ಪಾಯಿಂಟ್ ಐದಕ್ಕೆ ಚಲಿಸುತ್ತಿದೆ ಯಾವುದೇ ಅನುಮಾನಾಸ್ಪದ ಚಟುವಟಿಕೆ ಇಲ್ಲ ಎಲ್ಲವೂ ಸುರಕ್ಷಿತ,YES,
1787943248953,Redmi Note 9 Pro,12,kn,vakyansh_kannada_base.int8.onnx,int8,kn_28_long_tactical_8,9.70,CLEAN,2,WARM,3090,0.319,35.71,17.58,747.68,747.68,ತಂಡ ಬ್ರಾವೋ ಅರಣ್ಯ ಮಾರ್ಗದ ಮೂಲಕ ಪಾಯದಕ್ಕೆ ಚಲಿಸುತ್ತಿದೆ ಯಾವುದೇ ಅನುಮಾನಸ್ಪದ ಚಟುವಟಿಕೆ ಇಲ್ಲ ಎಲ ುಷ,ತಂಡ ಬ್ರಾವೋ ಅರಣ್ಯ ಮಾರ್ಗದ ಮೂಲಕ ಪಾಯಿಂಟ್ ಐದಕ್ಕೆ ಚಲಿಸುತ್ತಿದೆ ಯಾವುದೇ ಅನುಮಾನಾಸ್ಪದ ಚಟುವಟಿಕೆ ಇಲ್ಲ ಎಲ್ಲವೂ ಸುರಕ್ಷಿತ,YES,
1787943251913,Redmi Note 9 Pro,12,kn,vakyansh_kannada_base.int8.onnx,int8,kn_28_long_tactical_8,9.70,CLEAN,3,WARM,2830,0.292,35.71,17.58,746.40,747.75,ತಂಡ ಬ್ರಾವೋ ಅರಣ್ಯ ಮಾರ್ಗದ ಮೂಲಕ ಪಾಯದಕ್ಕೆ ಚಲಿಸುತ್ತಿದೆ ಯಾವುದೇ ಅನುಮಾನಸ್ಪದ ಚಟುವಟಿಕೆ ಇಲ್ಲ ಎಲ ುಷ,ತಂಡ ಬ್ರಾವೋ ಅರಣ್ಯ ಮಾರ್ಗದ ಮೂಲಕ ಪಾಯಿಂಟ್ ಐದಕ್ಕೆ ಚಲಿಸುತ್ತಿದೆ ಯಾವುದೇ ಅನುಮಾನಾಸ್ಪದ ಚಟುವಟಿಕೆ ಇಲ್ಲ ಎಲ್ಲವೂ ಸುರಕ್ಷಿತ,YES,
1787943254983,Redmi Note 9 Pro,12,kn,vakyansh_kannada_base.int8.onnx,int8,kn_29_long_tactical_9,9.97,CLEAN,1,WARM,2929,0.294,33.33,3.19,745.32,747.38,ನದಿಯಸೇತುವೆ ಬಾರಿ ವಾಹನಗಳಿಗೆ ಸುರಕ್ಷಿತವಲ್ಲ ಎಂದು ಎಂಜಿನಿಯರಿಂದ್ ತಂಡ ತಿಳಿಸಿದೆ ಸಂಚಾರವನ್ನು ಪೂರ್ವಕ್ಕೆ ತಿರುಗಿಸಲಾಗಿದೆ,ನದಿಯ ಸೇತುವೆ ಭಾರೀ ವಾಹನಗಳಿಗೆ ಸುರಕ್ಷಿತವಲ್ಲ ಎಂದು ಎಂಜಿನಿಯರಿಂಗ್ ತಂಡ ತಿಳಿಸಿದೆ ಸಂಚಾರವನ್ನು ಪೂರ್ವಕ್ಕೆ ತಿರುಗಿಸಲಾಗಿದೆ,YES,
1787943258252,Redmi Note 9 Pro,12,kn,vakyansh_kannada_base.int8.onnx,int8,kn_29_long_tactical_9,9.97,CLEAN,2,WARM,3139,0.315,33.33,3.19,746.60,746.60,ನದಿಯಸೇತುವೆ ಬಾರಿ ವಾಹನಗಳಿಗೆ ಸುರಕ್ಷಿತವಲ್ಲ ಎಂದು ಎಂಜಿನಿಯರಿಂದ್ ತಂಡ ತಿಳಿಸಿದೆ ಸಂಚಾರವನ್ನು ಪೂರ್ವಕ್ಕೆ ತಿರುಗಿಸಲಾಗಿದೆ,ನದಿಯ ಸೇತುವೆ ಭಾರೀ ವಾಹನಗಳಿಗೆ ಸುರಕ್ಷಿತವಲ್ಲ ಎಂದು ಎಂಜಿನಿಯರಿಂಗ್ ತಂಡ ತಿಳಿಸಿದೆ ಸಂಚಾರವನ್ನು ಪೂರ್ವಕ್ಕೆ ತಿರುಗಿಸಲಾಗಿದೆ,YES,
1787943261536,Redmi Note 9 Pro,12,kn,vakyansh_kannada_base.int8.onnx,int8,kn_29_long_tactical_9,9.97,CLEAN,3,WARM,3142,0.315,33.33,3.19,748.07,748.07,ನದಿಯಸೇತುವೆ ಬಾರಿ ವಾಹನಗಳಿಗೆ ಸುರಕ್ಷಿತವಲ್ಲ ಎಂದು ಎಂಜಿನಿಯರಿಂದ್ ತಂಡ ತಿಳಿಸಿದೆ ಸಂಚಾರವನ್ನು ಪೂರ್ವಕ್ಕೆ ತಿರುಗಿಸಲಾಗಿದೆ,ನದಿಯ ಸೇತುವೆ ಭಾರೀ ವಾಹನಗಳಿಗೆ ಸುರಕ್ಷಿತವಲ್ಲ ಎಂದು ಎಂಜಿನಿಯರಿಂಗ್ ತಂಡ ತಿಳಿಸಿದೆ ಸಂಚಾರವನ್ನು ಪೂರ್ವಕ್ಕೆ ತಿರುಗಿಸಲಾಗಿದೆ,YES,
1787943265033,Redmi Note 9 Pro,12,kn,vakyansh_kannada_base.int8.onnx,int8,kn_30_long_tactical_10,10.59,CLEAN,1,WARM,3335,0.315,21.43,6.67,747.55,749.24,ಎಲ್ಲಾ ಪ್ರಮುಖ ಚಕ್ಪೋಸ್ತಗಳು ಸುರಕ್ಷಿತವಾಗಿವೆ ಎಂದು ಮುಖ್ಯ ಕತೇರಿ ಕಚಿತಪಡಿಸಿದೆ ರಾತ್ರಿ ಗಸ್ತು ತಂಡಗಳು ತಕ್ಷಣ ಕರ್ತವ್ಯಕ್ಕೆ ಹಾಜರಾಗಿ,ಎಲ್ಲಾ ಪ್ರಮುಖ ಚೆಕ್‌ಪೋಸ್ಟ್‌ಗಳು ಸುರಕ್ಷಿತವಾಗಿವೆ ಎಂದು ಮುಖ್ಯ ಕಚೇರಿ ಖಚಿತಪಡಿಸಿದೆ ರಾತ್ರಿ ಗಸ್ತು ತಂಡಗಳು ತಕ್ಷಣ ಕರ್ತವ್ಯಕ್ಕೆ ಹಾಜರಾಗಿ,YES,
1787943268259,Redmi Note 9 Pro,12,kn,vakyansh_kannada_base.int8.onnx,int8,kn_30_long_tactical_10,10.59,CLEAN,2,WARM,3101,0.293,21.43,6.67,749.09,749.09,ಎಲ್ಲಾ ಪ್ರಮುಖ ಚಕ್ಪೋಸ್ತಗಳು ಸುರಕ್ಷಿತವಾಗಿವೆ ಎಂದು ಮುಖ್ಯ ಕತೇರಿ ಕಚಿತಪಡಿಸಿದೆ ರಾತ್ರಿ ಗಸ್ತು ತಂಡಗಳು ತಕ್ಷಣ ಕರ್ತವ್ಯಕ್ಕೆ ಹಾಜರಾಗಿ,ಎಲ್ಲಾ ಪ್ರಮುಖ ಚೆಕ್‌ಪೋಸ್ಟ್‌ಗಳು ಸುರಕ್ಷಿತವಾಗಿವೆ ಎಂದು ಮುಖ್ಯ ಕಚೇರಿ ಖಚಿತಪಡಿಸಿದೆ ರಾತ್ರಿ ಗಸ್ತು ತಂಡಗಳು ತಕ್ಷಣ ಕರ್ತವ್ಯಕ್ಕೆ ಹಾಜರಾಗಿ,YES,
1787943271328,Redmi Note 9 Pro,12,kn,vakyansh_kannada_base.int8.onnx,int8,kn_30_long_tactical_10,10.59,CLEAN,3,WARM,2956,0.279,21.43,6.67,745.26,749.17,ಎಲ್ಲಾ ಪ್ರಮುಖ ಚಕ್ಪೋಸ್ತಗಳು ಸುರಕ್ಷಿತವಾಗಿವೆ ಎಂದು ಮುಖ್ಯ ಕತೇರಿ ಕಚಿತಪಡಿಸಿದೆ ರಾತ್ರಿ ಗಸ್ತು ತಂಡಗಳು ತಕ್ಷಣ ಕರ್ತವ್ಯಕ್ಕೆ ಹಾಜರಾಗಿ,ಎಲ್ಲಾ ಪ್ರಮುಖ ಚೆಕ್‌ಪೋಸ್ಟ್‌ಗಳು ಸುರಕ್ಷಿತವಾಗಿವೆ ಎಂದು ಮುಖ್ಯ ಕಚೇರಿ ಖಚಿತಪಡಿಸಿದೆ ರಾತ್ರಿ ಗಸ್ತು ತಂಡಗಳು ತಕ್ಷಣ ಕರ್ತವ್ಯಕ್ಕೆ ಹಾಜರಾಗಿ,YES,
1787943279842,Redmi Note 9 Pro,12,ml,vakyansh_malayalam_base.int8.onnx,int8,ml_01_normal,4.21,CLEAN,1,COLD,1076,0.256,83.33,7.89,471.08,471.08,എല്ലാ പട്രോളിൻക് ചെക്ക് പോസ്റുകളും സുരക്ഷിതം ാണ്െന്ന് റിപ്പോർട്ട് ചെയ്തിരിക്കുന്നു,എല്ലാ പട്രോളിംഗ് ചെക്ക്പോസ്റ്റുകളും സുരക്ഷിതമാണെന്ന് റിപ്പോർട്ട് ചെയ്തിരിക്കുന്നു,YES,
1787943280947,Redmi Note 9 Pro,12,ml,vakyansh_malayalam_base.int8.onnx,int8,ml_01_normal,4.21,CLEAN,2,WARM,1009,0.240,83.33,7.89,469.60,469.60,എല്ലാ പട്രോളിൻക് ചെക്ക് പോസ്റുകളും സുരക്ഷിതം ാണ്െന്ന് റിപ്പോർട്ട് ചെയ്തിരിക്കുന്നു,എല്ലാ പട്രോളിംഗ് ചെക്ക്പോസ്റ്റുകളും സുരക്ഷിതമാണെന്ന് റിപ്പോർട്ട് ചെയ്തിരിക്കുന്നു,YES,
1787943282046,Redmi Note 9 Pro,12,ml,vakyansh_malayalam_base.int8.onnx,int8,ml_01_normal,4.21,CLEAN,3,WARM,1007,0.239,83.33,7.89,470.21,470.21,എല്ലാ പട്രോളിൻക് ചെക്ക് പോസ്റുകളും സുരക്ഷിതം ാണ്െന്ന് റിപ്പോർട്ട് ചെയ്തിരിക്കുന്നു,എല്ലാ പട്രോളിംഗ് ചെക്ക്പോസ്റ്റുകളും സുരക്ഷിതമാണെന്ന് റിപ്പോർട്ട് ചെയ്തിരിക്കുന്നു,YES,
1787943282369,Redmi Note 9 Pro,12,ml,vakyansh_malayalam_base.int8.onnx,int8,ml_02_short,0.92,CLEAN,1,WARM,238,0.258,100.00,25.00,470.43,470.43,ബോജർ ബേസസ്,റോജർ ബേസ്,NO,
1787943282689,Redmi Note 9 Pro,12,ml,vakyansh_malayalam_base.int8.onnx,int8,ml_02_short,0.92,CLEAN,2,WARM,235,0.255,100.00,25.00,470.47,470.47,ബോജർ ബേസസ്,റോജർ ബേസ്,NO,
1787943283008,Redmi Note 9 Pro,12,ml,vakyansh_malayalam_base.int8.onnx,int8,ml_02_short,0.92,CLEAN,3,WARM,237,0.257,100.00,25.00,470.79,470.79,ബോജർ ബേസസ്,റോജർ ബേസ്,NO,
1787943284647,Redmi Note 9 Pro,12,ml,vakyansh_malayalam_base.int8.onnx,int8,ml_03_long,6.30,CLEAN,1,WARM,1541,0.245,40.00,8.54,509.79,509.79,ഞങ്ങളുടെ സംഖം പടിഞ്ഞാറൻ ഹൈവയിലൂടെ ജൻഷൻ ഏഴിലേക്ക് സാധാരണ പ്രവട്ടക്കോൾ പ്രകാരം നീങ്ങുന്നു,ഞങ്ങളുടെ സംഘം പടിഞ്ഞാറൻ ഹൈവേയിലൂടെ ജംഗ്ഷൻ ഏഴിലേക്ക് സാധാരണ പ്രോട്ടോക്കോൾ പ്രകാരം നീങ്ങുന്നു,YES,
1787943286736,Redmi Note 9 Pro,12,ml,vakyansh_malayalam_base.int8.onnx,int8,ml_03_long,6.30,CLEAN,2,WARM,2002,0.318,40.00,8.54,510.71,510.71,ഞങ്ങളുടെ സംഖം പടിഞ്ഞാറൻ ഹൈവയിലൂടെ ജൻഷൻ ഏഴിലേക്ക് സാധാരണ പ്രവട്ടക്കോൾ പ്രകാരം നീങ്ങുന്നു,ഞങ്ങളുടെ സംഘം പടിഞ്ഞാറൻ ഹൈവേയിലൂടെ ജംഗ്ഷൻ ഏഴിലേക്ക് സാധാരണ പ്രോട്ടോക്കോൾ പ്രകാരം നീങ്ങുന്നു,YES,
1787943288293,Redmi Note 9 Pro,12,ml,vakyansh_malayalam_base.int8.onnx,int8,ml_03_long,6.30,CLEAN,3,WARM,1470,0.233,40.00,8.54,509.17,509.17,ഞങ്ങളുടെ സംഖം പടിഞ്ഞാറൻ ഹൈവയിലൂടെ ജൻഷൻ ഏഴിലേക്ക് സാധാരണ പ്രവട്ടക്കോൾ പ്രകാരം നീങ്ങുന്നു,ഞങ്ങളുടെ സംഘം പടിഞ്ഞാറൻ ഹൈവേയിലൂടെ ജംഗ്ഷൻ ഏഴിലേക്ക് സാധാരണ പ്രോട്ടോക്കോൾ പ്രകാരം നീങ്ങുന്നു,YES,
1787943289382,Redmi Note 9 Pro,12,ml,vakyansh_malayalam_base.int8.onnx,int8,ml_04_numbers,4.28,CLEAN,1,WARM,977,0.228,100.00,15.25,510.33,510.33,സംഘത്തിൽ പന്ദ്രണട് അഗങ്ങളുണ്ട് ബാറ്ററി എഴുപതി അഞ്ച് ശദമാനം ആണ്,സംഘത്തിൽ പന്ത്രണ്ട് അംഗങ്ങളുണ്ട് ബാറ്ററി എഴുപത്തിയഞ്ച് ശതമാനമാണ്,YES,
1787943290440,Redmi Note 9 Pro,12,ml,vakyansh_malayalam_base.int8.onnx,int8,ml_04_numbers,4.28,CLEAN,2,WARM,974,0.227,100.00,15.25,510.96,510.96,സംഘത്തിൽ പന്ദ്രണട് അഗങ്ങളുണ്ട് ബാറ്ററി എഴുപതി അഞ്ച് ശദമാനം ആണ്,സംഘത്തിൽ പന്ത്രണ്ട് അംഗങ്ങളുണ്ട് ബാറ്ററി എഴുപത്തിയഞ്ച് ശതമാനമാണ്,YES,
1787943291483,Redmi Note 9 Pro,12,ml,vakyansh_malayalam_base.int8.onnx,int8,ml_04_numbers,4.28,CLEAN,3,WARM,957,0.223,100.00,15.25,509.36,511.01,സംഘത്തിൽ പന്ദ്രണട് അഗങ്ങളുണ്ട് ബാറ്ററി എഴുപതി അഞ്ച് ശദമാനം ആണ്,സംഘത്തിൽ പന്ത്രണ്ട് അംഗങ്ങളുണ്ട് ബാറ്ററി എഴുപത്തിയഞ്ച് ശതമാനമാണ്,YES,
1787943292701,Redmi Note 9 Pro,12,ml,vakyansh_malayalam_base.int8.onnx,int8,ml_05_location,4.99,CLEAN,1,WARM,1123,0.225,55.56,4.41,511.65,511.65,സ്റ്റേഷൻ ആലപ പ്രധാനക വാടത്തിൽ നിന്ന് അമ്പത് മീറ്റർ വടക്കായി സ്ഥിരി ചെയ്യുന്നു,സ്റ്റേഷൻ ആൽഫ പ്രധാന കവാടത്തിൽ നിന്ന് അമ്പത് മീറ്റർ വടക്കായി സ്ഥിതിചെയ്യുന്നു,YES,
1787943293911,Redmi Note 9 Pro,12,ml,vakyansh_malayalam_base.int8.onnx,int8,ml_05_location,4.99,CLEAN,2,WARM,1129,0.226,55.56,4.41,510.10,511.71,സ്റ്റേഷൻ ആലപ പ്രധാനക വാടത്തിൽ നിന്ന് അമ്പത് മീറ്റർ വടക്കായി സ്ഥിരി ചെയ്യുന്നു,സ്റ്റേഷൻ ആൽഫ പ്രധാന കവാടത്തിൽ നിന്ന് അമ്പത് മീറ്റർ വടക്കായി സ്ഥിതിചെയ്യുന്നു,YES,
1787943295102,Redmi Note 9 Pro,12,ml,vakyansh_malayalam_base.int8.onnx,int8,ml_05_location,4.99,CLEAN,3,WARM,1104,0.221,55.56,4.41,510.84,510.84,സ്റ്റേഷൻ ആലപ പ്രധാനക വാടത്തിൽ നിന്ന് അമ്പത് മീറ്റർ വടക്കായി സ്ഥിരി ചെയ്യുന്നു,സ്റ്റേഷൻ ആൽഫ പ്രധാന കവാടത്തിൽ നിന്ന് അമ്പത് മീറ്റർ വടക്കായി സ്ഥിതിചെയ്യുന്നു,YES,
1787943296041,Redmi Note 9 Pro,12,ml,vakyansh_malayalam_base.int8.onnx,int8,ml_06_emergency,3.99,CLEAN,1,WARM,847,0.212,71.43,12.50,511.82,511.82,അടിയന്തര മുന്നറിപ് സെക്കർനാലിൽ അടിയന്തര സഹായം ആവശ്യമാണ്,അടിയന്തിര മുന്നറിയിപ്പ് സെക്ടർ നാലിൽ അടിയന്തിര സഹായം ആവശ്യമാണ്,YES,
1787943296966,Redmi Note 9 Pro,12,ml,vakyansh_malayalam_base.int8.onnx,int8,ml_06_emergency,3.99,CLEAN,2,WARM,847,0.212,71.43,12.50,512.44,512.44,അടിയന്തര മുന്നറിപ് സെക്കർനാലിൽ അടിയന്തര സഹായം ആവശ്യമാണ്,അടിയന്തിര മുന്നറിയിപ്പ് സെക്ടർ നാലിൽ അടിയന്തിര സഹായം ആവശ്യമാണ്,YES,
1787943297896,Redmi Note 9 Pro,12,ml,vakyansh_malayalam_base.int8.onnx,int8,ml_06_emergency,3.99,CLEAN,3,WARM,854,0.214,71.43,12.50,513.15,513.15,അടിയന്തര മുന്നറിപ് സെക്കർനാലിൽ അടിയന്തര സഹായം ആവശ്യമാണ്,അടിയന്തിര മുന്നറിയിപ്പ് സെക്ടർ നാലിൽ അടിയന്തിര സഹായം ആവശ്യമാണ്,YES,
1787943298695,Redmi Note 9 Pro,12,ml,vakyansh_malayalam_base.int8.onnx,int8,ml_07_radio,3.33,CLEAN,1,WARM,717,0.215,33.33,8.57,511.21,511.21,രേഡിയോ പരിശോധന എൻറെ ശബ്ദം കേൾക്കാമോ ഓവർ,റേഡിയോ പരിശോധന എന്റെ ശബ്ദം കേൾക്കാമോ ഓവർ,YES,
1787943299486,Redmi Note 9 Pro,12,ml,vakyansh_malayalam_base.int8.onnx,int8,ml_07_radio,3.33,CLEAN,2,WARM,716,0.215,33.33,8.57,511.76,511.76,രേഡിയോ പരിശോധന എൻറെ ശബ്ദം കേൾക്കാമോ ഓവർ,റേഡിയോ പരിശോധന എന്റെ ശബ്ദം കേൾക്കാമോ ഓവർ,YES,
1787943300307,Redmi Note 9 Pro,12,ml,vakyansh_malayalam_base.int8.onnx,int8,ml_07_radio,3.33,CLEAN,3,WARM,726,0.218,33.33,8.57,512.27,512.27,രേഡിയോ പരിശോധന എൻറെ ശബ്ദം കേൾക്കാമോ ഓവർ,റേഡിയോ പരിശോധന എന്റെ ശബ്ദം കേൾക്കാമോ ഓവർ,YES,
1787943301166,Redmi Note 9 Pro,12,ml,vakyansh_malayalam_base.int8.onnx,int8,ml_08_punct,3.53,CLEAN,1,WARM,770,0.218,20.00,2.00,513.14,513.14,സ്ഥാനത്ത് തുടരുക അടുത്ത നിർദ്ദേശത്തിനായി കാത്തിരിക്കുവ,സ്ഥാനത്ത് തുടരുക അടുത്ത നിർദ്ദേശത്തിനായി കാത്തിരിക്കുക,YES,
1787943302026,Redmi Note 9 Pro,12,ml,vakyansh_malayalam_base.int8.onnx,int8,ml_08_punct,3.53,CLEAN,2,WARM,782,0.221,20.00,2.00,509.88,513.18,സ്ഥാനത്ത് തുടരുക അടുത്ത നിർദ്ദേശത്തിനായി കാത്തിരിക്കുവ,സ്ഥാനത്ത് തുടരുക അടുത്ത നിർദ്ദേശത്തിനായി കാത്തിരിക്കുക,YES,
1787943302887,Redmi Note 9 Pro,12,ml,vakyansh_malayalam_base.int8.onnx,int8,ml_08_punct,3.53,CLEAN,3,WARM,784,0.222,20.00,2.00,510.42,510.42,സ്ഥാനത്ത് തുടരുക അടുത്ത നിർദ്ദേശത്തിനായി കാത്തിരിക്കുവ,സ്ഥാനത്ത് തുടരുക അടുത്ത നിർദ്ദേശത്തിനായി കാത്തിരിക്കുക,YES,
1787943303646,Redmi Note 9 Pro,12,ml,vakyansh_malayalam_base.int8.onnx,int8,ml_09_proper_nouns,3.06,CLEAN,1,WARM,671,0.220,14.29,7.50,511.12,511.12,ടീം ലീഡർ വിക്രം ബേസിൽ ക്യാപ്റ്റൻ ശർമയേ കാണുക,ടീം ലീഡർ വിക്രം ബേസിൽ ക്യാപ്റ്റൻ ശർമ്മയെ കാണുക,YES,
1787943304410,Redmi Note 9 Pro,12,ml,vakyansh_malayalam_base.int8.onnx,int8,ml_09_proper_nouns,3.06,CLEAN,2,WARM,678,0.222,14.29,7.50,511.59,511.59,ടീം ലീഡർ വിക്രം ബേസിൽ ക്യാപ്റ്റൻ ശർമയേ കാണുക,ടീം ലീഡർ വിക്രം ബേസിൽ ക്യാപ്റ്റൻ ശർമ്മയെ കാണുക,YES,
1787943305447,Redmi Note 9 Pro,12,ml,vakyansh_malayalam_base.int8.onnx,int8,ml_09_proper_nouns,3.06,CLEAN,3,WARM,957,0.313,14.29,7.50,512.04,512.04,ടീം ലീഡർ വിക്രം ബേസിൽ ക്യാപ്റ്റൻ ശർമയേ കാണുക,ടീം ലീഡർ വിക്രം ബേസിൽ ക്യാപ്റ്റൻ ശർമ്മയെ കാണുക,YES,
1787943306669,Redmi Note 9 Pro,12,ml,vakyansh_malayalam_base.int8.onnx,int8,ml_10_fast,3.45,CLEAN,1,WARM,1119,0.324,0.00,0.00,510.61,512.40,വേഗത്തിലുള്ള വിവരം സംഘം ഇപ്പോൾ പരിസരത്ത് പ്രവേശിക്കുന്നു,വേഗത്തിലുള്ള വിവരം സംഘം ഇപ്പോൾ പരിസരത്ത് പ്രവേശിക്കുന്നു,YES,
1787943307828,Redmi Note 9 Pro,12,ml,vakyansh_malayalam_base.int8.onnx,int8,ml_10_fast,3.45,CLEAN,2,WARM,1080,0.313,0.00,0.00,511.13,511.13,വേഗത്തിലുള്ള വിവരം സംഘം ഇപ്പോൾ പരിസരത്ത് പ്രവേശിക്കുന്നു,വേഗത്തിലുള്ള വിവരം സംഘം ഇപ്പോൾ പരിസരത്ത് പ്രവേശിക്കുന്നു,YES,
1787943309009,Redmi Note 9 Pro,12,ml,vakyansh_malayalam_base.int8.onnx,int8,ml_10_fast,3.45,CLEAN,3,WARM,1086,0.315,0.00,0.00,511.66,511.66,വേഗത്തിലുള്ള വിവരം സംഘം ഇപ്പോൾ പരിസരത്ത് പ്രവേശിക്കുന്നു,വേഗത്തിലുള്ള വിവരം സംഘം ഇപ്പോൾ പരിസരത്ത് പ്രവേശിക്കുന്നു,YES,
1787943309972,Redmi Note 9 Pro,12,ml,vakyansh_malayalam_base.int8.onnx,int8,ml_11_tactical_1,3.75,CLEAN,1,WARM,861,0.230,28.57,5.88,512.63,512.63,റേഡ് അലേരിട്ട് എല്ലാ ടീമുകളും സുരക്ഷിത സ്ഥാനത്തേക്ക് മാറുക,റെഡ് അലേർട്ട് എല്ലാ ടീമുകളും സുരക്ഷിത സ്ഥാനത്തേക്ക് മാറുക,YES,
1787943310950,Redmi Note 9 Pro,12,ml,vakyansh_malayalam_base.int8.onnx,int8,ml_11_tactical_1,3.75,CLEAN,2,WARM,879,0.235,28.57,5.88,509.95,509.95,റേഡ് അലേരിട്ട് എല്ലാ ടീമുകളും സുരക്ഷിത സ്ഥാനത്തേക്ക് മാറുക,റെഡ് അലേർട്ട് എല്ലാ ടീമുകളും സുരക്ഷിത സ്ഥാനത്തേക്ക് മാറുക,YES,
1787943311921,Redmi Note 9 Pro,12,ml,vakyansh_malayalam_base.int8.onnx,int8,ml_11_tactical_1,3.75,CLEAN,3,WARM,881,0.235,28.57,5.88,510.51,510.51,റേഡ് അലേരിട്ട് എല്ലാ ടീമുകളും സുരക്ഷിത സ്ഥാനത്തേക്ക് മാറുക,റെഡ് അലേർട്ട് എല്ലാ ടീമുകളും സുരക്ഷിത സ്ഥാനത്തേക്ക് മാറുക,YES,
1787943312660,Redmi Note 9 Pro,12,ml,vakyansh_malayalam_base.int8.onnx,int8,ml_12_tactical_2,2.74,CLEAN,1,WARM,645,0.235,40.00,13.51,511.21,511.21,മെഡിക്കൽ ഡിമിനെേ സെക്ടർ ഒമപതിലേക്കെ അയച്ചു,മെഡിക്കൽ ടീമിനെ സെക്ടർ ഒൻപതിലേക്ക് അയച്ചു,YES,
1787943313389,Redmi Note 9 Pro,12,ml,vakyansh_malayalam_base.int8.onnx,int8,ml_12_tactical_2,2.74,CLEAN,2,WARM,644,0.235,40.00,13.51,511.62,511.62,മെഡിക്കൽ ഡിമിനെേ സെക്ടർ ഒമപതിലേക്കെ അയച്ചു,മെഡിക്കൽ ടീമിനെ സെക്ടർ ഒൻപതിലേക്ക് അയച്ചു,YES,
1787943314122,Redmi Note 9 Pro,12,ml,vakyansh_malayalam_base.int8.onnx,int8,ml_12_tactical_2,2.74,CLEAN,3,WARM,644,0.235,40.00,13.51,510.06,511.66,മെഡിക്കൽ ഡിമിനെേ സെക്ടർ ഒമപതിലേക്കെ അയച്ചു,മെഡിക്കൽ ടീമിനെ സെക്ടർ ഒൻപതിലേക്ക് അയച്ചു,YES,
1787943315023,Redmi Note 9 Pro,12,ml,vakyansh_malayalam_base.int8.onnx,int8,ml_13_tactical_3,3.34,CLEAN,1,WARM,802,0.240,66.67,14.63,510.86,510.86,ഓക്സിജൻ അളവ നാല്പത് ശേദമാനം ഉടൻ പുറത്തിറങ്ങനുക,ഓക്സിജൻ അളവ് നാൽപ്പത് ശതമാനം ഉടൻ പുറത്തിറങ്ങുക,YES,
1787943315934,Redmi Note 9 Pro,12,ml,vakyansh_malayalam_base.int8.onnx,int8,ml_13_tactical_3,3.34,CLEAN,2,WARM,818,0.245,66.67,14.63,511.37,511.37,ഓക്സിജൻ അളവ നാല്പത് ശേദമാനം ഉടൻ പുറത്തിറങ്ങനുക,ഓക്സിജൻ അളവ് നാൽപ്പത് ശതമാനം ഉടൻ പുറത്തിറങ്ങുക,YES,
1787943316843,Redmi Note 9 Pro,12,ml,vakyansh_malayalam_base.int8.onnx,int8,ml_13_tactical_3,3.34,CLEAN,3,WARM,817,0.245,66.67,14.63,511.87,511.87,ഓക്സിജൻ അളവ നാല്പത് ശേദമാനം ഉടൻ പുറത്തിറങ്ങനുക,ഓക്സിജൻ അളവ് നാൽപ്പത് ശതമാനം ഉടൻ പുറത്തിറങ്ങുക,YES,
1787943317643,Redmi Note 9 Pro,12,ml,vakyansh_malayalam_base.int8.onnx,int8,ml_14_tactical_4,2.88,CLEAN,1,WARM,703,0.244,60.00,6.06,509.93,512.21,വെയർ ഹസ് രണ്ടിൽ കരത്ത പുക കാണപ്പെട്ടു,വെയർഹൗസ് രണ്ടിൽ കനത്ത പുക കാണപ്പെട്ടു,NO,
1787943318431,Redmi Note 9 Pro,12,ml,vakyansh_malayalam_base.int8.onnx,int8,ml_14_tactical_4,2.88,CLEAN,2,WARM,701,0.244,60.00,6.06,510.35,510.35,വെയർ ഹസ് രണ്ടിൽ കരത്ത പുക കാണപ്പെട്ടു,വെയർഹൗസ് രണ്ടിൽ കനത്ത പുക കാണപ്പെട്ടു,NO,
1787943319221,Redmi Note 9 Pro,12,ml,vakyansh_malayalam_base.int8.onnx,int8,ml_14_tactical_4,2.88,CLEAN,3,WARM,704,0.245,60.00,6.06,510.79,510.79,വെയർ ഹസ് രണ്ടിൽ കരത്ത പുക കാണപ്പെട്ടു,വെയർഹൗസ് രണ്ടിൽ കനത്ത പുക കാണപ്പെട്ടു,NO,
1787943320145,Redmi Note 9 Pro,12,ml,vakyansh_malayalam_base.int8.onnx,int8,ml_15_tactical_5,3.26,CLEAN,1,WARM,818,0.251,60.00,8.11,511.59,511.59,അതിത്തി വേലിക്ക് സമീപം സംശയ ആസ്പദമാര ചലനം,അതിർത്തി വേലിക്ക് സമീപം സംശയാസ്പദമായ ചലനം,NO,
1787943321068,Redmi Note 9 Pro,12,ml,vakyansh_malayalam_base.int8.onnx,int8,ml_15_tactical_5,3.26,CLEAN,2,WARM,821,0.251,60.00,8.11,512.09,512.09,അതിത്തി വേലിക്ക് സമീപം സംശയ ആസ്പദമാര ചലനം,അതിർത്തി വേലിക്ക് സമീപം സംശയാസ്പദമായ ചലനം,NO,
1787943321988,Redmi Note 9 Pro,12,ml,vakyansh_malayalam_base.int8.onnx,int8,ml_15_tactical_5,3.26,CLEAN,3,WARM,821,0.251,60.00,8.11,512.64,512.64,അതിത്തി വേലിക്ക് സമീപം സംശയ ആസ്പദമാര ചലനം,അതിർത്തി വേലിക്ക് സമീപം സംശയാസ്പദമായ ചലനം,NO,
1787943323373,Redmi Note 9 Pro,12,ml,vakyansh_malayalam_base.int8.onnx,int8,ml_16_coords_1,5.05,CLEAN,1,WARM,1276,0.253,62.50,14.75,511.07,513.28,അക്ഷാംശം പന്ദ്രൻട് പോയിനത് അഞ്ചു രേഖാംശം എഴുപത്തിേഴ്ു പോയിന്ത് ആറ്,അക്ഷാംശം പന്ത്രണ്ട് പോയിന്റ് അഞ്ച് രേഖാംശം എഴുപത്തിയേഴ് പോയിന്റ് ആറ്,YES,
1787943324746,Redmi Note 9 Pro,12,ml,vakyansh_malayalam_base.int8.onnx,int8,ml_16_coords_1,5.05,CLEAN,2,WARM,1277,0.253,62.50,14.75,511.83,511.83,അക്ഷാംശം പന്ദ്രൻട് പോയിനത് അഞ്ചു രേഖാംശം എഴുപത്തിേഴ്ു പോയിന്ത് ആറ്,അക്ഷാംശം പന്ത്രണ്ട് പോയിന്റ് അഞ്ച് രേഖാംശം എഴുപത്തിയേഴ് പോയിന്റ് ആറ്,YES,
1787943326087,Redmi Note 9 Pro,12,ml,vakyansh_malayalam_base.int8.onnx,int8,ml_16_coords_1,5.05,CLEAN,3,WARM,1249,0.247,62.50,14.75,512.56,512.56,അക്ഷാംശം പന്ദ്രൻട് പോയിനത് അഞ്ചു രേഖാംശം എഴുപത്തിേഴ്ു പോയിന്ത് ആറ്,അക്ഷാംശം പന്ത്രണ്ട് പോയിന്റ് അഞ്ച് രേഖാംശം എഴുപത്തിയേഴ് പോയിന്റ് ആറ്,YES,
1787943327319,Redmi Note 9 Pro,12,ml,vakyansh_malayalam_base.int8.onnx,int8,ml_17_coords_2,2.65,CLEAN,1,WARM,1136,0.429,100.00,18.42,510.05,512.88,ചെക്ക് പോയന്ത് ഡെലച്റ് ഉയരം മുന്നൂറുമീറ്റ്,ചെക്ക്പോയിന്റ് ഡെൽറ്റ ഉയരം മുന്നൂറ് മീറ്റർ,YES,
1787943328073,Redmi Note 9 Pro,12,ml,vakyansh_malayalam_base.int8.onnx,int8,ml_17_coords_2,2.65,CLEAN,2,WARM,664,0.251,100.00,18.42,510.44,510.44,ചെക്ക് പോയന്ത് ഡെലച്റ് ഉയരം മുന്നൂറുമീറ്റ്,ചെക്ക്പോയിന്റ് ഡെൽറ്റ ഉയരം മുന്നൂറ് മീറ്റർ,YES,
1787943328812,Redmi Note 9 Pro,12,ml,vakyansh_malayalam_base.int8.onnx,int8,ml_17_coords_2,2.65,CLEAN,3,WARM,650,0.245,100.00,18.42,510.85,510.85,ചെക്ക് പോയന്ത് ഡെലച്റ് ഉയരം മുന്നൂറുമീറ്റ്,ചെക്ക്പോയിന്റ് ഡെൽറ്റ ഉയരം മുന്നൂറ് മീറ്റർ,YES,
1787943329659,Redmi Note 9 Pro,12,ml,vakyansh_malayalam_base.int8.onnx,int8,ml_18_coords_3,3.09,CLEAN,1,WARM,755,0.245,50.00,11.36,511.63,511.63,കെറ്റിടം നാലു മുറി നമ്പർ ഇരുപത്തിെറ്ട് സുരക്ഷിതം,കെട്ടിടം നാല് മുറി നമ്പർ ഇരുപത്തിയെട്ട് സുരക്ഷിതം,NO,
1787943330482,Redmi Note 9 Pro,12,ml,vakyansh_malayalam_base.int8.onnx,int8,ml_18_coords_3,3.09,CLEAN,2,WARM,731,0.237,50.00,11.36,512.10,512.10,കെറ്റിടം നാലു മുറി നമ്പർ ഇരുപത്തിെറ്ട് സുരക്ഷിതം,കെട്ടിടം നാല് മുറി നമ്പർ ഇരുപത്തിയെട്ട് സുരക്ഷിതം,NO,
1787943331302,Redmi Note 9 Pro,12,ml,vakyansh_malayalam_base.int8.onnx,int8,ml_18_coords_3,3.09,CLEAN,3,WARM,731,0.237,50.00,11.36,512.55,512.55,കെറ്റിടം നാലു മുറി നമ്പർ ഇരുപത്തിെറ്ട് സുരക്ഷിതം,കെട്ടിടം നാല് മുറി നമ്പർ ഇരുപത്തിയെട്ട് സുരക്ഷിതം,NO,
1787943332139,Redmi Note 9 Pro,12,ml,vakyansh_malayalam_base.int8.onnx,int8,ml_19_coords_4,3.19,CLEAN,1,WARM,749,0.235,16.67,6.25,510.60,513.01,വേരേദ മണിക്കൂറിൽ മുപ്പത് കിലോമീറ്റർ തെക്ക് ഭാഗത്തേക്ക്,വേഗത മണിക്കൂറിൽ മുപ്പത് കിലോമീറ്റർ തെക്ക് ഭാഗത്തേക്ക്,YES,
1787943332980,Redmi Note 9 Pro,12,ml,vakyansh_malayalam_base.int8.onnx,int8,ml_19_coords_4,3.19,CLEAN,2,WARM,753,0.236,16.67,6.25,511.09,511.09,വേരേദ മണിക്കൂറിൽ മുപ്പത് കിലോമീറ്റർ തെക്ക് ഭാഗത്തേക്ക്,വേഗത മണിക്കൂറിൽ മുപ്പത് കിലോമീറ്റർ തെക്ക് ഭാഗത്തേക്ക്,YES,
1787943333828,Redmi Note 9 Pro,12,ml,vakyansh_malayalam_base.int8.onnx,int8,ml_19_coords_4,3.19,CLEAN,3,WARM,750,0.235,16.67,6.25,511.56,511.56,വേരേദ മണിക്കൂറിൽ മുപ്പത് കിലോമീറ്റർ തെക്ക് ഭാഗത്തേക്ക്,വേഗത മണിക്കൂറിൽ മുപ്പത് കിലോമീറ്റർ തെക്ക് ഭാഗത്തേക്ക്,YES,
1787943334564,Redmi Note 9 Pro,12,ml,vakyansh_malayalam_base.int8.onnx,int8,ml_20_coords_5,2.70,CLEAN,1,WARM,634,0.234,100.00,34.48,512.27,512.27,പിലേ തവർ അഞ്ചു സിഡ്നിൽ എണ്ടത് ശദമാനും,റിലേ ടവർ അഞ്ച് സിഗ്നൽ എൺപത് ശതമാനം,NO,
1787943335315,Redmi Note 9 Pro,12,ml,vakyansh_malayalam_base.int8.onnx,int8,ml_20_coords_5,2.70,CLEAN,2,WARM,656,0.243,100.00,34.48,512.67,512.67,പിലേ തവർ അഞ്ചു സിഡ്നിൽ എണ്ടത് ശദമാനും,റിലേ ടവർ അഞ്ച് സിഗ്നൽ എൺപത് ശതമാനം,NO,
1787943336076,Redmi Note 9 Pro,12,ml,vakyansh_malayalam_base.int8.onnx,int8,ml_20_coords_5,2.70,CLEAN,3,WARM,661,0.244,100.00,34.48,513.06,513.06,പിലേ തവർ അഞ്ചു സിഡ്നിൽ എണ്ടത് ശദമാനും,റിലേ ടവർ അഞ്ച് സിഗ്നൽ എൺപത് ശതമാനം,NO,
1787943338706,Redmi Note 9 Pro,12,ml,vakyansh_malayalam_base.int8.onnx,int8,ml_21_long_tactical_1,9.65,CLEAN,1,WARM,2523,0.262,64.71,18.70,582.07,582.07,കൂൺപോയി ആത്പ ഒന്നു ബേസ് വ്യാവോയ അറിയിക്കുന്നു ഗീട് കോടിനേറ്റ് നാല്പത്തി രണ്ടിനു സമീവം പടിഞ്ഞാറൻ വേലി തകരുന്നു അടിയെന്തര ചികിത്സ സഹായം വേണം,കോൺവോയ് ആൽഫ ഒന്ന് ബേസ് ബ്രാവോയെ അറിയിക്കുന്നു ഗ്രിഡ് കോർഡിനേറ്റ് നാൽപ്പത്തിരണ്ടിന് സമീപം പടിഞ്ഞാറൻ വേലി തകർന്നു അടിയന്തര ചികിത്സ സഹായം വേണം,NO,
1787943341295,Redmi Note 9 Pro,12,ml,vakyansh_malayalam_base.int8.onnx,int8,ml_21_long_tactical_1,9.65,CLEAN,2,WARM,2497,0.259,64.71,18.70,704.06,704.06,കൂൺപോയി ആത്പ ഒന്നു ബേസ് വ്യാവോയ അറിയിക്കുന്നു ഗീട് കോടിനേറ്റ് നാല്പത്തി രണ്ടിനു സമീവം പടിഞ്ഞാറൻ വേലി തകരുന്നു അടിയെന്തര ചികിത്സ സഹായം വേണം,കോൺവോയ് ആൽഫ ഒന്ന് ബേസ് ബ്രാവോയെ അറിയിക്കുന്നു ഗ്രിഡ് കോർഡിനേറ്റ് നാൽപ്പത്തിരണ്ടിന് സമീപം പടിഞ്ഞാറൻ വേലി തകർന്നു അടിയന്തര ചികിത്സ സഹായം വേണം,NO,
1787943343805,Redmi Note 9 Pro,12,ml,vakyansh_malayalam_base.int8.onnx,int8,ml_21_long_tactical_1,9.65,CLEAN,3,WARM,2418,0.251,64.71,18.70,705.53,705.53,കൂൺപോയി ആത്പ ഒന്നു ബേസ് വ്യാവോയ അറിയിക്കുന്നു ഗീട് കോടിനേറ്റ് നാല്പത്തി രണ്ടിനു സമീവം പടിഞ്ഞാറൻ വേലി തകരുന്നു അടിയെന്തര ചികിത്സ സഹായം വേണം,കോൺവോയ് ആൽഫ ഒന്ന് ബേസ് ബ്രാവോയെ അറിയിക്കുന്നു ഗ്രിഡ് കോർഡിനേറ്റ് നാൽപ്പത്തിരണ്ടിന് സമീപം പടിഞ്ഞാറൻ വേലി തകർന്നു അടിയന്തര ചികിത്സ സഹായം വേണം,NO,
1787943346166,Redmi Note 9 Pro,12,ml,vakyansh_malayalam_base.int8.onnx,int8,ml_22_long_tactical_2,8.75,CLEAN,1,WARM,2258,0.258,33.33,6.03,703.42,706.57,സ്റ്റേഷൻ ഡെലപ്പ സ്ഥിരീരിക്കുന്നു സെക്കർ മൂന്നിൽ ഓക്സിജൻ നില മുപ്പത് ശതമാനമായി കുറഞ്ഞു എല്ലാ ജീവനക്കാരും തെക്കൻ േറ്റിലേക്ക് ാറുക,സ്റ്റേഷൻ ഡെൽറ്റ സ്ഥിരീകരിക്കുന്നു സെക്ടർ മൂന്നിൽ ഓക്സിജൻ നില മുപ്പത് ശതമാനമായി കുറഞ്ഞു എല്ലാ ജീവനക്കാരും തെക്കൻ ഗേറ്റിലേക്ക് മാറുക,YES,
1787943348517,Redmi Note 9 Pro,12,ml,vakyansh_malayalam_base.int8.onnx,int8,ml_22_long_tactical_2,8.75,CLEAN,2,WARM,2253,0.257,33.33,6.03,704.76,704.76,സ്റ്റേഷൻ ഡെലപ്പ സ്ഥിരീരിക്കുന്നു സെക്കർ മൂന്നിൽ ഓക്സിജൻ നില മുപ്പത് ശതമാനമായി കുറഞ്ഞു എല്ലാ ജീവനക്കാരും തെക്കൻ േറ്റിലേക്ക് ാറുക,സ്റ്റേഷൻ ഡെൽറ്റ സ്ഥിരീകരിക്കുന്നു സെക്ടർ മൂന്നിൽ ഓക്സിജൻ നില മുപ്പത് ശതമാനമായി കുറഞ്ഞു എല്ലാ ജീവനക്കാരും തെക്കൻ ഗേറ്റിലേക്ക് മാറുക,YES,
1787943350922,Redmi Note 9 Pro,12,ml,vakyansh_malayalam_base.int8.onnx,int8,ml_22_long_tactical_2,8.75,CLEAN,3,WARM,2297,0.263,33.33,6.03,706.12,706.12,സ്റ്റേഷൻ ഡെലപ്പ സ്ഥിരീരിക്കുന്നു സെക്കർ മൂന്നിൽ ഓക്സിജൻ നില മുപ്പത് ശതമാനമായി കുറഞ്ഞു എല്ലാ ജീവനക്കാരും തെക്കൻ േറ്റിലേക്ക് ാറുക,സ്റ്റേഷൻ ഡെൽറ്റ സ്ഥിരീകരിക്കുന്നു സെക്ടർ മൂന്നിൽ ഓക്സിജൻ നില മുപ്പത് ശതമാനമായി കുറഞ്ഞു എല്ലാ ജീവനക്കാരും തെക്കൻ ഗേറ്റിലേക്ക് മാറുക,YES,
1787943353112,Redmi Note 9 Pro,12,ml,vakyansh_malayalam_base.int8.onnx,int8,ml_23_long_tactical_3,7.91,CLEAN,1,WARM,2070,0.262,41.67,7.83,702.99,702.99,തിരച്ചിൽ രക്ഷാസംഘം പന്ത്രന വെള്ള പൊക്ക പ്രദേശത്തേക്ക നീങ്ങുന്നു വെള്ളം രണ്ട് മീറ്റർ ഉയേരന്നു ബോട്ടുകൾ സജ്ജമാക്കിയിട്ടുണ്ട്,തിരച്ചിൽ രക്ഷാസംഘം പന്ത്രണ്ട് വെള്ളപ്പൊക്ക പ്രദേശത്തേക്ക് നീങ്ങുന്നു വെള്ളം രണ്ട് മീറ്റർ ഉയർന്നു ബോട്ടുകൾ സജ്ജമാക്കിയിട്ടുണ്ട്,YES,
1787943355368,Redmi Note 9 Pro,12,ml,vakyansh_malayalam_base.int8.onnx,int8,ml_23_long_tactical_3,7.91,CLEAN,2,WARM,2145,0.271,41.67,7.83,702.77,703.08,തിരച്ചിൽ രക്ഷാസംഘം പന്ത്രന വെള്ള പൊക്ക പ്രദേശത്തേക്ക നീങ്ങുന്നു വെള്ളം രണ്ട് മീറ്റർ ഉയേരന്നു ബോട്ടുകൾ സജ്ജമാക്കിയിട്ടുണ്ട്,തിരച്ചിൽ രക്ഷാസംഘം പന്ത്രണ്ട് വെള്ളപ്പൊക്ക പ്രദേശത്തേക്ക് നീങ്ങുന്നു വെള്ളം രണ്ട് മീറ്റർ ഉയർന്നു ബോട്ടുകൾ സജ്ജമാക്കിയിട്ടുണ്ട്,YES,
1787943357738,Redmi Note 9 Pro,12,ml,vakyansh_malayalam_base.int8.onnx,int8,ml_23_long_tactical_3,7.91,CLEAN,3,WARM,2251,0.285,41.67,7.83,703.96,703.96,തിരച്ചിൽ രക്ഷാസംഘം പന്ത്രന വെള്ള പൊക്ക പ്രദേശത്തേക്ക നീങ്ങുന്നു വെള്ളം രണ്ട് മീറ്റർ ഉയേരന്നു ബോട്ടുകൾ സജ്ജമാക്കിയിട്ടുണ്ട്,തിരച്ചിൽ രക്ഷാസംഘം പന്ത്രണ്ട് വെള്ളപ്പൊക്ക പ്രദേശത്തേക്ക് നീങ്ങുന്നു വെള്ളം രണ്ട് മീറ്റർ ഉയർന്നു ബോട്ടുകൾ സജ്ജമാക്കിയിട്ടുണ്ട്,YES,
1787943360240,Redmi Note 9 Pro,12,ml,vakyansh_malayalam_base.int8.onnx,int8,ml_24_long_tactical_4,8.45,CLEAN,1,WARM,2381,0.282,53.33,8.04,702.71,704.76,അടിയന്തര മൂന്നറിയിപ്പ് തീരദേശ സെക്കർ ഏഴിൽ കണത്ത കാറ്റും മഴയും വീഷശുന്നു കാറ്റിൻറെ വഗത എഴുപതി കിലോമീറ്റർ സുരക്ഷിതമായി ഇരിക്കുവ,അടിയന്തര മുന്നറിയിപ്പ് തീരദേശ സെക്ടർ ഏഴിൽ കനത്ത കാറ്റും മഴയും വീശുന്നു കാറ്റിന്റെ വേഗത എഴുപത് കിലോമീറ്റർ സുരക്ഷിതമായി ഇരിക്കുക,YES,
1787943362570,Redmi Note 9 Pro,12,ml,vakyansh_malayalam_base.int8.onnx,int8,ml_24_long_tactical_4,8.45,CLEAN,2,WARM,2221,0.263,53.33,8.04,703.98,703.98,അടിയന്തര മൂന്നറിയിപ്പ് തീരദേശ സെക്കർ ഏഴിൽ കണത്ത കാറ്റും മഴയും വീഷശുന്നു കാറ്റിൻറെ വഗത എഴുപതി കിലോമീറ്റർ സുരക്ഷിതമായി ഇരിക്കുവ,അടിയന്തര മുന്നറിയിപ്പ് തീരദേശ സെക്ടർ ഏഴിൽ കനത്ത കാറ്റും മഴയും വീശുന്നു കാറ്റിന്റെ വേഗത എഴുപത് കിലോമീറ്റർ സുരക്ഷിതമായി ഇരിക്കുക,YES,
1787943367374,Redmi Note 9 Pro,12,ml,vakyansh_malayalam_base.int8.onnx,int8,ml_24_long_tactical_4,8.45,CLEAN,3,WARM,4697,0.556,53.33,8.04,705.18,707.11,അടിയന്തര മൂന്നറിയിപ്പ് തീരദേശ സെക്കർ ഏഴിൽ കണത്ത കാറ്റും മഴയും വീഷശുന്നു കാറ്റിൻറെ വഗത എഴുപതി കിലോമീറ്റർ സുരക്ഷിതമായി ഇരിക്കുവ,അടിയന്തര മുന്നറിയിപ്പ് തീരദേശ സെക്ടർ ഏഴിൽ കനത്ത കാറ്റും മഴയും വീശുന്നു കാറ്റിന്റെ വേഗത എഴുപത് കിലോമീറ്റർ സുരക്ഷിതമായി ഇരിക്കുക,YES,
1787943372990,Redmi Note 9 Pro,12,ml,vakyansh_malayalam_base.int8.onnx,int8,ml_25_long_tactical_5,8.29,CLEAN,1,WARM,5477,0.661,61.54,12.50,704.55,706.03,കമാൻഡ് സെന് പട്ട്രോളിംഗ് സംഖത്തോടു പടിഞ്ഞാറൻ ഹൈവെ ജങഷൻ നാലിൽ എത്താനും രേഡിയോ ബെന്ദം നിലനിത്താനും നിർദ്ദേശിക്കുന്നു,കമാൻഡ് സെന്റർ പട്രോളിംഗ് സംഘത്തോട് പടിഞ്ഞാറൻ ഹൈവേ ജംഗ്ഷൻ നാലിൽ എത്താനും റേഡിയോ ബന്ധം നിലനിർത്താനും നിർദ്ദേശിക്കുന്നു,YES,
1787943377487,Redmi Note 9 Pro,12,ml,vakyansh_malayalam_base.int8.onnx,int8,ml_25_long_tactical_5,8.29,CLEAN,2,WARM,4381,0.529,61.54,12.50,705.31,705.31,കമാൻഡ് സെന് പട്ട്രോളിംഗ് സംഖത്തോടു പടിഞ്ഞാറൻ ഹൈവെ ജങഷൻ നാലിൽ എത്താനും രേഡിയോ ബെന്ദം നിലനിത്താനും നിർദ്ദേശിക്കുന്നു,കമാൻഡ് സെന്റർ പട്രോളിംഗ് സംഘത്തോട് പടിഞ്ഞാറൻ ഹൈവേ ജംഗ്ഷൻ നാലിൽ എത്താനും റേഡിയോ ബന്ധം നിലനിർത്താനും നിർദ്ദേശിക്കുന്നു,YES,
1787943381270,Redmi Note 9 Pro,12,ml,vakyansh_malayalam_base.int8.onnx,int8,ml_25_long_tactical_5,8.29,CLEAN,3,WARM,3631,0.438,61.54,12.50,706.29,706.29,കമാൻഡ് സെന് പട്ട്രോളിംഗ് സംഖത്തോടു പടിഞ്ഞാറൻ ഹൈവെ ജങഷൻ നാലിൽ എത്താനും രേഡിയോ ബെന്ദം നിലനിത്താനും നിർദ്ദേശിക്കുന്നു,കമാൻഡ് സെന്റർ പട്രോളിംഗ് സംഘത്തോട് പടിഞ്ഞാറൻ ഹൈവേ ജംഗ്ഷൻ നാലിൽ എത്താനും റേഡിയോ ബന്ധം നിലനിർത്താനും നിർദ്ദേശിക്കുന്നു,YES,
1787943387299,Redmi Note 9 Pro,12,mr,vakyansh_marathi_base.int8.onnx,int8,mr_01_normal,3.74,MODERATE_NOISE_15DB,1,COLD,1153,0.309,44.44,10.87,462.27,462.27,सर्व गस्त चौक्या सूरक्षित आणि स्पष्त हसल्याची नाद आहे,सर्व गस्त चौक्या सुरक्षित आणि स्पष्ट असल्याची नोंद आहे,YES,
1787943388527,Redmi Note 9 Pro,12,mr,vakyansh_marathi_base.int8.onnx,int8,mr_01_normal,3.74,MODERATE_NOISE_15DB,2,WARM,1109,0.297,44.44,10.87,461.20,461.20,सर्व गस्त चौक्या सूरक्षित आणि स्पष्त हसल्याची नाद आहे,सर्व गस्त चौक्या सुरक्षित आणि स्पष्ट असल्याची नोंद आहे,YES,
1787943389754,Redmi Note 9 Pro,12,mr,vakyansh_marathi_base.int8.onnx,int8,mr_01_normal,3.74,MODERATE_NOISE_15DB,3,WARM,1107,0.296,44.44,10.87,461.77,461.77,सर्व गस्त चौक्या सूरक्षित आणि स्पष्त हसल्याची नाद आहे,सर्व गस्त चौक्या सुरक्षित आणि स्पष्ट असल्याची नोंद आहे,YES,
1787943390243,Redmi Note 9 Pro,12,mr,vakyansh_marathi_base.int8.onnx,int8,mr_02_short,1.21,MODERATE_NOISE_15DB,1,WARM,365,0.302,50.00,50.00,462.00,462.00,समजले पलीज,समजले बेस,YES,
1787943390716,Redmi Note 9 Pro,12,mr,vakyansh_marathi_base.int8.onnx,int8,mr_02_short,1.21,MODERATE_NOISE_15DB,2,WARM,365,0.302,50.00,50.00,462.09,462.09,समजले पलीज,समजले बेस,YES,
1787943391222,Redmi Note 9 Pro,12,mr,vakyansh_marathi_base.int8.onnx,int8,mr_02_short,1.21,MODERATE_NOISE_15DB,3,WARM,392,0.324,50.00,50.00,462.27,462.27,समजले पलीज,समजले बेस,YES,
1787943393318,Redmi Note 9 Pro,12,mr,vakyansh_marathi_base.int8.onnx,int8,mr_03_long,6.23,MODERATE_NOISE_15DB,1,WARM,1948,0.313,50.00,14.86,508.47,508.47,अपलि सुकडी पश्चिम महामार्गाने जंक्षन सातच्या दिशेने प्रमानि निमानुसार उढले जात आहे,आपली तुकडी पश्चिम महामार्गाने जंक्शन सातच्या दिशेने प्रमाणित नियमांनुसार पुढे जात आहे,NO,
1787943395348,Redmi Note 9 Pro,12,mr,vakyansh_marathi_base.int8.onnx,int8,mr_03_long,6.23,MODERATE_NOISE_15DB,2,WARM,1906,0.306,50.00,14.86,509.33,509.33,अपलि सुकडी पश्चिम महामार्गाने जंक्षन सातच्या दिशेने प्रमानि निमानुसार उढले जात आहे,आपली तुकडी पश्चिम महामार्गाने जंक्शन सातच्या दिशेने प्रमाणित नियमांनुसार पुढे जात आहे,NO,
1787943397382,Redmi Note 9 Pro,12,mr,vakyansh_marathi_base.int8.onnx,int8,mr_03_long,6.23,MODERATE_NOISE_15DB,3,WARM,1903,0.306,50.00,14.86,507.94,507.94,अपलि सुकडी पश्चिम महामार्गाने जंक्षन सातच्या दिशेने प्रमानि निमानुसार उढले जात आहे,आपली तुकडी पश्चिम महामार्गाने जंक्शन सातच्या दिशेने प्रमाणित नियमांनुसार पुढे जात आहे,NO,
1787943398591,Redmi Note 9 Pro,12,mr,vakyansh_marathi_base.int8.onnx,int8,mr_04_numbers,3.60,MODERATE_NOISE_15DB,1,WARM,1075,0.298,66.67,17.39,508.86,508.86,सुकडीतबारा सदसे आहे आणि बॅकली पंच्याहत्तर टकशे आहे,तुकडीत बारा सदस्य आहेत आणि बॅटरी पंच्याहत्तर टक्के आहे,NO,
1787943399774,Redmi Note 9 Pro,12,mr,vakyansh_marathi_base.int8.onnx,int8,mr_04_numbers,3.60,MODERATE_NOISE_15DB,2,WARM,1065,0.296,66.67,17.39,509.39,509.39,सुकडीतबारा सदसे आहे आणि बॅकली पंच्याहत्तर टकशे आहे,तुकडीत बारा सदस्य आहेत आणि बॅटरी पंच्याहत्तर टक्के आहे,NO,
1787943400891,Redmi Note 9 Pro,12,mr,vakyansh_marathi_base.int8.onnx,int8,mr_04_numbers,3.60,MODERATE_NOISE_15DB,3,WARM,1010,0.280,66.67,17.39,507.90,509.43,सुकडीतबारा सदसे आहे आणि बॅकली पंच्याहत्तर टकशे आहे,तुकडीत बारा सदस्य आहेत आणि बॅटरी पंच्याहत्तर टक्के आहे,NO,
1787943402185,Redmi Note 9 Pro,12,mr,vakyansh_marathi_base.int8.onnx,int8,mr_05_location,4.20,MODERATE_NOISE_15DB,1,WARM,1170,0.278,75.00,24.53,509.64,509.64,श्री शाकलपा मुख्य प्रवेष्टवरा पासून पन्नासमीटर उतरेस आहे,स्टेशन अल्फा मुख्य प्रवेशद्वारापासून पन्नास मीटर उत्तरेस आहे,NO,
1787943403461,Redmi Note 9 Pro,12,mr,vakyansh_marathi_base.int8.onnx,int8,mr_05_location,4.20,MODERATE_NOISE_15DB,2,WARM,1171,0.279,75.00,24.53,510.28,510.28,श्री शाकलपा मुख्य प्रवेष्टवरा पासून पन्नासमीटर उतरेस आहे,स्टेशन अल्फा मुख्य प्रवेशद्वारापासून पन्नास मीटर उत्तरेस आहे,NO,
1787943404807,Redmi Note 9 Pro,12,mr,vakyansh_marathi_base.int8.onnx,int8,mr_05_location,4.20,MODERATE_NOISE_15DB,3,WARM,1242,0.295,75.00,24.53,508.25,510.32,श्री शाकलपा मुख्य प्रवेष्टवरा पासून पन्नासमीटर उतरेस आहे,स्टेशन अल्फा मुख्य प्रवेशद्वारापासून पन्नास मीटर उत्तरेस आहे,NO,
1787943405976,Redmi Note 9 Pro,12,mr,vakyansh_marathi_base.int8.onnx,int8,mr_06_emergency,4.16,MODERATE_NOISE_15DB,1,WARM,1063,0.255,125.00,30.61,509.27,509.27,सातती ची सुजना सेएतर चारम मध्ये वरीज मरती ची आवशकता आहे,तातडीची सूचना सेक्टर चारमध्ये त्वरित मदतीची आवश्यकता आहे,NO,
1787943407116,Redmi Note 9 Pro,12,mr,vakyansh_marathi_base.int8.onnx,int8,mr_06_emergency,4.16,MODERATE_NOISE_15DB,2,WARM,1046,0.251,125.00,30.61,509.90,509.90,सातती ची सुजना सेएतर चारम मध्ये वरीज मरती ची आवशकता आहे,तातडीची सूचना सेक्टर चारमध्ये त्वरित मदतीची आवश्यकता आहे,NO,
1787943408273,Redmi Note 9 Pro,12,mr,vakyansh_marathi_base.int8.onnx,int8,mr_06_emergency,4.16,MODERATE_NOISE_15DB,3,WARM,1055,0.254,125.00,30.61,510.53,510.53,सातती ची सुजना सेएतर चारम मध्ये वरीज मरती ची आवशकता आहे,तातडीची सूचना सेक्टर चारमध्ये त्वरित मदतीची आवश्यकता आहे,NO,
1787943409175,Redmi Note 9 Pro,12,mr,vakyansh_marathi_base.int8.onnx,int8,mr_07_radio,3.18,MODERATE_NOISE_15DB,1,WARM,794,0.250,66.67,31.43,508.98,510.86,शेडिव तपासणी माझया आवाजाय कुेत आहे का उभर,रेडिओ तपासणी माझा आवाज ऐकू येत आहे का ओव्हर,NO,
1787943410113,Redmi Note 9 Pro,12,mr,vakyansh_marathi_base.int8.onnx,int8,mr_07_radio,3.18,MODERATE_NOISE_15DB,2,WARM,836,0.263,66.67,31.43,509.46,509.46,शेडिव तपासणी माझया आवाजाय कुेत आहे का उभर,रेडिओ तपासणी माझा आवाज ऐकू येत आहे का ओव्हर,NO,
1787943411092,Redmi Note 9 Pro,12,mr,vakyansh_marathi_base.int8.onnx,int8,mr_07_radio,3.18,MODERATE_NOISE_15DB,3,WARM,869,0.273,66.67,31.43,509.94,509.94,शेडिव तपासणी माझया आवाजाय कुेत आहे का उभर,रेडिओ तपासणी माझा आवाज ऐकू येत आहे का ओव्हर,NO,
1787943411948,Redmi Note 9 Pro,12,mr,vakyansh_marathi_base.int8.onnx,int8,mr_08_punct,2.67,MODERATE_NOISE_15DB,1,WARM,740,0.277,66.67,13.79,510.60,510.60,सांगे वर थांबापुरील आदेशाची वाढ पहा,जागेवर थांबा पुढील आदेशाची वाट पहा,NO,
1787943412911,Redmi Note 9 Pro,12,mr,vakyansh_marathi_base.int8.onnx,int8,mr_08_punct,2.67,MODERATE_NOISE_15DB,2,WARM,856,0.320,66.67,13.79,511.01,511.01,सांगे वर थांबापुरील आदेशाची वाढ पहा,जागेवर थांबा पुढील आदेशाची वाट पहा,NO,
1787943413766,Redmi Note 9 Pro,12,mr,vakyansh_marathi_base.int8.onnx,int8,mr_08_punct,2.67,MODERATE_NOISE_15DB,3,WARM,736,0.275,66.67,13.79,511.47,511.47,सांगे वर थांबापुरील आदेशाची वाढ पहा,जागेवर थांबा पुढील आदेशाची वाट पहा,NO,
1787943414836,Redmi Note 9 Pro,12,mr,vakyansh_marathi_base.int8.onnx,int8,mr_09_proper_nouns,3.53,MODERATE_NOISE_15DB,1,WARM,954,0.270,75.00,23.81,508.47,508.47,सुकरी प्रमुक विक्रम बेश्वर करॅप्टन शर्मा याना आहेचा,तुकडी प्रमुख विक्रम बेसवर कॅप्टन शर्मा यांना भेटा,NO,
1787943415826,Redmi Note 9 Pro,12,mr,vakyansh_marathi_base.int8.onnx,int8,mr_09_proper_nouns,3.53,MODERATE_NOISE_15DB,2,WARM,890,0.252,75.00,23.81,508.98,508.98,सुकरी प्रमुक विक्रम बेश्वर करॅप्टन शर्मा याना आहेचा,तुकडी प्रमुख विक्रम बेसवर कॅप्टन शर्मा यांना भेटा,NO,
1787943416817,Redmi Note 9 Pro,12,mr,vakyansh_marathi_base.int8.onnx,int8,mr_09_proper_nouns,3.53,MODERATE_NOISE_15DB,3,WARM,892,0.253,75.00,23.81,509.50,509.50,सुकरी प्रमुक विक्रम बेश्वर करॅप्टन शर्मा याना आहेचा,तुकडी प्रमुख विक्रम बेसवर कॅप्टन शर्मा यांना भेटा,NO,
1787943417654,Redmi Note 9 Pro,12,mr,vakyansh_marathi_base.int8.onnx,int8,mr_10_fast,2.87,MODERATE_NOISE_15DB,1,WARM,729,0.254,50.00,15.15,508.30,509.80,जलज महिती तीन आता आवारा प्रवेश करत आहे,जलद माहिती टीम आता आवारात प्रवेश करत आहे,NO,
1787943418475,Redmi Note 9 Pro,12,mr,vakyansh_marathi_base.int8.onnx,int8,mr_10_fast,2.87,MODERATE_NOISE_15DB,2,WARM,722,0.251,50.00,15.15,508.74,508.74,जलज महिती तीन आता आवारा प्रवेश करत आहे,जलद माहिती टीम आता आवारात प्रवेश करत आहे,NO,
1787943419315,Redmi Note 9 Pro,12,mr,vakyansh_marathi_base.int8.onnx,int8,mr_10_fast,2.87,MODERATE_NOISE_15DB,3,WARM,741,0.258,50.00,15.15,509.17,509.17,जलज महिती तीन आता आवारा प्रवेश करत आहे,जलद माहिती टीम आता आवारात प्रवेश करत आहे,NO,
1787943420284,Redmi Note 9 Pro,12,mr,vakyansh_marathi_base.int8.onnx,int8,mr_11_tactical_1,3.44,MODERATE_NOISE_15DB,1,WARM,863,0.251,87.50,39.53,510.00,510.00,वेर आलट सर्व प्तकानी सुरक्षीत थिकाणी माध्ये भागल,रेड अलर्ट सर्व पथकांनी सुरक्षित ठिकाणी मागे व्हावे,NO,
1787943421234,Redmi Note 9 Pro,12,mr,vakyansh_marathi_base.int8.onnx,int8,mr_11_tactical_1,3.44,MODERATE_NOISE_15DB,2,WARM,856,0.249,87.50,39.53,508.10,510.04,वेर आलट सर्व प्तकानी सुरक्षीत थिकाणी माध्ये भागल,रेड अलर्ट सर्व पथकांनी सुरक्षित ठिकाणी मागे व्हावे,NO,
1787943422183,Redmi Note 9 Pro,12,mr,vakyansh_marathi_base.int8.onnx,int8,mr_11_tactical_1,3.44,MODERATE_NOISE_15DB,3,WARM,857,0.249,87.50,39.53,508.62,508.62,वेर आलट सर्व प्तकानी सुरक्षीत थिकाणी माध्ये भागल,रेड अलर्ट सर्व पथकांनी सुरक्षित ठिकाणी मागे व्हावे,NO,
1787943423034,Redmi Note 9 Pro,12,mr,vakyansh_marathi_base.int8.onnx,int8,mr_12_tactical_2,3.01,MODERATE_NOISE_15DB,1,WARM,743,0.247,57.14,32.35,509.36,509.36,बाैदिपीय पथस सी्तर नऊकरी रवाना झाले आहे,वैद्यकीय पथक सेक्टर नऊकडे रवाना झाले आहे,NO,
1787943423874,Redmi Note 9 Pro,12,mr,vakyansh_marathi_base.int8.onnx,int8,mr_12_tactical_2,3.01,MODERATE_NOISE_15DB,2,WARM,743,0.247,57.14,32.35,509.81,509.81,बाैदिपीय पथस सी्तर नऊकरी रवाना झाले आहे,वैद्यकीय पथक सेक्टर नऊकडे रवाना झाले आहे,NO,
1787943424712,Redmi Note 9 Pro,12,mr,vakyansh_marathi_base.int8.onnx,int8,mr_12_tactical_2,3.01,MODERATE_NOISE_15DB,3,WARM,743,0.247,57.14,32.35,510.27,510.27,बाैदिपीय पथस सी्तर नऊकरी रवाना झाले आहे,वैद्यकीय पथक सेक्टर नऊकडे रवाना झाले आहे,NO,
1787943425503,Redmi Note 9 Pro,12,mr,vakyansh_marathi_base.int8.onnx,int8,mr_13_tactical_3,2.80,MODERATE_NOISE_15DB,1,WARM,676,0.242,71.43,33.33,508.75,510.56,अक्सिसन पाते चाळीस टकिट वरीस बाहे पडा,ऑक्सिजन पातळी चाळीस टक्के त्वरित बाहेर पडा,NO,
1787943426251,Redmi Note 9 Pro,12,mr,vakyansh_marathi_base.int8.onnx,int8,mr_13_tactical_3,2.80,MODERATE_NOISE_15DB,2,WARM,659,0.236,71.43,33.33,509.17,509.17,अक्सिसन पाते चाळीस टकिट वरीस बाहे पडा,ऑक्सिजन पातळी चाळीस टक्के त्वरित बाहेर पडा,NO,
1787943427005,Redmi Note 9 Pro,12,mr,vakyansh_marathi_base.int8.onnx,int8,mr_13_tactical_3,2.80,MODERATE_NOISE_15DB,3,WARM,657,0.235,71.43,33.33,509.59,509.59,अक्सिसन पाते चाळीस टकिट वरीस बाहे पडा,ऑक्सिजन पातळी चाळीस टक्के त्वरित बाहेर पडा,NO,
1787943427659,Redmi Note 9 Pro,12,mr,vakyansh_marathi_base.int8.onnx,int8,mr_14_tactical_4,2.36,MODERATE_NOISE_15DB,1,WARM,560,0.238,83.33,15.38,510.97,510.97,कोदाम दोन मध्ये दादपूर दिसत आहेे,गोदाम दोनमध्ये दाट धूर दिसत आहे,NO,
1787943428319,Redmi Note 9 Pro,12,mr,vakyansh_marathi_base.int8.onnx,int8,mr_14_tactical_4,2.36,MODERATE_NOISE_15DB,2,WARM,573,0.243,83.33,15.38,511.40,511.40,कोदाम दोन मध्ये दादपूर दिसत आहेे,गोदाम दोनमध्ये दाट धूर दिसत आहे,NO,
1787943428968,Redmi Note 9 Pro,12,mr,vakyansh_marathi_base.int8.onnx,int8,mr_14_tactical_4,2.36,MODERATE_NOISE_15DB,3,WARM,562,0.238,83.33,15.38,511.77,511.77,कोदाम दोन मध्ये दादपूर दिसत आहेे,गोदाम दोनमध्ये दाट धूर दिसत आहे,NO,
1787943429751,Redmi Note 9 Pro,12,mr,vakyansh_marathi_base.int8.onnx,int8,mr_15_tactical_5,2.86,MODERATE_NOISE_15DB,1,WARM,684,0.239,120.00,30.30,509.01,512.10,वीमा कुपनाच वळ संगस्यास पर हालचाल दिसी,सीमा कुंपणाजवळ संशयास्पद हालचाल दिसली,NO,
1787943430543,Redmi Note 9 Pro,12,mr,vakyansh_marathi_base.int8.onnx,int8,mr_15_tactical_5,2.86,MODERATE_NOISE_15DB,2,WARM,698,0.244,120.00,30.30,509.42,509.42,वीमा कुपनाच वळ संगस्यास पर हालचाल दिसी,सीमा कुंपणाजवळ संशयास्पद हालचाल दिसली,NO,
1787943431361,Redmi Note 9 Pro,12,mr,vakyansh_marathi_base.int8.onnx,int8,mr_15_tactical_5,2.86,MODERATE_NOISE_15DB,3,WARM,728,0.255,120.00,30.30,509.88,509.88,वीमा कुपनाच वळ संगस्यास पर हालचाल दिसी,सीमा कुंपणाजवळ संशयास्पद हालचाल दिसली,NO,
1787943432474,Redmi Note 9 Pro,12,mr,vakyansh_marathi_base.int8.onnx,int8,mr_16_coords_1,4.07,MODERATE_NOISE_15DB,1,WARM,1005,0.247,87.50,32.56,510.82,510.82,अकषाशे बारा दशाशे पाचरीखस स्त्याहतर दशांस साहा,अक्षांश बारा दशांश पाच रेखांश सत्याहत्तर दशांश सहा,NO,
1787943433584,Redmi Note 9 Pro,12,mr,vakyansh_marathi_base.int8.onnx,int8,mr_16_coords_1,4.07,MODERATE_NOISE_15DB,2,WARM,1017,0.250,87.50,32.56,511.42,511.42,अकषाशे बारा दशाशे पाचरीखस स्त्याहतर दशांस साहा,अक्षांश बारा दशांश पाच रेखांश सत्याहत्तर दशांश सहा,NO,
1787943434692,Redmi Note 9 Pro,12,mr,vakyansh_marathi_base.int8.onnx,int8,mr_16_coords_1,4.07,MODERATE_NOISE_15DB,3,WARM,1018,0.250,87.50,32.56,509.56,511.45,अकषाशे बारा दशाशे पाचरीखस स्त्याहतर दशांस साहा,अक्षांश बारा दशांश पाच रेखांश सत्याहत्तर दशांश सहा,NO,
1787943435316,Redmi Note 9 Pro,12,mr,vakyansh_marathi_base.int8.onnx,int8,mr_17_coords_2,2.05,MODERATE_NOISE_15DB,1,WARM,519,0.253,40.00,29.63,510.08,510.08,सेकपॉन बाटा उंची तीनशे मीटर,चेकपॉईंट डेल्टा उंची तीनशे मीटर,NO,
1787943435933,Redmi Note 9 Pro,12,mr,vakyansh_marathi_base.int8.onnx,int8,mr_17_coords_2,2.05,MODERATE_NOISE_15DB,2,WARM,525,0.256,40.00,29.63,510.41,510.41,सेकपॉन बाटा उंची तीनशे मीटर,चेकपॉईंट डेल्टा उंची तीनशे मीटर,NO,
1787943436557,Redmi Note 9 Pro,12,mr,vakyansh_marathi_base.int8.onnx,int8,mr_17_coords_2,2.05,MODERATE_NOISE_15DB,3,WARM,522,0.255,40.00,29.63,510.71,510.71,सेकपॉन बाटा उंची तीनशे मीटर,चेकपॉईंट डेल्टा उंची तीनशे मीटर,NO,
1787943437375,Redmi Note 9 Pro,12,mr,vakyansh_marathi_base.int8.onnx,int8,mr_18_coords_3,2.73,MODERATE_NOISE_15DB,1,WARM,710,0.260,83.33,17.14,511.39,511.39,हिमारत चारकोली क्रमांक अ्ठावीस सुरक्षी,इमारत चार खोली क्रमांक अठ्ठावीस सुरक्षित,NO,
1787943438165,Redmi Note 9 Pro,12,mr,vakyansh_marathi_base.int8.onnx,int8,mr_18_coords_3,2.73,MODERATE_NOISE_15DB,2,WARM,695,0.255,83.33,17.14,511.80,511.80,हिमारत चारकोली क्रमांक अ्ठावीस सुरक्षी,इमारत चार खोली क्रमांक अठ्ठावीस सुरक्षित,NO,
1787943438954,Redmi Note 9 Pro,12,mr,vakyansh_marathi_base.int8.onnx,int8,mr_18_coords_3,2.73,MODERATE_NOISE_15DB,3,WARM,687,0.252,83.33,17.14,508.86,511.84,हिमारत चारकोली क्रमांक अ्ठावीस सुरक्षी,इमारत चार खोली क्रमांक अठ्ठावीस सुरक्षित,NO,
1787943439822,Redmi Note 9 Pro,12,mr,vakyansh_marathi_base.int8.onnx,int8,mr_19_coords_4,2.90,MODERATE_NOISE_15DB,1,WARM,747,0.258,83.33,25.00,509.54,509.54,वेतिस किलोमीटर पैती तास दक्षणी इकडे,वेग तीस किलोमीटर प्रति तास दक्षिणेकडे,NO,
1787943440743,Redmi Note 9 Pro,12,mr,vakyansh_marathi_base.int8.onnx,int8,mr_19_coords_4,2.90,MODERATE_NOISE_15DB,2,WARM,804,0.277,83.33,25.00,509.98,509.98,वेतिस किलोमीटर पैती तास दक्षणी इकडे,वेग तीस किलोमीटर प्रति तास दक्षिणेकडे,NO,
1787943441662,Redmi Note 9 Pro,12,mr,vakyansh_marathi_base.int8.onnx,int8,mr_19_coords_4,2.90,MODERATE_NOISE_15DB,3,WARM,806,0.278,83.33,25.00,510.45,510.45,वेतिस किलोमीटर पैती तास दक्षणी इकडे,वेग तीस किलोमीटर प्रति तास दक्षिणेकडे,NO,
1787943442454,Redmi Note 9 Pro,12,mr,vakyansh_marathi_base.int8.onnx,int8,mr_20_coords_5,2.41,MODERATE_NOISE_15DB,1,WARM,666,0.276,66.67,38.46,511.04,511.04,रिले पॉवर पाच पिन्नल ऐची ठाकवी,रिले टॉवर पाच सिग्नल ऐंशी टक्के,NO,
1787943443263,Redmi Note 9 Pro,12,mr,vakyansh_marathi_base.int8.onnx,int8,mr_20_coords_5,2.41,MODERATE_NOISE_15DB,2,WARM,693,0.287,66.67,38.46,511.41,511.41,रिले पॉवर पाच पिन्नल ऐची ठाकवी,रिले टॉवर पाच सिग्नल ऐंशी टक्के,NO,
1787943444058,Redmi Note 9 Pro,12,mr,vakyansh_marathi_base.int8.onnx,int8,mr_20_coords_5,2.41,MODERATE_NOISE_15DB,3,WARM,671,0.278,66.67,38.46,509.43,511.43,रिले पॉवर पाच पिन्नल ऐची ठाकवी,रिले टॉवर पाच सिग्नल ऐंशी टक्के,NO,
1787943446410,Redmi Note 9 Pro,12,mr,vakyansh_marathi_base.int8.onnx,int8,mr_21_long_tactical_1,8.23,MODERATE_NOISE_15DB,1,WARM,2226,0.270,76.19,27.45,570.85,570.85,सुकडी अलफा एकब्रेस ब्रागो ला कळवंते कि ग्रीज समनवयबेच्याळीस जवळ पश्चिम कुपन कुठले आहे आणि तातलीने बैधेची मरतिची गरत आहे,तुकडी अल्फा एक बेस ब्राव्होला कळवते की ग्रिड समन्वय बेचाळीस जवळ पश्चिम कुंपण तुटले आहे आणि तातडीने वैद्यकीय मदतीची गरज आहे,NO,
1787943448692,Redmi Note 9 Pro,12,mr,vakyansh_marathi_base.int8.onnx,int8,mr_21_long_tactical_1,8.23,MODERATE_NOISE_15DB,2,WARM,2186,0.265,76.19,27.45,672.35,672.35,सुकडी अलफा एकब्रेस ब्रागो ला कळवंते कि ग्रीज समनवयबेच्याळीस जवळ पश्चिम कुपन कुठले आहे आणि तातलीने बैधेची मरतिची गरत आहे,तुकडी अल्फा एक बेस ब्राव्होला कळवते की ग्रिड समन्वय बेचाळीस जवळ पश्चिम कुंपण तुटले आहे आणि तातडीने वैद्यकीय मदतीची गरज आहे,NO,
1787943450956,Redmi Note 9 Pro,12,mr,vakyansh_marathi_base.int8.onnx,int8,mr_21_long_tactical_1,8.23,MODERATE_NOISE_15DB,3,WARM,2145,0.260,76.19,27.45,673.57,673.57,सुकडी अलफा एकब्रेस ब्रागो ला कळवंते कि ग्रीज समनवयबेच्याळीस जवळ पश्चिम कुपन कुठले आहे आणि तातलीने बैधेची मरतिची गरत आहे,तुकडी अल्फा एक बेस ब्राव्होला कळवते की ग्रिड समन्वय बेचाळीस जवळ पश्चिम कुंपण तुटले आहे आणि तातडीने वैद्यकीय मदतीची गरज आहे,NO,
1787943453177,Redmi Note 9 Pro,12,mr,vakyansh_marathi_base.int8.onnx,int8,mr_22_long_tactical_2,8.16,MODERATE_NOISE_15DB,1,WARM,2100,0.257,66.67,21.90,675.52,675.52,स्टेशन नेल टा खातरिकरो की सेतर इिन मध्ये ऑक्सिजन तीस तक्याण पर्यात कमी झाला आहे सर्व कर्मचार्याआणि दक्षण येचा कडे जावे,स्टेशन डेल्टा खात्री करतो की सेक्टर तीनमध्ये ऑक्सिजन तीस टक्क्यांपर्यंत कमी झाला आहे सर्व कर्मचाऱ्यांनी दक्षिण गेटकडे जावे,YES,
1787943455371,Redmi Note 9 Pro,12,mr,vakyansh_marathi_base.int8.onnx,int8,mr_22_long_tactical_2,8.16,MODERATE_NOISE_15DB,2,WARM,2084,0.255,66.67,21.90,673.96,675.60,स्टेशन नेल टा खातरिकरो की सेतर इिन मध्ये ऑक्सिजन तीस तक्याण पर्यात कमी झाला आहे सर्व कर्मचार्याआणि दक्षण येचा कडे जावे,स्टेशन डेल्टा खात्री करतो की सेक्टर तीनमध्ये ऑक्सिजन तीस टक्क्यांपर्यंत कमी झाला आहे सर्व कर्मचाऱ्यांनी दक्षिण गेटकडे जावे,YES,
1787943457484,Redmi Note 9 Pro,12,mr,vakyansh_marathi_base.int8.onnx,int8,mr_22_long_tactical_2,8.16,MODERATE_NOISE_15DB,3,WARM,2021,0.248,66.67,21.90,675.18,675.18,स्टेशन नेल टा खातरिकरो की सेतर इिन मध्ये ऑक्सिजन तीस तक्याण पर्यात कमी झाला आहे सर्व कर्मचार्याआणि दक्षण येचा कडे जावे,स्टेशन डेल्टा खात्री करतो की सेक्टर तीनमध्ये ऑक्सिजन तीस टक्क्यांपर्यंत कमी झाला आहे सर्व कर्मचाऱ्यांनी दक्षिण गेटकडे जावे,YES,
1787943459469,Redmi Note 9 Pro,12,mr,vakyansh_marathi_base.int8.onnx,int8,mr_23_long_tactical_3,7.61,MODERATE_NOISE_15DB,1,WARM,1865,0.245,60.00,20.22,672.72,676.01,शोध आणि बचा पथक बारापुरग्रस्त बाजात पुढहे सरक आहे पाण्याचा तर दोन नीतर वाडला असून बोटी पहन्ात केले आहे,शोध आणि बचाव पथक बारा पूरग्रस्त भागात पुढे सरकत आहे पाण्याचा स्तर दोन मीटर वाढला असून बोटी तैनात केल्या आहेत,YES,
1787943461495,Redmi Note 9 Pro,12,mr,vakyansh_marathi_base.int8.onnx,int8,mr_23_long_tactical_3,7.61,MODERATE_NOISE_15DB,2,WARM,1932,0.254,60.00,20.22,673.84,673.84,शोध आणि बचा पथक बारापुरग्रस्त बाजात पुढहे सरक आहे पाण्याचा तर दोन नीतर वाडला असून बोटी पहन्ात केले आहे,शोध आणि बचाव पथक बारा पूरग्रस्त भागात पुढे सरकत आहे पाण्याचा स्तर दोन मीटर वाढला असून बोटी तैनात केल्या आहेत,YES,
1787943463529,Redmi Note 9 Pro,12,mr,vakyansh_marathi_base.int8.onnx,int8,mr_23_long_tactical_3,7.61,MODERATE_NOISE_15DB,3,WARM,1926,0.253,60.00,20.22,672.84,673.91,शोध आणि बचा पथक बारापुरग्रस्त बाजात पुढहे सरक आहे पाण्याचा तर दोन नीतर वाडला असून बोटी पहन्ात केले आहे,शोध आणि बचाव पथक बारा पूरग्रस्त भागात पुढे सरकत आहे पाण्याचा स्तर दोन मीटर वाढला असून बोटी तैनात केल्या आहेत,YES,
1787943466070,Redmi Note 9 Pro,12,mr,vakyansh_marathi_base.int8.onnx,int8,mr_24_long_tactical_4,9.05,MODERATE_NOISE_15DB,1,WARM,2412,0.266,73.68,33.33,675.09,676.98,आातनी सातिशाहात हिनारापती च सतर सातवर वादर धडकणार आहे बार्याचा वेससतर किलोमीटर र्ती तास पासून सर्व कपक्ररने सुरक््षित देवा,तातडीचा इशारा किनारपट्टीच्या सेक्टर सातवर वादळ धडकणार आहे वाऱ्याचा वेग सत्तर किलोमीटर प्रति तास असून सर्व उपकरणे सुरक्षित ठेवा,NO,
1787943468591,Redmi Note 9 Pro,12,mr,vakyansh_marathi_base.int8.onnx,int8,mr_24_long_tactical_4,9.05,MODERATE_NOISE_15DB,2,WARM,2411,0.266,73.68,33.33,687.98,687.98,आातनी सातिशाहात हिनारापती च सतर सातवर वादर धडकणार आहे बार्याचा वेससतर किलोमीटर र्ती तास पासून सर्व कपक्ररने सुरक््षित देवा,तातडीचा इशारा किनारपट्टीच्या सेक्टर सातवर वादळ धडकणार आहे वाऱ्याचा वेग सत्तर किलोमीटर प्रति तास असून सर्व उपकरणे सुरक्षित ठेवा,NO,
1787943471257,Redmi Note 9 Pro,12,mr,vakyansh_marathi_base.int8.onnx,int8,mr_24_long_tactical_4,9.05,MODERATE_NOISE_15DB,3,WARM,2552,0.282,73.68,33.33,689.33,689.33,आातनी सातिशाहात हिनारापती च सतर सातवर वादर धडकणार आहे बार्याचा वेससतर किलोमीटर र्ती तास पासून सर्व कपक्ररने सुरक््षित देवा,तातडीचा इशारा किनारपट्टीच्या सेक्टर सातवर वादळ धडकणार आहे वाऱ्याचा वेग सत्तर किलोमीटर प्रति तास असून सर्व उपकरणे सुरक्षित ठेवा,NO,
1787943473629,Redmi Note 9 Pro,12,mr,vakyansh_marathi_base.int8.onnx,int8,mr_25_long_tactical_5,7.72,MODERATE_NOISE_15DB,1,WARM,2223,0.288,58.82,22.34,688.64,690.26,कमान सेंटर सर्वगस्तापतकाना पश्चिम महामार जंक्शन चारकडे जाण्याचे आणि रेल्वेव संपर्क चालुखेमयाचे अेशु देचे,कमांड सेंटर सर्व गस्त पथकांना पश्चिम महामार्ग जंक्शन चारकडे जाण्याचे आणि रेडिओ संपर्क चालू ठेवण्याचे आदेश देते,NO,
1787943475857,Redmi Note 9 Pro,12,mr,vakyansh_marathi_base.int8.onnx,int8,mr_25_long_tactical_5,7.72,MODERATE_NOISE_15DB,2,WARM,2108,0.273,58.82,22.34,687.68,688.72,कमान सेंटर सर्वगस्तापतकाना पश्चिम महामार जंक्शन चारकडे जाण्याचे आणि रेल्वेव संपर्क चालुखेमयाचे अेशु देचे,कमांड सेंटर सर्व गस्त पथकांना पश्चिम महामार्ग जंक्शन चारकडे जाण्याचे आणि रेडिओ संपर्क चालू ठेवण्याचे आदेश देते,NO,
1787943478012,Redmi Note 9 Pro,12,mr,vakyansh_marathi_base.int8.onnx,int8,mr_25_long_tactical_5,7.72,MODERATE_NOISE_15DB,3,WARM,2042,0.265,58.82,22.34,688.81,688.81,कमान सेंटर सर्वगस्तापतकाना पश्चिम महामार जंक्शन चारकडे जाण्याचे आणि रेल्वेव संपर्क चालुखेमयाचे अेशु देचे,कमांड सेंटर सर्व गस्त पथकांना पश्चिम महामार्ग जंक्शन चारकडे जाण्याचे आणि रेडिओ संपर्क चालू ठेवण्याचे आदेश देते,NO,
1787943480226,Redmi Note 9 Pro,12,mr,vakyansh_marathi_base.int8.onnx,int8,mr_26_long_tactical_6,8.00,MODERATE_NOISE_15DB,1,WARM,2101,0.263,55.56,25.61,690.72,690.72,बाैरिकिय मधत पुरवठा करणारी वाहमे मदत छांगणी नौ येथे पोहची असूल आन आणि शधाचे वाटक सुरू झाले आहे,वैद्यकीय मदत पुरवठा करणारी वाहने मदत छावणी नऊ येथे पोहोचली असून अन्न आणि औषधांचे वाटप सुरू झाले आहे,NO,
1787943482370,Redmi Note 9 Pro,12,mr,vakyansh_marathi_base.int8.onnx,int8,mr_26_long_tactical_6,8.00,MODERATE_NOISE_15DB,2,WARM,2035,0.255,55.56,25.61,689.26,690.79,बाैरिकिय मधत पुरवठा करणारी वाहमे मदत छांगणी नौ येथे पोहची असूल आन आणि शधाचे वाटक सुरू झाले आहे,वैद्यकीय मदत पुरवठा करणारी वाहने मदत छावणी नऊ येथे पोहोचली असून अन्न आणि औषधांचे वाटप सुरू झाले आहे,NO,
1787943484528,Redmi Note 9 Pro,12,mr,vakyansh_marathi_base.int8.onnx,int8,mr_26_long_tactical_6,8.00,MODERATE_NOISE_15DB,3,WARM,2052,0.257,55.56,25.61,690.43,690.43,बाैरिकिय मधत पुरवठा करणारी वाहमे मदत छांगणी नौ येथे पोहची असूल आन आणि शधाचे वाटक सुरू झाले आहे,वैद्यकीय मदत पुरवठा करणारी वाहने मदत छावणी नऊ येथे पोहोचली असून अन्न आणि औषधांचे वाटप सुरू झाले आहे,NO,
1787943486488,Redmi Note 9 Pro,12,mr,vakyansh_marathi_base.int8.onnx,int8,mr_27_long_tactical_7,7.49,MODERATE_NOISE_15DB,1,WARM,1847,0.247,64.71,21.51,688.13,691.24,सुरक्षा पत्तानि रिलिट टॉवर पिनचा बीजपु रठा खांडि झाल्या ते सांगगितले आहे जलवेटर सुरू करून संपर्क पुरव केला आहे,सुरक्षा पथकाने रिले टॉवर तीनचा वीजपुरवठा खंडित झाल्याचे सांगितले आहे जनरेटर सुरू करून संपर्क पूर्ववत केला आहे,YES,
1787943488417,Redmi Note 9 Pro,12,mr,vakyansh_marathi_base.int8.onnx,int8,mr_27_long_tactical_7,7.49,MODERATE_NOISE_15DB,2,WARM,1825,0.244,64.71,21.51,689.24,689.24,सुरक्षा पत्तानि रिलिट टॉवर पिनचा बीजपु रठा खांडि झाल्या ते सांगगितले आहे जलवेटर सुरू करून संपर्क पुरव केला आहे,सुरक्षा पथकाने रिले टॉवर तीनचा वीजपुरवठा खंडित झाल्याचे सांगितले आहे जनरेटर सुरू करून संपर्क पूर्ववत केला आहे,YES,
1787943490380,Redmi Note 9 Pro,12,mr,vakyansh_marathi_base.int8.onnx,int8,mr_27_long_tactical_7,7.49,MODERATE_NOISE_15DB,3,WARM,1863,0.249,64.71,21.51,688.25,689.32,सुरक्षा पत्तानि रिलिट टॉवर पिनचा बीजपु रठा खांडि झाल्या ते सांगगितले आहे जलवेटर सुरू करून संपर्क पुरव केला आहे,सुरक्षा पथकाने रिले टॉवर तीनचा वीजपुरवठा खंडित झाल्याचे सांगितले आहे जनरेटर सुरू करून संपर्क पूर्ववत केला आहे,YES,
1787943492167,Redmi Note 9 Pro,12,mr,vakyansh_marathi_base.int8.onnx,int8,mr_28_long_tactical_8,6.53,MODERATE_NOISE_15DB,1,WARM,1677,0.257,75.00,24.05,695.52,695.52,सुकडी ब्रा हो जमलातून मार्ग काड्ात पॉन पाच कडेजात पासून कोणतीही अठजानाही सुरे काम चालू आहे,तुकडी ब्राव्हो जंगलातून मार्ग काढत पॉईंट पाचकडे जात असून कोणतीही अडचण नाही सुरळीत काम चालू आहे,NO,
1787943493950,Redmi Note 9 Pro,12,mr,vakyansh_marathi_base.int8.onnx,int8,mr_28_long_tactical_8,6.53,MODERATE_NOISE_15DB,2,WARM,1676,0.257,75.00,24.05,693.14,695.58,सुकडी ब्रा हो जमलातून मार्ग काड्ात पॉन पाच कडेजात पासून कोणतीही अठजानाही सुरे काम चालू आहे,तुकडी ब्राव्हो जंगलातून मार्ग काढत पॉईंट पाचकडे जात असून कोणतीही अडचण नाही सुरळीत काम चालू आहे,NO,
1787943495751,Redmi Note 9 Pro,12,mr,vakyansh_marathi_base.int8.onnx,int8,mr_28_long_tactical_8,6.53,MODERATE_NOISE_15DB,3,WARM,1691,0.259,75.00,24.05,694.09,694.09,सुकडी ब्रा हो जमलातून मार्ग काड्ात पॉन पाच कडेजात पासून कोणतीही अठजानाही सुरे काम चालू आहे,तुकडी ब्राव्हो जंगलातून मार्ग काढत पॉईंट पाचकडे जात असून कोणतीही अडचण नाही सुरळीत काम चालू आहे,NO,
1787943497777,Redmi Note 9 Pro,12,mr,vakyansh_marathi_base.int8.onnx,int8,mr_29_long_tactical_9,7.31,MODERATE_NOISE_15DB,1,WARM,1907,0.261,85.71,23.26,695.83,695.83,अभियांत्रिकी पतकाने बरी वरील पुल आवजर वाहण्ासाठी भुकादा थरवला पसून तर वाहतुकपुर्वे कडे वळवली आहे,अभियांत्रिकी पथकाने नदीवरील पूल अवजड वाहनांसाठी धोकादायक ठरवला असून सर्व वाहतूक पूर्वेकडे वळवली आहे,YES,
1787943499787,Redmi Note 9 Pro,12,mr,vakyansh_marathi_base.int8.onnx,int8,mr_29_long_tactical_9,7.31,MODERATE_NOISE_15DB,2,WARM,1901,0.260,85.71,23.26,694.60,695.90,अभियांत्रिकी पतकाने बरी वरील पुल आवजर वाहण्ासाठी भुकादा थरवला पसून तर वाहतुकपुर्वे कडे वळवली आहे,अभियांत्रिकी पथकाने नदीवरील पूल अवजड वाहनांसाठी धोकादायक ठरवला असून सर्व वाहतूक पूर्वेकडे वळवली आहे,YES,
1787943501975,Redmi Note 9 Pro,12,mr,vakyansh_marathi_base.int8.onnx,int8,mr_29_long_tactical_9,7.31,MODERATE_NOISE_15DB,3,WARM,2066,0.283,85.71,23.26,695.67,695.67,अभियांत्रिकी पतकाने बरी वरील पुल आवजर वाहण्ासाठी भुकादा थरवला पसून तर वाहतुकपुर्वे कडे वळवली आहे,अभियांत्रिकी पथकाने नदीवरील पूल अवजड वाहनांसाठी धोकादायक ठरवला असून सर्व वाहतूक पूर्वेकडे वळवली आहे,YES,
1787943504583,Redmi Note 9 Pro,12,mr,vakyansh_marathi_base.int8.onnx,int8,mr_30_long_tactical_10,8.55,MODERATE_NOISE_15DB,1,WARM,2467,0.288,61.90,24.07,693.50,696.53,उष्यालय खात्रिकते की सर्व मुख सौख्या सुरक्षित आहेत रात्र गस्का पत्णानही स्वरी जाता द्यावी आणि दर अर्ध्या तासानेर अहवाज जावा,मुख्यालय खात्री करते की सर्व मुख्य चौक्या सुरक्षित आहेत रात्र गस्त पथकांनी त्वरित जागा घ्यावी आणि दर अर्ध्या तासाने अहवाल द्यावा,NO,
1787943506968,Redmi Note 9 Pro,12,mr,vakyansh_marathi_base.int8.onnx,int8,mr_30_long_tactical_10,8.55,MODERATE_NOISE_15DB,2,WARM,2275,0.266,61.90,24.07,694.77,694.77,उष्यालय खात्रिकते की सर्व मुख सौख्या सुरक्षित आहेत रात्र गस्का पत्णानही स्वरी जाता द्यावी आणि दर अर्ध्या तासानेर अहवाज जावा,मुख्यालय खात्री करते की सर्व मुख्य चौक्या सुरक्षित आहेत रात्र गस्त पथकांनी त्वरित जागा घ्यावी आणि दर अर्ध्या तासाने अहवाल द्यावा,NO,
1787943509379,Redmi Note 9 Pro,12,mr,vakyansh_marathi_base.int8.onnx,int8,mr_30_long_tactical_10,8.55,MODERATE_NOISE_15DB,3,WARM,2290,0.268,61.90,24.07,696.04,696.04,उष्यालय खात्रिकते की सर्व मुख सौख्या सुरक्षित आहेत रात्र गस्का पत्णानही स्वरी जाता द्यावी आणि दर अर्ध्या तासानेर अहवाज जावा,मुख्यालय खात्री करते की सर्व मुख्य चौक्या सुरक्षित आहेत रात्र गस्त पथकांनी त्वरित जागा घ्यावी आणि दर अर्ध्या तासाने अहवाल द्यावा,NO,
1787943517994,Redmi Note 9 Pro,12,te,vakyansh_telugu_base.int8.onnx,int8,te_01_normal,4.28,MODERATE_NOISE_15DB,1,COLD,1072,0.250,16.67,4.84,482.27,482.27,అన్ని పెట్రోలింగ్ చెప్పోస్తులు సురక్షితంగా ఉన్నాయని నివేదించబడింది,అన్ని పెట్రోలింగ్ చెక్‌పోస్టులు సురక్షితంగా ఉన్నాయని నివేదించబడింది,YES,
1787943519117,Redmi Note 9 Pro,12,te,vakyansh_telugu_base.int8.onnx,int8,te_01_normal,4.28,MODERATE_NOISE_15DB,2,WARM,1023,0.239,16.67,4.84,480.75,480.75,అన్ని పెట్రోలింగ్ చెప్పోస్తులు సురక్షితంగా ఉన్నాయని నివేదించబడింది,అన్ని పెట్రోలింగ్ చెక్‌పోస్టులు సురక్షితంగా ఉన్నాయని నివేదించబడింది,YES,
1787943520217,Redmi Note 9 Pro,12,te,vakyansh_telugu_base.int8.onnx,int8,te_01_normal,4.28,MODERATE_NOISE_15DB,3,WARM,1004,0.234,16.67,4.84,481.37,481.37,అన్ని పెట్రోలింగ్ చెప్పోస్తులు సురక్షితంగా ఉన్నాయని నివేదించబడింది,అన్ని పెట్రోలింగ్ చెక్‌పోస్టులు సురక్షితంగా ఉన్నాయని నివేదించబడింది,YES,
1787943520558,Redmi Note 9 Pro,12,te,vakyansh_telugu_base.int8.onnx,int8,te_02_short,1.04,MODERATE_NOISE_15DB,1,WARM,250,0.240,100.00,22.22,481.66,481.66,రోజార్ బేజ్,రోజర్ బేస్,NO,
1787943520977,Redmi Note 9 Pro,12,te,vakyansh_telugu_base.int8.onnx,int8,te_02_short,1.04,MODERATE_NOISE_15DB,2,WARM,336,0.323,100.00,22.22,481.64,481.64,రోజార్ బేజ్,రోజర్ బేస్,NO,
1787943521401,Redmi Note 9 Pro,12,te,vakyansh_telugu_base.int8.onnx,int8,te_02_short,1.04,MODERATE_NOISE_15DB,3,WARM,337,0.323,100.00,22.22,481.95,481.95,రోజార్ బేజ్,రోజర్ బేస్,NO,
1787943523117,Redmi Note 9 Pro,12,te,vakyansh_telugu_base.int8.onnx,int8,te_03_long,6.69,MODERATE_NOISE_15DB,1,WARM,1610,0.241,0.00,0.00,530.43,530.43,మా బృందం పశ్చిమ రహదారి గుండా జంక్షన్ ఏడు వైపు సాధారణ నిబంధనల ప్రకారం ముందుకు సాగుతోంది,మా బృందం పశ్చిమ రహదారి గుండా జంక్షన్ ఏడు వైపు సాధారణ నిబంధనల ప్రకారం ముందుకు సాగుతోంది,YES,
1787943524784,Redmi Note 9 Pro,12,te,vakyansh_telugu_base.int8.onnx,int8,te_03_long,6.69,MODERATE_NOISE_15DB,2,WARM,1578,0.236,0.00,0.00,531.46,531.46,మా బృందం పశ్చిమ రహదారి గుండా జంక్షన్ ఏడు వైపు సాధారణ నిబంధనల ప్రకారం ముందుకు సాగుతోంది,మా బృందం పశ్చిమ రహదారి గుండా జంక్షన్ ఏడు వైపు సాధారణ నిబంధనల ప్రకారం ముందుకు సాగుతోంది,YES,
1787943526436,Redmi Note 9 Pro,12,te,vakyansh_telugu_base.int8.onnx,int8,te_03_long,6.69,MODERATE_NOISE_15DB,3,WARM,1562,0.233,0.00,0.00,529.82,529.82,మా బృందం పశ్చిమ రహదారి గుండా జంక్షన్ ఏడు వైపు సాధారణ నిబంధనల ప్రకారం ముందుకు సాగుతోంది,మా బృందం పశ్చిమ రహదారి గుండా జంక్షన్ ఏడు వైపు సాధారణ నిబంధనల ప్రకారం ముందుకు సాగుతోంది,YES,
1787943527721,Redmi Note 9 Pro,12,te,vakyansh_telugu_base.int8.onnx,int8,te_04_numbers,5.33,MODERATE_NOISE_15DB,1,WARM,1192,0.224,9.09,1.61,531.11,531.11,బృందంలో పన్నెండు మంది సభ్యులు ఉన్నారు మరియు బ్యాటరీ డెబ్బై్ ఐదు శాతం ఉంది,బృందంలో పన్నెండు మంది సభ్యులు ఉన్నారు మరియు బ్యాటరీ డెబ్బై ఐదు శాతం ఉంది,YES,
1787943528990,Redmi Note 9 Pro,12,te,vakyansh_telugu_base.int8.onnx,int8,te_04_numbers,5.33,MODERATE_NOISE_15DB,2,WARM,1188,0.223,9.09,1.61,530.02,531.16,బృందంలో పన్నెండు మంది సభ్యులు ఉన్నారు మరియు బ్యాటరీ డెబ్బై్ ఐదు శాతం ఉంది,బృందంలో పన్నెండు మంది సభ్యులు ఉన్నారు మరియు బ్యాటరీ డెబ్బై ఐదు శాతం ఉంది,YES,
1787943530264,Redmi Note 9 Pro,12,te,vakyansh_telugu_base.int8.onnx,int8,te_04_numbers,5.33,MODERATE_NOISE_15DB,3,WARM,1180,0.222,9.09,1.61,530.85,530.85,బృందంలో పన్నెండు మంది సభ్యులు ఉన్నారు మరియు బ్యాటరీ డెబ్బై్ ఐదు శాతం ఉంది,బృందంలో పన్నెండు మంది సభ్యులు ఉన్నారు మరియు బ్యాటరీ డెబ్బై ఐదు శాతం ఉంది,YES,
1787943531289,Redmi Note 9 Pro,12,te,vakyansh_telugu_base.int8.onnx,int8,te_05_location,4.31,MODERATE_NOISE_15DB,1,WARM,932,0.216,33.33,12.00,529.31,531.30,స్టేషన్ ఆల్పా ప్రధాన ద్వారం నుండి వ్యాబై్ మీటర్ల ఉత్తరన ఉంది,స్టేషన్ ఆల్ఫా ప్రధాన ద్వారం నుండి యాభై మీటర్ల ఉత్తరాన ఉంది,YES,
1787943532299,Redmi Note 9 Pro,12,te,vakyansh_telugu_base.int8.onnx,int8,te_05_location,4.31,MODERATE_NOISE_15DB,2,WARM,922,0.214,33.33,12.00,529.97,529.97,స్టేషన్ ఆల్పా ప్రధాన ద్వారం నుండి వ్యాబై్ మీటర్ల ఉత్తరన ఉంది,స్టేషన్ ఆల్ఫా ప్రధాన ద్వారం నుండి యాభై మీటర్ల ఉత్తరాన ఉంది,YES,
1787943533320,Redmi Note 9 Pro,12,te,vakyansh_telugu_base.int8.onnx,int8,te_05_location,4.31,MODERATE_NOISE_15DB,3,WARM,937,0.218,33.33,12.00,530.60,530.60,స్టేషన్ ఆల్పా ప్రధాన ద్వారం నుండి వ్యాబై్ మీటర్ల ఉత్తరన ఉంది,స్టేషన్ ఆల్ఫా ప్రధాన ద్వారం నుండి యాభై మీటర్ల ఉత్తరాన ఉంది,YES,
1787943534329,Redmi Note 9 Pro,12,te,vakyansh_telugu_base.int8.onnx,int8,te_06_emergency,4.18,MODERATE_NOISE_15DB,1,WARM,919,0.220,28.57,6.52,531.63,531.63,అత్యవసర హెచ్చరిక సెక్టర్ నాలుగులో సాక్షణ సహాయం అవసరం,అత్యవసర హెచ్చరిక సెక్టార్ నాలుగులో తక్షణ సహాయం అవసరం,YES,
1787943535526,Redmi Note 9 Pro,12,te,vakyansh_telugu_base.int8.onnx,int8,te_06_emergency,4.18,MODERATE_NOISE_15DB,2,WARM,1091,0.261,28.57,6.52,532.25,532.25,అత్యవసర హెచ్చరిక సెక్టర్ నాలుగులో సాక్షణ సహాయం అవసరం,అత్యవసర హెచ్చరిక సెక్టార్ నాలుగులో తక్షణ సహాయం అవసరం,YES,
1787943536539,Redmi Note 9 Pro,12,te,vakyansh_telugu_base.int8.onnx,int8,te_06_emergency,4.18,MODERATE_NOISE_15DB,3,WARM,931,0.223,28.57,6.52,530.26,532.29,అత్యవసర హెచ్చరిక సెక్టర్ నాలుగులో సాక్షణ సహాయం అవసరం,అత్యవసర హెచ్చరిక సెక్టార్ నాలుగులో తక్షణ సహాయం అవసరం,YES,
1787943537267,Redmi Note 9 Pro,12,te,vakyansh_telugu_base.int8.onnx,int8,te_07_radio,2.87,MODERATE_NOISE_15DB,1,WARM,639,0.223,66.67,13.51,530.95,530.95,రేడియో చెట్నా మాటలు విలిపిస్తున్నాయా ఓ,రేడియో చెక్ నా మాటలు వినిపిస్తున్నాయా ఓవర్,YES,
1787943538007,Redmi Note 9 Pro,12,te,vakyansh_telugu_base.int8.onnx,int8,te_07_radio,2.87,MODERATE_NOISE_15DB,2,WARM,639,0.223,66.67,13.51,531.40,531.40,రేడియో చెట్నా మాటలు విలిపిస్తున్నాయా ఓ,రేడియో చెక్ నా మాటలు వినిపిస్తున్నాయా ఓవర్,YES,
1787943538738,Redmi Note 9 Pro,12,te,vakyansh_telugu_base.int8.onnx,int8,te_07_radio,2.87,MODERATE_NOISE_15DB,3,WARM,648,0.226,66.67,13.51,531.84,531.84,రేడియో చెట్నా మాటలు విలిపిస్తున్నాయా ఓ,రేడియో చెక్ నా మాటలు వినిపిస్తున్నాయా ఓవర్,YES,
1787943539651,Redmi Note 9 Pro,12,te,vakyansh_telugu_base.int8.onnx,int8,te_08_punct,3.67,MODERATE_NOISE_15DB,1,WARM,819,0.223,14.29,2.63,530.38,532.24,అక్కడే ఉండండి కదుపరి ఆదేశాల కోసం వేచి ఉండండి,అక్కడే ఉండండి తదుపరి ఆదేశాల కోసం వేచి ఉండండి,YES,
1787943540593,Redmi Note 9 Pro,12,te,vakyansh_telugu_base.int8.onnx,int8,te_08_punct,3.67,MODERATE_NOISE_15DB,2,WARM,847,0.231,14.29,2.63,530.89,530.89,అక్కడే ఉండండి కదుపరి ఆదేశాల కోసం వేచి ఉండండి,అక్కడే ఉండండి తదుపరి ఆదేశాల కోసం వేచి ఉండండి,YES,
1787943541847,Redmi Note 9 Pro,12,te,vakyansh_telugu_base.int8.onnx,int8,te_08_punct,3.67,MODERATE_NOISE_15DB,3,WARM,1165,0.318,14.29,2.63,531.47,531.47,అక్కడే ఉండండి కదుపరి ఆదేశాల కోసం వేచి ఉండండి,అక్కడే ఉండండి తదుపరి ఆదేశాల కోసం వేచి ఉండండి,YES,
1787943543091,Redmi Note 9 Pro,12,te,vakyansh_telugu_base.int8.onnx,int8,te_09_proper_nouns,3.63,MODERATE_NOISE_15DB,1,WARM,1147,0.316,50.00,9.09,532.35,532.35,టీమ లేడర్ విక్రమ్ బేస్ వద్ద కెప్టెన్ సర్మను కలవంది,టీమ్ లీడర్ విక్రమ్ బేస్ వద్ద కెప్టెన్ శర్మను కలవండి,NO,
1787943544309,Redmi Note 9 Pro,12,te,vakyansh_telugu_base.int8.onnx,int8,te_09_proper_nouns,3.63,MODERATE_NOISE_15DB,2,WARM,1138,0.314,50.00,9.09,532.91,532.91,టీమ లేడర్ విక్రమ్ బేస్ వద్ద కెప్టెన్ సర్మను కలవంది,టీమ్ లీడర్ విక్రమ్ బేస్ వద్ద కెప్టెన్ శర్మను కలవండి,NO,
1787943545390,Redmi Note 9 Pro,12,te,vakyansh_telugu_base.int8.onnx,int8,te_09_proper_nouns,3.63,MODERATE_NOISE_15DB,3,WARM,981,0.271,50.00,9.09,530.73,532.95,టీమ లేడర్ విక్రమ్ బేస్ వద్ద కెప్టెన్ సర్మను కలవంది,టీమ్ లీడర్ విక్రమ్ బేస్ వద్ద కెప్టెన్ శర్మను కలవండి,NO,
1787943546371,Redmi Note 9 Pro,12,te,vakyansh_telugu_base.int8.onnx,int8,te_10_fast,3.64,MODERATE_NOISE_15DB,1,WARM,882,0.242,0.00,0.00,531.63,531.63,త్వరిత సమాచారం బృందం ఇప్పుడు పరిధిలోకి ప్రవేశిస్తోంది,త్వరిత సమాచారం బృందం ఇప్పుడు పరిధిలోకి ప్రవేశిస్తోంది,YES,
1787943547336,Redmi Note 9 Pro,12,te,vakyansh_telugu_base.int8.onnx,int8,te_10_fast,3.64,MODERATE_NOISE_15DB,2,WARM,865,0.238,0.00,0.00,532.18,532.18,త్వరిత సమాచారం బృందం ఇప్పుడు పరిధిలోకి ప్రవేశిస్తోంది,త్వరిత సమాచారం బృందం ఇప్పుడు పరిధిలోకి ప్రవేశిస్తోంది,YES,
1787943548293,Redmi Note 9 Pro,12,te,vakyansh_telugu_base.int8.onnx,int8,te_10_fast,3.64,MODERATE_NOISE_15DB,3,WARM,861,0.237,0.00,0.00,532.72,532.72,త్వరిత సమాచారం బృందం ఇప్పుడు పరిధిలోకి ప్రవేశిస్తోంది,త్వరిత సమాచారం బృందం ఇప్పుడు పరిధిలోకి ప్రవేశిస్తోంది,YES,
1787943549362,Redmi Note 9 Pro,12,te,vakyansh_telugu_base.int8.onnx,int8,te_11_tactical_1,4.02,MODERATE_NOISE_15DB,1,WARM,974,0.242,14.29,5.88,533.70,533.70,రెడ్ అలత్ అన్ని బృందాలు సురక్షిత ప్రాంతానికి చేరుకోవాలి,రెడ్ అలర్ట్ అన్ని బృందాలు సురక్షిత ప్రాంతానికి చేరుకోవాలి,YES,
1787943550458,Redmi Note 9 Pro,12,te,vakyansh_telugu_base.int8.onnx,int8,te_11_tactical_1,4.02,MODERATE_NOISE_15DB,2,WARM,995,0.247,14.29,5.88,530.30,533.77,రెడ్ అలత్ అన్ని బృందాలు సురక్షిత ప్రాంతానికి చేరుకోవాలి,రెడ్ అలర్ట్ అన్ని బృందాలు సురక్షిత ప్రాంతానికి చేరుకోవాలి,YES,
1787943551543,Redmi Note 9 Pro,12,te,vakyansh_telugu_base.int8.onnx,int8,te_11_tactical_1,4.02,MODERATE_NOISE_15DB,3,WARM,995,0.247,14.29,5.88,530.87,530.87,రెడ్ అలత్ అన్ని బృందాలు సురక్షిత ప్రాంతానికి చేరుకోవాలి,రెడ్ అలర్ట్ అన్ని బృందాలు సురక్షిత ప్రాంతానికి చేరుకోవాలి,YES,
1787943552411,Redmi Note 9 Pro,12,te,vakyansh_telugu_base.int8.onnx,int8,te_12_tactical_2,3.06,MODERATE_NOISE_15DB,1,WARM,764,0.250,0.00,0.00,531.62,531.62,వైద్య బృందాన్ని సెక్టార్ తొమ్మిదికి పంపారు,వైద్య బృందాన్ని సెక్టార్ తొమ్మిదికి పంపారు,YES,
1787943553266,Redmi Note 9 Pro,12,te,vakyansh_telugu_base.int8.onnx,int8,te_12_tactical_2,3.06,MODERATE_NOISE_15DB,2,WARM,755,0.247,0.00,0.00,532.07,532.07,వైద్య బృందాన్ని సెక్టార్ తొమ్మిదికి పంపారు,వైద్య బృందాన్ని సెక్టార్ తొమ్మిదికి పంపారు,YES,
1787943554132,Redmi Note 9 Pro,12,te,vakyansh_telugu_base.int8.onnx,int8,te_12_tactical_2,3.06,MODERATE_NOISE_15DB,3,WARM,767,0.251,0.00,0.00,532.54,532.54,వైద్య బృందాన్ని సెక్టార్ తొమ్మిదికి పంపారు,వైద్య బృందాన్ని సెక్టార్ తొమ్మిదికి పంపారు,YES,
1787943555190,Redmi Note 9 Pro,12,te,vakyansh_telugu_base.int8.onnx,int8,te_13_tactical_3,3.63,MODERATE_NOISE_15DB,1,WARM,948,0.261,42.86,8.11,530.58,532.91,ఆక్సిడన్ స్థాయి నలబై శాతం వెంటనే బయటకు రెండి,ఆక్సిజన్ స్థాయి నలభై శాతం వెంటనే బయటకు రండి,NO,
1787943556206,Redmi Note 9 Pro,12,te,vakyansh_telugu_base.int8.onnx,int8,te_13_tactical_3,3.63,MODERATE_NOISE_15DB,2,WARM,916,0.252,42.86,8.11,531.13,531.13,ఆక్సిడన్ స్థాయి నలబై శాతం వెంటనే బయటకు రెండి,ఆక్సిజన్ స్థాయి నలభై శాతం వెంటనే బయటకు రండి,NO,
1787943557216,Redmi Note 9 Pro,12,te,vakyansh_telugu_base.int8.onnx,int8,te_13_tactical_3,3.63,MODERATE_NOISE_15DB,3,WARM,911,0.251,42.86,8.11,531.67,531.67,ఆక్సిడన్ స్థాయి నలబై శాతం వెంటనే బయటకు రెండి,ఆక్సిజన్ స్థాయి నలభై శాతం వెంటనే బయటకు రండి,NO,
1787943558045,Redmi Note 9 Pro,12,te,vakyansh_telugu_base.int8.onnx,int8,te_14_tactical_4,2.87,MODERATE_NOISE_15DB,1,WARM,723,0.252,40.00,8.33,532.38,532.38,బిడ్డండి రెండులో దట్తమైన పొగ కనిపించింది,గిడ్డంగి రెండులో దట్టమైన పొగ కనిపించింది,NO,
1787943558863,Redmi Note 9 Pro,12,te,vakyansh_telugu_base.int8.onnx,int8,te_14_tactical_4,2.87,MODERATE_NOISE_15DB,2,WARM,725,0.252,40.00,8.33,532.81,532.81,బిడ్డండి రెండులో దట్తమైన పొగ కనిపించింది,గిడ్డంగి రెండులో దట్టమైన పొగ కనిపించింది,NO,
1787943559687,Redmi Note 9 Pro,12,te,vakyansh_telugu_base.int8.onnx,int8,te_14_tactical_4,2.87,MODERATE_NOISE_15DB,3,WARM,731,0.255,40.00,8.33,533.29,533.29,బిడ్డండి రెండులో దట్తమైన పొగ కనిపించింది,గిడ్డంగి రెండులో దట్టమైన పొగ కనిపించింది,NO,
1787943560603,Redmi Note 9 Pro,12,te,vakyansh_telugu_base.int8.onnx,int8,te_15_tactical_5,3.26,MODERATE_NOISE_15DB,1,WARM,816,0.251,40.00,11.76,530.38,533.69,సరిహద్దు పంచి వద్ద అనుమానాస్పద కదిలికలి,సరిహద్దు కంచె వద్ద అనుమానాస్పద కదలికలు,YES,
1787943561512,Redmi Note 9 Pro,12,te,vakyansh_telugu_base.int8.onnx,int8,te_15_tactical_5,3.26,MODERATE_NOISE_15DB,2,WARM,812,0.249,40.00,11.76,530.85,530.85,సరిహద్దు పంచి వద్ద అనుమానాస్పద కదిలికలి,సరిహద్దు కంచె వద్ద అనుమానాస్పద కదలికలు,YES,
1787943562426,Redmi Note 9 Pro,12,te,vakyansh_telugu_base.int8.onnx,int8,te_15_tactical_5,3.26,MODERATE_NOISE_15DB,3,WARM,817,0.251,40.00,11.76,531.33,531.33,సరిహద్దు పంచి వద్ద అనుమానాస్పద కదిలికలి,సరిహద్దు కంచె వద్ద అనుమానాస్పద కదలికలు,YES,
1787943563623,Redmi Note 9 Pro,12,te,vakyansh_telugu_base.int8.onnx,int8,te_16_coords_1,4.39,MODERATE_NOISE_15DB,1,WARM,1091,0.248,55.56,15.38,532.38,532.38,అక్ష అంసం పన్నెండు పాయింట్ ఐదురదేక కంసం దెబ్బ ఏడు పాయింట్ ఆరు,అక్షాంశం పన్నెండు పాయింట్ ఐదు రేఖాంశం డెబ్బై ఏడు పాయింట్ ఆరు,NO,
1787943564811,Redmi Note 9 Pro,12,te,vakyansh_telugu_base.int8.onnx,int8,te_16_coords_1,4.39,MODERATE_NOISE_15DB,2,WARM,1098,0.250,55.56,15.38,530.92,532.43,అక్ష అంసం పన్నెండు పాయింట్ ఐదురదేక కంసం దెబ్బ ఏడు పాయింట్ ఆరు,అక్షాంశం పన్నెండు పాయింట్ ఐదు రేఖాంశం డెబ్బై ఏడు పాయింట్ ఆరు,NO,
1787943565941,Redmi Note 9 Pro,12,te,vakyansh_telugu_base.int8.onnx,int8,te_16_coords_1,4.39,MODERATE_NOISE_15DB,3,WARM,1042,0.237,55.56,15.38,531.57,531.57,అక్ష అంసం పన్నెండు పాయింట్ ఐదురదేక కంసం దెబ్బ ఏడు పాయింట్ ఆరు,అక్షాంశం పన్నెండు పాయింట్ ఐదు రేఖాంశం డెబ్బై ఏడు పాయింట్ ఆరు,NO,
1787943566746,Redmi Note 9 Pro,12,te,vakyansh_telugu_base.int8.onnx,int8,te_17_coords_2,2.94,MODERATE_NOISE_15DB,1,WARM,699,0.238,66.67,10.53,532.23,532.23,చెట్ పాయింట్ డెల్తా ఎత్తు మూడు వందల మీతర్లు,చెక్‌పాయింట్ డెల్టా ఎత్తు మూడు వందల మీటర్లు,NO,
1787943567542,Redmi Note 9 Pro,12,te,vakyansh_telugu_base.int8.onnx,int8,te_17_coords_2,2.94,MODERATE_NOISE_15DB,2,WARM,707,0.241,66.67,10.53,530.17,530.17,చెట్ పాయింట్ డెల్తా ఎత్తు మూడు వందల మీతర్లు,చెక్‌పాయింట్ డెల్టా ఎత్తు మూడు వందల మీటర్లు,NO,
1787943568329,Redmi Note 9 Pro,12,te,vakyansh_telugu_base.int8.onnx,int8,te_17_coords_2,2.94,MODERATE_NOISE_15DB,3,WARM,700,0.238,66.67,10.53,530.63,530.63,చెట్ పాయింట్ డెల్తా ఎత్తు మూడు వందల మీతర్లు,చెక్‌పాయింట్ డెల్టా ఎత్తు మూడు వందల మీటర్లు,NO,
1787943569249,Redmi Note 9 Pro,12,te,vakyansh_telugu_base.int8.onnx,int8,te_18_coords_3,3.50,MODERATE_NOISE_15DB,1,WARM,823,0.235,14.29,2.63,531.47,531.47,భవనం నాలుగు గది సంఖ్య ఇరవై ఎనినిది సురక్షితం,భవనం నాలుగు గది సంఖ్య ఇరవై ఎనిమిది సురక్షితం,YES,
1787943570249,Redmi Note 9 Pro,12,te,vakyansh_telugu_base.int8.onnx,int8,te_18_coords_3,3.50,MODERATE_NOISE_15DB,2,WARM,910,0.260,14.29,2.63,531.99,531.99,భవనం నాలుగు గది సంఖ్య ఇరవై ఎనినిది సురక్షితం,భవనం నాలుగు గది సంఖ్య ఇరవై ఎనిమిది సురక్షితం,YES,
1787943571464,Redmi Note 9 Pro,12,te,vakyansh_telugu_base.int8.onnx,int8,te_18_coords_3,3.50,MODERATE_NOISE_15DB,3,WARM,1115,0.318,14.29,2.63,530.56,532.03,భవనం నాలుగు గది సంఖ్య ఇరవై ఎనినిది సురక్షితం,భవనం నాలుగు గది సంఖ్య ఇరవై ఎనిమిది సురక్షితం,YES,
1787943572705,Redmi Note 9 Pro,12,te,vakyansh_telugu_base.int8.onnx,int8,te_19_coords_4,3.67,MODERATE_NOISE_15DB,1,WARM,1141,0.311,0.00,0.00,531.43,531.43,వేగం ముప్పై కిలోమీటర్లు గంటకు దక్షిణం వైపు,వేగం ముప్పై కిలోమీటర్లు గంటకు దక్షిణం వైపు,YES,
1787943573929,Redmi Note 9 Pro,12,te,vakyansh_telugu_base.int8.onnx,int8,te_19_coords_4,3.67,MODERATE_NOISE_15DB,2,WARM,1140,0.310,0.00,0.00,531.97,531.97,వేగం ముప్పై కిలోమీటర్లు గంటకు దక్షిణం వైపు,వేగం ముప్పై కిలోమీటర్లు గంటకు దక్షిణం వైపు,YES,
1787943575097,Redmi Note 9 Pro,12,te,vakyansh_telugu_base.int8.onnx,int8,te_19_coords_4,3.67,MODERATE_NOISE_15DB,3,WARM,1084,0.295,0.00,0.00,530.30,532.00,వేగం ముప్పై కిలోమీటర్లు గంటకు దక్షిణం వైపు,వేగం ముప్పై కిలోమీటర్లు గంటకు దక్షిణం వైపు,YES,
1787943575782,Redmi Note 9 Pro,12,te,vakyansh_telugu_base.int8.onnx,int8,te_20_coords_5,2.66,MODERATE_NOISE_15DB,1,WARM,589,0.222,50.00,15.38,530.91,530.91,రిలీ్ ర్ ఐదు సిగ్నల్ ఎనబై శాతం,రిలే టవర్ ఐదు సిగ్నల్ ఎనభై శాతం,NO,
1787943576478,Redmi Note 9 Pro,12,te,vakyansh_telugu_base.int8.onnx,int8,te_20_coords_5,2.66,MODERATE_NOISE_15DB,2,WARM,611,0.230,50.00,15.38,531.32,531.32,రిలీ్ ర్ ఐదు సిగ్నల్ ఎనబై శాతం,రిలే టవర్ ఐదు సిగ్నల్ ఎనభై శాతం,NO,
1787943577157,Redmi Note 9 Pro,12,te,vakyansh_telugu_base.int8.onnx,int8,te_20_coords_5,2.66,MODERATE_NOISE_15DB,3,WARM,599,0.225,50.00,15.38,531.76,531.76,రిలీ్ ర్ ఐదు సిగ్నల్ ఎనబై శాతం,రిలే టవర్ ఐదు సిగ్నల్ ఎనభై శాతం,NO,
1787943579812,Redmi Note 9 Pro,12,te,vakyansh_telugu_base.int8.onnx,int8,te_21_long_tactical_1,10.46,MODERATE_NOISE_15DB,1,WARM,2549,0.244,31.58,10.26,671.25,671.25,కాన్బై ఆల్పా ఒకటి బేస్ బ్రావోకు నివేదిస్తుంది వీడ్ సమన్వయం నలబై రెండు వద్ద పశ్చిమ సరిహద్దు కంచి దెబ్బతింది క్షణ వైద్య సహాయం కావాలి,కాన్వాయ్ ఆల్ఫా ఒకటి బేస్ బ్రావోకు నివేదిస్తుంది గ్రిడ్ సమన్వయం నలభై రెండు వద్ద పశ్చిమ సరిహద్దు కంచె దెబ్బతింది తక్షణ వైద్య సహాయం కావాలి,YES,
1787943583541,Redmi Note 9 Pro,12,te,vakyansh_telugu_base.int8.onnx,int8,te_21_long_tactical_1,10.46,MODERATE_NOISE_15DB,2,WARM,3632,0.347,31.58,10.26,735.93,735.93,కాన్బై ఆల్పా ఒకటి బేస్ బ్రావోకు నివేదిస్తుంది వీడ్ సమన్వయం నలబై రెండు వద్ద పశ్చిమ సరిహద్దు కంచి దెబ్బతింది క్షణ వైద్య సహాయం కావాలి,కాన్వాయ్ ఆల్ఫా ఒకటి బేస్ బ్రావోకు నివేదిస్తుంది గ్రిడ్ సమన్వయం నలభై రెండు వద్ద పశ్చిమ సరిహద్దు కంచె దెబ్బతింది తక్షణ వైద్య సహాయం కావాలి,YES,
1787943586821,Redmi Note 9 Pro,12,te,vakyansh_telugu_base.int8.onnx,int8,te_21_long_tactical_1,10.46,MODERATE_NOISE_15DB,3,WARM,3185,0.304,31.58,10.26,737.60,737.60,కాన్బై ఆల్పా ఒకటి బేస్ బ్రావోకు నివేదిస్తుంది వీడ్ సమన్వయం నలబై రెండు వద్ద పశ్చిమ సరిహద్దు కంచి దెబ్బతింది క్షణ వైద్య సహాయం కావాలి,కాన్వాయ్ ఆల్ఫా ఒకటి బేస్ బ్రావోకు నివేదిస్తుంది గ్రిడ్ సమన్వయం నలభై రెండు వద్ద పశ్చిమ సరిహద్దు కంచె దెబ్బతింది తక్షణ వైద్య సహాయం కావాలి,YES,
1787943589826,Redmi Note 9 Pro,12,te,vakyansh_telugu_base.int8.onnx,int8,te_22_long_tactical_2,9.21,MODERATE_NOISE_15DB,1,WARM,2893,0.314,31.25,7.83,736.72,736.72,స్టేషన్ డేల్టా ద్రువీకరిస్తుంది సెక్టార్ మూడులో ఆక్సిజన్ స్థాయి మొప్పై సాతానికి పడిపోయింది సిబ్బంది అంతా దక్షిణ ద్వారం వైపు వెళ్ళిండి,స్టేషన్ డెల్టా ధృవీకరిస్తుంది సెక్టార్ మూడులో ఆక్సిజన్ స్థాయి ముప్పై శాతానికి పడిపోయింది సిబ్బంది అంతా దక్షిణ ద్వారం వైపు వెళ్లండి,YES,
1787943592036,Redmi Note 9 Pro,12,te,vakyansh_telugu_base.int8.onnx,int8,te_22_long_tactical_2,9.21,MODERATE_NOISE_15DB,2,WARM,2110,0.229,31.25,7.83,735.57,736.81,స్టేషన్ డేల్టా ద్రువీకరిస్తుంది సెక్టార్ మూడులో ఆక్సిజన్ స్థాయి మొప్పై సాతానికి పడిపోయింది సిబ్బంది అంతా దక్షిణ ద్వారం వైపు వెళ్ళిండి,స్టేషన్ డెల్టా ధృవీకరిస్తుంది సెక్టార్ మూడులో ఆక్సిజన్ స్థాయి ముప్పై శాతానికి పడిపోయింది సిబ్బంది అంతా దక్షిణ ద్వారం వైపు వెళ్లండి,YES,
1787943594212,Redmi Note 9 Pro,12,te,vakyansh_telugu_base.int8.onnx,int8,te_22_long_tactical_2,9.21,MODERATE_NOISE_15DB,3,WARM,2083,0.226,31.25,7.83,736.94,736.94,స్టేషన్ డేల్టా ద్రువీకరిస్తుంది సెక్టార్ మూడులో ఆక్సిజన్ స్థాయి మొప్పై సాతానికి పడిపోయింది సిబ్బంది అంతా దక్షిణ ద్వారం వైపు వెళ్ళిండి,స్టేషన్ డెల్టా ధృవీకరిస్తుంది సెక్టార్ మూడులో ఆక్సిజన్ స్థాయి ముప్పై శాతానికి పడిపోయింది సిబ్బంది అంతా దక్షిణ ద్వారం వైపు వెళ్లండి,YES,
1787943596302,Redmi Note 9 Pro,12,te,vakyansh_telugu_base.int8.onnx,int8,te_23_long_tactical_3,8.62,MODERATE_NOISE_15DB,1,WARM,1985,0.230,6.25,1.00,739.01,739.01,శోధన మరియు సహాయక బృందం పన్నెండు వరద ప్రాంతలోకి చేరుకుంటుంది నీటి మట్టం రెండు మీటర్లు పెరిగింది పడవలు సిద్ధం చేశాము,శోధన మరియు సహాయక బృందం పన్నెండు వరద ప్రాంతంలోకి చేరుకుంటుంది నీటి మట్టం రెండు మీటర్లు పెరిగింది పడవలు సిద్ధం చేశాము,YES,
1787943598401,Redmi Note 9 Pro,12,te,vakyansh_telugu_base.int8.onnx,int8,te_23_long_tactical_3,8.62,MODERATE_NOISE_15DB,2,WARM,2010,0.233,6.25,1.00,737.28,739.09,శోధన మరియు సహాయక బృందం పన్నెండు వరద ప్రాంతలోకి చేరుకుంటుంది నీటి మట్టం రెండు మీటర్లు పెరిగింది పడవలు సిద్ధం చేశాము,శోధన మరియు సహాయక బృందం పన్నెండు వరద ప్రాంతంలోకి చేరుకుంటుంది నీటి మట్టం రెండు మీటర్లు పెరిగింది పడవలు సిద్ధం చేశాము,YES,
1787943600554,Redmi Note 9 Pro,12,te,vakyansh_telugu_base.int8.onnx,int8,te_23_long_tactical_3,8.62,MODERATE_NOISE_15DB,3,WARM,2063,0.239,6.25,1.00,738.54,738.54,శోధన మరియు సహాయక బృందం పన్నెండు వరద ప్రాంతలోకి చేరుకుంటుంది నీటి మట్టం రెండు మీటర్లు పెరిగింది పడవలు సిద్ధం చేశాము,శోధన మరియు సహాయక బృందం పన్నెండు వరద ప్రాంతంలోకి చేరుకుంటుంది నీటి మట్టం రెండు మీటర్లు పెరిగింది పడవలు సిద్ధం చేశాము,YES,
1787943602968,Redmi Note 9 Pro,12,te,vakyansh_telugu_base.int8.onnx,int8,te_24_long_tactical_4,9.35,MODERATE_NOISE_15DB,1,WARM,2300,0.246,31.25,4.55,736.16,739.54,అత్యవసర హెచ్చరిక తీర ప్రాంత సెక్త తఏడులో తీవ్రమైన తుపాను వస్తుంది గాలి వేగం గంటకు డెబ్బై కిలోమీటర్లు అందరూ జాగ్రత్తగా ఉండండి,అత్యవసర హెచ్చరిక తీరప్రాంత సెక్టార్ ఏడులో తీవ్రమైన తుఫాను వస్తుంది గాలి వేగం గంటకు డెబ్బై కిలోమీటర్లు అందరూ జాగ్రత్తగా ఉండండి,YES,
1787943605366,Redmi Note 9 Pro,12,te,vakyansh_telugu_base.int8.onnx,int8,te_24_long_tactical_4,9.35,MODERATE_NOISE_15DB,2,WARM,2299,0.246,31.25,4.55,737.54,737.54,అత్యవసర హెచ్చరిక తీర ప్రాంత సెక్త తఏడులో తీవ్రమైన తుపాను వస్తుంది గాలి వేగం గంటకు డెబ్బై కిలోమీటర్లు అందరూ జాగ్రత్తగా ఉండండి,అత్యవసర హెచ్చరిక తీరప్రాంత సెక్టార్ ఏడులో తీవ్రమైన తుఫాను వస్తుంది గాలి వేగం గంటకు డెబ్బై కిలోమీటర్లు అందరూ జాగ్రత్తగా ఉండండి,YES,
1787943607816,Redmi Note 9 Pro,12,te,vakyansh_telugu_base.int8.onnx,int8,te_24_long_tactical_4,9.35,MODERATE_NOISE_15DB,3,WARM,2352,0.251,31.25,4.55,738.92,738.92,అత్యవసర హెచ్చరిక తీర ప్రాంత సెక్త తఏడులో తీవ్రమైన తుపాను వస్తుంది గాలి వేగం గంటకు డెబ్బై కిలోమీటర్లు అందరూ జాగ్రత్తగా ఉండండి,అత్యవసర హెచ్చరిక తీరప్రాంత సెక్టార్ ఏడులో తీవ్రమైన తుఫాను వస్తుంది గాలి వేగం గంటకు డెబ్బై కిలోమీటర్లు అందరూ జాగ్రత్తగా ఉండండి,YES,
1787943609988,Redmi Note 9 Pro,12,te,vakyansh_telugu_base.int8.onnx,int8,te_25_long_tactical_5,8.29,MODERATE_NOISE_15DB,1,WARM,2065,0.249,7.14,1.80,736.88,739.91,కామాంట్ సెంటర్ పెట్రోలింగ్ బృందాలకు పశ్చిమ రహదారి జంక్షన్ నాలుగు వద్దకు చేరుకోవాలని రేడియో సంప్రదింపుల్లో ఉండాలని ఆదేశించింది,కమాండ్ సెంటర్ పెట్రోలింగ్ బృందాలకు పశ్చిమ రహదారి జంక్షన్ నాలుగు వద్దకు చేరుకోవాలని రేడియో సంప్రదింపుల్లో ఉండాలని ఆదేశించింది,YES,
1787943612229,Redmi Note 9 Pro,12,te,vakyansh_telugu_base.int8.onnx,int8,te_25_long_tactical_5,8.29,MODERATE_NOISE_15DB,2,WARM,2126,0.256,7.14,1.80,738.19,740.01,కామాంట్ సెంటర్ పెట్రోలింగ్ బృందాలకు పశ్చిమ రహదారి జంక్షన్ నాలుగు వద్దకు చేరుకోవాలని రేడియో సంప్రదింపుల్లో ఉండాలని ఆదేశించింది,కమాండ్ సెంటర్ పెట్రోలింగ్ బృందాలకు పశ్చిమ రహదారి జంక్షన్ నాలుగు వద్దకు చేరుకోవాలని రేడియో సంప్రదింపుల్లో ఉండాలని ఆదేశించింది,YES,
1787943614472,Redmi Note 9 Pro,12,te,vakyansh_telugu_base.int8.onnx,int8,te_25_long_tactical_5,8.29,MODERATE_NOISE_15DB,3,WARM,2132,0.257,7.14,1.80,739.42,739.42,కామాంట్ సెంటర్ పెట్రోలింగ్ బృందాలకు పశ్చిమ రహదారి జంక్షన్ నాలుగు వద్దకు చేరుకోవాలని రేడియో సంప్రదింపుల్లో ఉండాలని ఆదేశించింది,కమాండ్ సెంటర్ పెట్రోలింగ్ బృందాలకు పశ్చిమ రహదారి జంక్షన్ నాలుగు వద్దకు చేరుకోవాలని రేడియో సంప్రదింపుల్లో ఉండాలని ఆదేశించింది,YES,
1787943616370,Redmi Note 9 Pro,12,te,vakyansh_telugu_base.int8.onnx,int8,te_26_long_tactical_6,6.83,MODERATE_NOISE_15DB,1,WARM,1778,0.260,15.38,3.16,735.17,740.14,వైద్య సామాగ్రి కాన్వాయ్ తోమమిదివ శిబిరానికి చేరుకుంది ఆహారం మరియు ప్రథమ చికిత్స కిత్లు పంపిణీ ప్రారంభమైంది,వైద్య సామాగ్రి కాన్వాయ్ తొమ్మిదివ శిబిరానికి చేరుకుంది ఆహారం మరియు ప్రథమ చికిత్స కిట్లు పంపిణీ ప్రారంభమైంది,YES,
1787943618262,Redmi Note 9 Pro,12,te,vakyansh_telugu_base.int8.onnx,int8,te_26_long_tactical_6,6.83,MODERATE_NOISE_15DB,2,WARM,1778,0.260,15.38,3.16,736.19,736.19,వైద్య సామాగ్రి కాన్వాయ్ తోమమిదివ శిబిరానికి చేరుకుంది ఆహారం మరియు ప్రథమ చికిత్స కిత్లు పంపిణీ ప్రారంభమైంది,వైద్య సామాగ్రి కాన్వాయ్ తొమ్మిదివ శిబిరానికి చేరుకుంది ఆహారం మరియు ప్రథమ చికిత్స కిట్లు పంపిణీ ప్రారంభమైంది,YES,
1787943620208,Redmi Note 9 Pro,12,te,vakyansh_telugu_base.int8.onnx,int8,te_26_long_tactical_6,6.83,MODERATE_NOISE_15DB,3,WARM,1825,0.267,15.38,3.16,737.21,737.21,వైద్య సామాగ్రి కాన్వాయ్ తోమమిదివ శిబిరానికి చేరుకుంది ఆహారం మరియు ప్రథమ చికిత్స కిత్లు పంపిణీ ప్రారంభమైంది,వైద్య సామాగ్రి కాన్వాయ్ తొమ్మిదివ శిబిరానికి చేరుకుంది ఆహారం మరియు ప్రథమ చికిత్స కిట్లు పంపిణీ ప్రారంభమైంది,YES,
1787943622379,Redmi Note 9 Pro,12,te,vakyansh_telugu_base.int8.onnx,int8,te_27_long_tactical_7,7.12,MODERATE_NOISE_15DB,1,WARM,2032,0.285,25.00,2.02,736.67,737.94,రిలేటర్ మూడు వద్ద విద్యుప్ నిలిచిపోయిందని బృందం తెలిపింది జనరేటర్లు ప్రారంభించి కమ్యూనికేషన్ పునరుద్ధరించాము,రిలే టవర్ మూడు వద్ద విద్యుత్ నిలిచిపోయిందని బృందం తెలిపింది జనరేటర్లు ప్రారంభించి కమ్యూనికేషన్ పునరుద్ధరించాము,YES,
1787943624538,Redmi Note 9 Pro,12,te,vakyansh_telugu_base.int8.onnx,int8,te_27_long_tactical_7,7.12,MODERATE_NOISE_15DB,2,WARM,2035,0.286,25.00,2.02,737.74,737.74,రిలేటర్ మూడు వద్ద విద్యుప్ నిలిచిపోయిందని బృందం తెలిపింది జనరేటర్లు ప్రారంభించి కమ్యూనికేషన్ పునరుద్ధరించాము,రిలే టవర్ మూడు వద్ద విద్యుత్ నిలిచిపోయిందని బృందం తెలిపింది జనరేటర్లు ప్రారంభించి కమ్యూనికేషన్ పునరుద్ధరించాము,YES,
1787943626541,Redmi Note 9 Pro,12,te,vakyansh_telugu_base.int8.onnx,int8,te_27_long_tactical_7,7.12,MODERATE_NOISE_15DB,3,WARM,1885,0.265,25.00,2.02,738.86,738.86,రిలేటర్ మూడు వద్ద విద్యుప్ నిలిచిపోయిందని బృందం తెలిపింది జనరేటర్లు ప్రారంభించి కమ్యూనికేషన్ పునరుద్ధరించాము,రిలే టవర్ మూడు వద్ద విద్యుత్ నిలిచిపోయిందని బృందం తెలిపింది జనరేటర్లు ప్రారంభించి కమ్యూనికేషన్ పునరుద్ధరించాము,YES,
1787943628670,Redmi Note 9 Pro,12,te,vakyansh_telugu_base.int8.onnx,int8,te_28_long_tactical_8,7.64,MODERATE_NOISE_15DB,1,WARM,2008,0.263,33.33,9.89,736.16,736.16,బృందం బావు అడవి మార్గం కుండా పాయింట్ ఐదు వైపు కదులుతోంది ఎలాంటి అనుమానాస్పుర కదిలికలు లేవు అంతా సురక్షితం,బృందం బ్రావో అటవీ మార్గం గుండా పాయింట్ ఐదు వైపు కదులుతోంది ఎలాంటి అనుమానాస్పద కదలికలు లేవు అంతా సురక్షితం,YES,
1787943630860,Redmi Note 9 Pro,12,te,vakyansh_telugu_base.int8.onnx,int8,te_28_long_tactical_8,7.64,MODERATE_NOISE_15DB,2,WARM,2072,0.271,33.33,9.89,735.97,736.24,బృందం బావు అడవి మార్గం కుండా పాయింట్ ఐదు వైపు కదులుతోంది ఎలాంటి అనుమానాస్పుర కదిలికలు లేవు అంతా సురక్షితం,బృందం బ్రావో అటవీ మార్గం గుండా పాయింట్ ఐదు వైపు కదులుతోంది ఎలాంటి అనుమానాస్పద కదలికలు లేవు అంతా సురక్షితం,YES,
1787943633152,Redmi Note 9 Pro,12,te,vakyansh_telugu_base.int8.onnx,int8,te_28_long_tactical_8,7.64,MODERATE_NOISE_15DB,3,WARM,2169,0.284,33.33,9.89,737.08,737.08,బృందం బావు అడవి మార్గం కుండా పాయింట్ ఐదు వైపు కదులుతోంది ఎలాంటి అనుమానాస్పుర కదిలికలు లేవు అంతా సురక్షితం,బృందం బ్రావో అటవీ మార్గం గుండా పాయింట్ ఐదు వైపు కదులుతోంది ఎలాంటి అనుమానాస్పద కదలికలు లేవు అంతా సురక్షితం,YES,
1787943635501,Redmi Note 9 Pro,12,te,vakyansh_telugu_base.int8.onnx,int8,te_29_long_tactical_9,7.92,MODERATE_NOISE_15DB,1,WARM,2217,0.280,26.67,4.08,735.91,737.78,నదిపై ఉన్న వంచెన భారీ వాహనలకు సురక్షితం కాదని ఇంజినీరింగ్ బృందం తెలిపింది ట్రాఫిక్ మొత్తం తూర్తు వైపు మళ్లించాము,నదిపై ఉన్న వంతెన భారీ వాహనాలకు సురక్షితం కాదని ఇంజనీరింగ్ బృందం తెలిపింది ట్రాఫిక్ మొత్తం తూర్పు వైపు మళ్లించాము,YES,
1787943637699,Redmi Note 9 Pro,12,te,vakyansh_telugu_base.int8.onnx,int8,te_29_long_tactical_9,7.92,MODERATE_NOISE_15DB,2,WARM,2073,0.262,26.67,4.08,737.08,737.08,నదిపై ఉన్న వంచెన భారీ వాహనలకు సురక్షితం కాదని ఇంజినీరింగ్ బృందం తెలిపింది ట్రాఫిక్ మొత్తం తూర్తు వైపు మళ్లించాము,నదిపై ఉన్న వంతెన భారీ వాహనాలకు సురక్షితం కాదని ఇంజనీరింగ్ బృందం తెలిపింది ట్రాఫిక్ మొత్తం తూర్పు వైపు మళ్లించాము,YES,
1787943639895,Redmi Note 9 Pro,12,te,vakyansh_telugu_base.int8.onnx,int8,te_29_long_tactical_9,7.92,MODERATE_NOISE_15DB,3,WARM,2076,0.262,26.67,4.08,736.03,737.16,నదిపై ఉన్న వంచెన భారీ వాహనలకు సురక్షితం కాదని ఇంజినీరింగ్ బృందం తెలిపింది ట్రాఫిక్ మొత్తం తూర్తు వైపు మళ్లించాము,నదిపై ఉన్న వంతెన భారీ వాహనాలకు సురక్షితం కాదని ఇంజనీరింగ్ బృందం తెలిపింది ట్రాఫిక్ మొత్తం తూర్పు వైపు మళ్లించాము,YES,
1787943642117,Redmi Note 9 Pro,12,te,vakyansh_telugu_base.int8.onnx,int8,te_30_long_tactical_10,8.11,MODERATE_NOISE_15DB,1,WARM,2090,0.258,30.77,6.25,735.47,736.85,ప్రధాన చెక్ పోస్టులన్నీ సురక్షితంగా ఉన్నాయని ప్రధాన కార్యాలయం నిర్ధారించింది రాత్రి వ్యక్తి బృందాలు వెంటనే స్థానాలను తీసుకోంది,ప్రధాన చెక్‌పోస్టులన్నీ సురక్షితంగా ఉన్నాయని ప్రధాన కార్యాలయం నిర్ధారించింది రాత్రి గస్తీ బృందాలు వెంటనే స్థానాలను తీసుకోండి,YES,
1787943644342,Redmi Note 9 Pro,12,te,vakyansh_telugu_base.int8.onnx,int8,te_30_long_tactical_10,8.11,MODERATE_NOISE_15DB,2,WARM,2113,0.260,30.77,6.25,736.67,736.67,ప్రధాన చెక్ పోస్టులన్నీ సురక్షితంగా ఉన్నాయని ప్రధాన కార్యాలయం నిర్ధారించింది రాత్రి వ్యక్తి బృందాలు వెంటనే స్థానాలను తీసుకోంది,ప్రధాన చెక్‌పోస్టులన్నీ సురక్షితంగా ఉన్నాయని ప్రధాన కార్యాలయం నిర్ధారించింది రాత్రి గస్తీ బృందాలు వెంటనే స్థానాలను తీసుకోండి,YES,
1787943646497,Redmi Note 9 Pro,12,te,vakyansh_telugu_base.int8.onnx,int8,te_30_long_tactical_10,8.11,MODERATE_NOISE_15DB,3,WARM,2047,0.252,30.77,6.25,737.88,737.88,ప్రధాన చెక్ పోస్టులన్నీ సురక్షితంగా ఉన్నాయని ప్రధాన కార్యాలయం నిర్ధారించింది రాత్రి వ్యక్తి బృందాలు వెంటనే స్థానాలను తీసుకోంది,ప్రధాన చెక్‌పోస్టులన్నీ సురక్షితంగా ఉన్నాయని ప్రధాన కార్యాలయం నిర్ధారించింది రాత్రి గస్తీ బృందాలు వెంటనే స్థానాలను తీసుకోండి,YES,
1787943655110,Redmi Note 9 Pro,12,mr,vakyansh_marathi_base.int8.onnx,int8,mr_01_normal,3.74,CLEAN,1,COLD,888,0.238,11.11,2.17,466.66,466.66,सर्व गस्त चौक्या सुरक्षित आणि स्पष्ट असल्याची नंद आहे,सर्व गस्त चौक्या सुरक्षित आणि स्पष्ट असल्याची नोंद आहे,YES,
1787943656027,Redmi Note 9 Pro,12,mr,vakyansh_marathi_base.int8.onnx,int8,mr_01_normal,3.74,CLEAN,2,WARM,821,0.220,11.11,2.17,465.24,465.24,सर्व गस्त चौक्या सुरक्षित आणि स्पष्ट असल्याची नंद आहे,सर्व गस्त चौक्या सुरक्षित आणि स्पष्ट असल्याची नोंद आहे,YES,
1787943656928,Redmi Note 9 Pro,12,mr,vakyansh_marathi_base.int8.onnx,int8,mr_01_normal,3.74,CLEAN,3,WARM,825,0.221,11.11,2.17,465.74,465.74,सर्व गस्त चौक्या सुरक्षित आणि स्पष्ट असल्याची नंद आहे,सर्व गस्त चौक्या सुरक्षित आणि स्पष्ट असल्याची नोंद आहे,YES,
1787943657285,Redmi Note 9 Pro,12,mr,vakyansh_marathi_base.int8.onnx,int8,mr_02_short,1.21,CLEAN,1,WARM,267,0.221,0.00,0.00,465.87,465.87,समजले बेस,समजले बेस,YES,
1787943657632,Redmi Note 9 Pro,12,mr,vakyansh_marathi_base.int8.onnx,int8,mr_02_short,1.21,CLEAN,2,WARM,267,0.221,0.00,0.00,465.90,465.90,समजले बेस,समजले बेस,YES,
1787943657972,Redmi Note 9 Pro,12,mr,vakyansh_marathi_base.int8.onnx,int8,mr_02_short,1.21,CLEAN,3,WARM,263,0.217,0.00,0.00,466.09,466.09,समजले बेस,समजले बेस,YES,
1787943659485,Redmi Note 9 Pro,12,mr,vakyansh_marathi_base.int8.onnx,int8,mr_03_long,6.23,CLEAN,1,WARM,1413,0.227,25.00,6.76,512.66,512.66,आपली तुकडी पश्चिम महामार्गाने जंक्शन सातच्या दीशेने प्रमानि निमानुसार पुढे जात आहे,आपली तुकडी पश्चिम महामार्गाने जंक्शन सातच्या दिशेने प्रमाणित नियमांनुसार पुढे जात आहे,YES,
1787943660976,Redmi Note 9 Pro,12,mr,vakyansh_marathi_base.int8.onnx,int8,mr_03_long,6.23,CLEAN,2,WARM,1396,0.224,25.00,6.76,512.21,512.72,आपली तुकडी पश्चिम महामार्गाने जंक्शन सातच्या दीशेने प्रमानि निमानुसार पुढे जात आहे,आपली तुकडी पश्चिम महामार्गाने जंक्शन सातच्या दिशेने प्रमाणित नियमांनुसार पुढे जात आहे,YES,
1787943662435,Redmi Note 9 Pro,12,mr,vakyansh_marathi_base.int8.onnx,int8,mr_03_long,6.23,CLEAN,3,WARM,1363,0.219,25.00,6.76,513.15,513.15,आपली तुकडी पश्चिम महामार्गाने जंक्शन सातच्या दीशेने प्रमानि निमानुसार पुढे जात आहे,आपली तुकडी पश्चिम महामार्गाने जंक्शन सातच्या दिशेने प्रमाणित नियमांनुसार पुढे जात आहे,YES,
1787943663308,Redmi Note 9 Pro,12,mr,vakyansh_marathi_base.int8.onnx,int8,mr_04_numbers,3.60,CLEAN,1,WARM,781,0.217,33.33,15.22,514.05,514.05,तुकडीत बारा सदसे आहेत आणि बॅठली पंच्याहत्तर टखे आहे,तुकडीत बारा सदस्य आहेत आणि बॅटरी पंच्याहत्तर टक्के आहे,YES,
1787943664155,Redmi Note 9 Pro,12,mr,vakyansh_marathi_base.int8.onnx,int8,mr_04_numbers,3.60,CLEAN,2,WARM,766,0.213,33.33,15.22,514.59,514.59,तुकडीत बारा सदसे आहेत आणि बॅठली पंच्याहत्तर टखे आहे,तुकडीत बारा सदस्य आहेत आणि बॅटरी पंच्याहत्तर टक्के आहे,YES,
1787943665019,Redmi Note 9 Pro,12,mr,vakyansh_marathi_base.int8.onnx,int8,mr_04_numbers,3.60,CLEAN,3,WARM,778,0.216,33.33,15.22,515.14,515.14,तुकडीत बारा सदसे आहेत आणि बॅठली पंच्याहत्तर टखे आहे,तुकडीत बारा सदस्य आहेत आणि बॅटरी पंच्याहत्तर टक्के आहे,YES,
1787943666047,Redmi Note 9 Pro,12,mr,vakyansh_marathi_base.int8.onnx,int8,mr_05_location,4.20,CLEAN,1,WARM,933,0.222,50.00,22.64,513.35,515.70,श्री शकलफा मुख्य प्रवेष्टवरापासून पन्नास मीटर उतरेस आहे,स्टेशन अल्फा मुख्य प्रवेशद्वारापासून पन्नास मीटर उत्तरेस आहे,NO,
1787943667070,Redmi Note 9 Pro,12,mr,vakyansh_marathi_base.int8.onnx,int8,mr_05_location,4.20,CLEAN,2,WARM,944,0.225,50.00,22.64,513.99,513.99,श्री शकलफा मुख्य प्रवेष्टवरापासून पन्नास मीटर उतरेस आहे,स्टेशन अल्फा मुख्य प्रवेशद्वारापासून पन्नास मीटर उत्तरेस आहे,NO,
1787943668099,Redmi Note 9 Pro,12,mr,vakyansh_marathi_base.int8.onnx,int8,mr_05_location,4.20,CLEAN,3,WARM,948,0.226,50.00,22.64,514.61,514.61,श्री शकलफा मुख्य प्रवेष्टवरापासून पन्नास मीटर उतरेस आहे,स्टेशन अल्फा मुख्य प्रवेशद्वारापासून पन्नास मीटर उत्तरेस आहे,NO,
1787943669129,Redmi Note 9 Pro,12,mr,vakyansh_marathi_base.int8.onnx,int8,mr_06_emergency,4.16,CLEAN,1,WARM,937,0.225,125.00,26.53,515.62,515.62,तातरी ची सुजना चेएतर चार मध्ये वरीत मरती ची आवशकता आहे,तातडीची सूचना सेक्टर चारमध्ये त्वरित मदतीची आवश्यकता आहे,NO,
1787943670197,Redmi Note 9 Pro,12,mr,vakyansh_marathi_base.int8.onnx,int8,mr_06_emergency,4.16,CLEAN,2,WARM,974,0.234,125.00,26.53,511.86,515.66,तातरी ची सुजना चेएतर चार मध्ये वरीत मरती ची आवशकता आहे,तातडीची सूचना सेक्टर चारमध्ये त्वरित मदतीची आवश्यकता आहे,NO,
1787943671653,Redmi Note 9 Pro,12,mr,vakyansh_marathi_base.int8.onnx,int8,mr_06_emergency,4.16,CLEAN,3,WARM,1353,0.325,125.00,26.53,512.49,512.49,तातरी ची सुजना चेएतर चार मध्ये वरीत मरती ची आवशकता आहे,तातडीची सूचना सेक्टर चारमध्ये त्वरित मदतीची आवश्यकता आहे,NO,
1787943672759,Redmi Note 9 Pro,12,mr,vakyansh_marathi_base.int8.onnx,int8,mr_07_radio,3.18,CLEAN,1,WARM,1012,0.318,66.67,25.71,513.27,513.27,रेडिओ तपास णहि माझ्या आवाजऐकुयेता आहे का ओहा,रेडिओ तपासणी माझा आवाज ऐकू येत आहे का ओव्हर,YES,
1787943673867,Redmi Note 9 Pro,12,mr,vakyansh_marathi_base.int8.onnx,int8,mr_07_radio,3.18,CLEAN,2,WARM,1007,0.317,66.67,25.71,513.77,513.77,रेडिओ तपास णहि माझ्या आवाजऐकुयेता आहे का ओहा,रेडिओ तपासणी माझा आवाज ऐकू येत आहे का ओव्हर,YES,
1787943674683,Redmi Note 9 Pro,12,mr,vakyansh_marathi_base.int8.onnx,int8,mr_07_radio,3.18,CLEAN,3,WARM,725,0.228,66.67,25.71,514.25,514.25,रेडिओ तपास णहि माझ्या आवाजऐकुयेता आहे का ओहा,रेडिओ तपासणी माझा आवाज ऐकू येत आहे का ओव्हर,YES,
1787943675414,Redmi Note 9 Pro,12,mr,vakyansh_marathi_base.int8.onnx,int8,mr_08_punct,2.67,CLEAN,1,WARM,631,0.236,66.67,3.45,512.48,514.53,जागे वर थांबापुढील आदेशाची वाढ पहा,जागेवर थांबा पुढील आदेशाची वाट पहा,NO,
1787943676139,Redmi Note 9 Pro,12,mr,vakyansh_marathi_base.int8.onnx,int8,mr_08_punct,2.67,CLEAN,2,WARM,635,0.238,66.67,3.45,512.86,512.86,जागे वर थांबापुढील आदेशाची वाढ पहा,जागेवर थांबा पुढील आदेशाची वाट पहा,NO,
1787943676860,Redmi Note 9 Pro,12,mr,vakyansh_marathi_base.int8.onnx,int8,mr_08_punct,2.67,CLEAN,3,WARM,635,0.238,66.67,3.45,513.25,513.25,जागे वर थांबापुढील आदेशाची वाढ पहा,जागेवर थांबा पुढील आदेशाची वाट पहा,NO,
1787943677798,Redmi Note 9 Pro,12,mr,vakyansh_marathi_base.int8.onnx,int8,mr_09_proper_nouns,3.53,CLEAN,1,WARM,835,0.237,37.50,9.52,514.12,514.12,तुकडी प्रमुख विक्रम बेश्वर कॅप्टन शर्मा याना भेचा,तुकडी प्रमुख विक्रम बेसवर कॅप्टन शर्मा यांना भेटा,YES,
1787943678724,Redmi Note 9 Pro,12,mr,vakyansh_marathi_base.int8.onnx,int8,mr_09_proper_nouns,3.53,CLEAN,2,WARM,831,0.236,37.50,9.52,514.66,514.66,तुकडी प्रमुख विक्रम बेश्वर कॅप्टन शर्मा याना भेचा,तुकडी प्रमुख विक्रम बेसवर कॅप्टन शर्मा यांना भेटा,YES,
1787943679672,Redmi Note 9 Pro,12,mr,vakyansh_marathi_base.int8.onnx,int8,mr_09_proper_nouns,3.53,CLEAN,3,WARM,852,0.241,37.50,9.52,511.70,514.69,तुकडी प्रमुख विक्रम बेश्वर कॅप्टन शर्मा याना भेचा,तुकडी प्रमुख विक्रम बेसवर कॅप्टन शर्मा यांना भेटा,YES,
1787943680467,Redmi Note 9 Pro,12,mr,vakyansh_marathi_base.int8.onnx,int8,mr_10_fast,2.87,CLEAN,1,WARM,697,0.243,25.00,6.06,512.45,512.45,जलद महिती टीम आता आवाराज प्रवेश करत आहे,जलद माहिती टीम आता आवारात प्रवेश करत आहे,YES,
1787943681262,Redmi Note 9 Pro,12,mr,vakyansh_marathi_base.int8.onnx,int8,mr_10_fast,2.87,CLEAN,2,WARM,705,0.245,25.00,6.06,512.89,512.89,जलद महिती टीम आता आवाराज प्रवेश करत आहे,जलद माहिती टीम आता आवारात प्रवेश करत आहे,YES,
1787943682062,Redmi Note 9 Pro,12,mr,vakyansh_marathi_base.int8.onnx,int8,mr_10_fast,2.87,CLEAN,3,WARM,712,0.248,25.00,6.06,513.29,513.29,जलद महिती टीम आता आवाराज प्रवेश करत आहे,जलद माहिती टीम आता आवारात प्रवेश करत आहे,YES,
1787943683021,Redmi Note 9 Pro,12,mr,vakyansh_marathi_base.int8.onnx,int8,mr_11_tactical_1,3.44,CLEAN,1,WARM,863,0.251,100.00,39.53,514.11,514.11,हेर आलट सर्वपतकानी सुरक्षी टिकानी माध्ये भावय,रेड अलर्ट सर्व पथकांनी सुरक्षित ठिकाणी मागे व्हावे,NO,
1787943683966,Redmi Note 9 Pro,12,mr,vakyansh_marathi_base.int8.onnx,int8,mr_11_tactical_1,3.44,CLEAN,2,WARM,846,0.246,100.00,39.53,514.75,514.75,हेर आलट सर्वपतकानी सुरक्षी टिकानी माध्ये भावय,रेड अलर्ट सर्व पथकांनी सुरक्षित ठिकाणी मागे व्हावे,NO,
1787943684915,Redmi Note 9 Pro,12,mr,vakyansh_marathi_base.int8.onnx,int8,mr_11_tactical_1,3.44,CLEAN,3,WARM,846,0.246,100.00,39.53,512.55,512.55,हेर आलट सर्वपतकानी सुरक्षी टिकानी माध्ये भावय,रेड अलर्ट सर्व पथकांनी सुरक्षित ठिकाणी मागे व्हावे,NO,
1787943685794,Redmi Note 9 Pro,12,mr,vakyansh_marathi_base.int8.onnx,int8,mr_12_tactical_2,3.01,CLEAN,1,WARM,769,0.256,57.14,29.41,513.29,513.29,वाैदिकीय पतक सटर नवकरी रवाना झाले आहे,वैद्यकीय पथक सेक्टर नऊकडे रवाना झाले आहे,NO,
1787943686654,Redmi Note 9 Pro,12,mr,vakyansh_marathi_base.int8.onnx,int8,mr_12_tactical_2,3.01,CLEAN,2,WARM,760,0.253,57.14,29.41,513.74,513.74,वाैदिकीय पतक सटर नवकरी रवाना झाले आहे,वैद्यकीय पथक सेक्टर नऊकडे रवाना झाले आहे,NO,
1787943687515,Redmi Note 9 Pro,12,mr,vakyansh_marathi_base.int8.onnx,int8,mr_12_tactical_2,3.01,CLEAN,3,WARM,766,0.255,57.14,29.41,514.20,514.20,वाैदिकीय पतक सटर नवकरी रवाना झाले आहे,वैद्यकीय पथक सेक्टर नऊकडे रवाना झाले आहे,NO,
1787943688320,Redmi Note 9 Pro,12,mr,vakyansh_marathi_base.int8.onnx,int8,mr_13_tactical_3,2.80,CLEAN,1,WARM,701,0.251,71.43,25.00,511.59,514.49,अक्सिझन पाते चाळीस टकेत वरीत बाहे पडा,ऑक्सिजन पातळी चाळीस टक्के त्वरित बाहेर पडा,NO,
1787943689123,Redmi Note 9 Pro,12,mr,vakyansh_marathi_base.int8.onnx,int8,mr_13_tactical_3,2.80,CLEAN,2,WARM,711,0.254,71.43,25.00,512.03,512.03,अक्सिझन पाते चाळीस टकेत वरीत बाहे पडा,ऑक्सिजन पातळी चाळीस टक्के त्वरित बाहेर पडा,NO,
1787943689924,Redmi Note 9 Pro,12,mr,vakyansh_marathi_base.int8.onnx,int8,mr_13_tactical_3,2.80,CLEAN,3,WARM,705,0.252,71.43,25.00,512.45,512.45,अक्सिझन पाते चाळीस टकेत वरीत बाहे पडा,ऑक्सिजन पातळी चाळीस टक्के त्वरित बाहेर पडा,NO,
1787943690615,Redmi Note 9 Pro,12,mr,vakyansh_marathi_base.int8.onnx,int8,mr_14_tactical_4,2.36,CLEAN,1,WARM,580,0.246,66.67,11.54,513.02,513.02,बदाम दोन मध्ये दाडधूर दिसत आहे,गोदाम दोनमध्ये दाट धूर दिसत आहे,NO,
1787943691304,Redmi Note 9 Pro,12,mr,vakyansh_marathi_base.int8.onnx,int8,mr_14_tactical_4,2.36,CLEAN,2,WARM,598,0.254,66.67,11.54,513.38,513.38,बदाम दोन मध्ये दाडधूर दिसत आहे,गोदाम दोनमध्ये दाट धूर दिसत आहे,NO,
1787943691994,Redmi Note 9 Pro,12,mr,vakyansh_marathi_base.int8.onnx,int8,mr_14_tactical_4,2.36,CLEAN,3,WARM,594,0.252,66.67,11.54,513.75,513.75,बदाम दोन मध्ये दाडधूर दिसत आहे,गोदाम दोनमध्ये दाट धूर दिसत आहे,NO,
1787943692804,Redmi Note 9 Pro,12,mr,vakyansh_marathi_base.int8.onnx,int8,mr_15_tactical_5,2.86,CLEAN,1,WARM,699,0.244,100.00,39.39,512.27,514.05,शिमा कुपनाज वर संकस्यासपरधालचा दिसी,सीमा कुंपणाजवळ संशयास्पद हालचाल दिसली,NO,
1787943693597,Redmi Note 9 Pro,12,mr,vakyansh_marathi_base.int8.onnx,int8,mr_15_tactical_5,2.86,CLEAN,2,WARM,702,0.245,100.00,39.39,512.70,512.70,शिमा कुपनाज वर संकस्यासपरधालचा दिसी,सीमा कुंपणाजवळ संशयास्पद हालचाल दिसली,NO,
1787943694394,Redmi Note 9 Pro,12,mr,vakyansh_marathi_base.int8.onnx,int8,mr_15_tactical_5,2.86,CLEAN,3,WARM,703,0.246,100.00,39.39,513.12,513.12,शिमा कुपनाज वर संकस्यासपरधालचा दिसी,सीमा कुंपणाजवळ संशयास्पद हालचाल दिसली,NO,
1787943695493,Redmi Note 9 Pro,12,mr,vakyansh_marathi_base.int8.onnx,int8,mr_16_coords_1,4.07,CLEAN,1,WARM,997,0.245,87.50,25.58,514.09,514.09,अक्षाशे बारा दशाश पाचरीखसत्याहतर दशांष साहा,अक्षांश बारा दशांश पाच रेखांश सत्याहत्तर दशांश सहा,NO,
1787943696549,Redmi Note 9 Pro,12,mr,vakyansh_marathi_base.int8.onnx,int8,mr_16_coords_1,4.07,CLEAN,2,WARM,970,0.238,87.50,25.58,511.85,514.13,अक्षाशे बारा दशाश पाचरीखसत्याहतर दशांष साहा,अक्षांश बारा दशांश पाच रेखांश सत्याहत्तर दशांश सहा,NO,
1787943697623,Redmi Note 9 Pro,12,mr,vakyansh_marathi_base.int8.onnx,int8,mr_16_coords_1,4.07,CLEAN,3,WARM,983,0.241,87.50,25.58,512.50,512.50,अक्षाशे बारा दशाश पाचरीखसत्याहतर दशांष साहा,अक्षांश बारा दशांश पाच रेखांश सत्याहत्तर दशांश सहा,NO,
1787943698220,Redmi Note 9 Pro,12,mr,vakyansh_marathi_base.int8.onnx,int8,mr_17_coords_2,2.05,CLEAN,1,WARM,495,0.241,60.00,29.63,513.02,513.02,चएककॉंट ब्याटा उंजी तीनशे मीटर,चेकपॉईंट डेल्टा उंची तीनशे मीटर,NO,
1787943698804,Redmi Note 9 Pro,12,mr,vakyansh_marathi_base.int8.onnx,int8,mr_17_coords_2,2.05,CLEAN,2,WARM,492,0.240,60.00,29.63,513.35,513.35,चएककॉंट ब्याटा उंजी तीनशे मीटर,चेकपॉईंट डेल्टा उंची तीनशे मीटर,NO,
1787943699399,Redmi Note 9 Pro,12,mr,vakyansh_marathi_base.int8.onnx,int8,mr_17_coords_2,2.05,CLEAN,3,WARM,493,0.240,60.00,29.63,513.67,513.67,चएककॉंट ब्याटा उंजी तीनशे मीटर,चेकपॉईंट डेल्टा उंची तीनशे मीटर,NO,
1787943700154,Redmi Note 9 Pro,12,mr,vakyansh_marathi_base.int8.onnx,int8,mr_18_coords_3,2.73,CLEAN,1,WARM,652,0.239,83.33,17.14,514.35,514.35,हिमारत चारकोली क्रमांक अठावीस सुरक्षीत,इमारत चार खोली क्रमांक अठ्ठावीस सुरक्षित,NO,
1787943700933,Redmi Note 9 Pro,12,mr,vakyansh_marathi_base.int8.onnx,int8,mr_18_coords_3,2.73,CLEAN,2,WARM,687,0.252,83.33,17.14,514.76,514.76,हिमारत चारकोली क्रमांक अठावीस सुरक्षीत,इमारत चार खोली क्रमांक अठ्ठावीस सुरक्षित,NO,
1787943701707,Redmi Note 9 Pro,12,mr,vakyansh_marathi_base.int8.onnx,int8,mr_18_coords_3,2.73,CLEAN,3,WARM,672,0.246,83.33,17.14,512.53,514.80,हिमारत चारकोली क्रमांक अठावीस सुरक्षीत,इमारत चार खोली क्रमांक अठ्ठावीस सुरक्षित,NO,
1787943702526,Redmi Note 9 Pro,12,mr,vakyansh_marathi_base.int8.onnx,int8,mr_19_coords_4,2.90,CLEAN,1,WARM,716,0.247,83.33,25.00,513.24,513.24,वेतिस किलोमीटर पती तास दक्षन इकडे,वेग तीस किलोमीटर प्रति तास दक्षिणेकडे,NO,
1787943703341,Redmi Note 9 Pro,12,mr,vakyansh_marathi_base.int8.onnx,int8,mr_19_coords_4,2.90,CLEAN,2,WARM,728,0.251,83.33,25.00,513.66,513.66,वेतिस किलोमीटर पती तास दक्षन इकडे,वेग तीस किलोमीटर प्रति तास दक्षिणेकडे,NO,
1787943704160,Redmi Note 9 Pro,12,mr,vakyansh_marathi_base.int8.onnx,int8,mr_19_coords_4,2.90,CLEAN,3,WARM,725,0.250,83.33,25.00,514.09,514.09,वेतिस किलोमीटर पती तास दक्षन इकडे,वेग तीस किलोमीटर प्रति तास दक्षिणेकडे,NO,
1787943704853,Redmi Note 9 Pro,12,mr,vakyansh_marathi_base.int8.onnx,int8,mr_20_coords_5,2.41,CLEAN,1,WARM,595,0.247,66.67,26.92,514.69,514.69,रिले चावर पाच सि्नल ऐकशी ठके,रिले टॉवर पाच सिग्नल ऐंशी टक्के,NO,
1787943705520,Redmi Note 9 Pro,12,mr,vakyansh_marathi_base.int8.onnx,int8,mr_20_coords_5,2.41,CLEAN,2,WARM,577,0.239,66.67,26.92,511.57,514.71,रिले चावर पाच सि्नल ऐकशी ठके,रिले टॉवर पाच सिग्नल ऐंशी टक्के,NO,
1787943706199,Redmi Note 9 Pro,12,mr,vakyansh_marathi_base.int8.onnx,int8,mr_20_coords_5,2.41,CLEAN,3,WARM,591,0.245,66.67,26.92,511.93,511.93,रिले चावर पाच सि्नल ऐकशी ठके,रिले टॉवर पाच सिग्नल ऐंशी टक्के,NO,
1787943708353,Redmi Note 9 Pro,12,mr,vakyansh_marathi_base.int8.onnx,int8,mr_21_long_tactical_1,8.23,CLEAN,1,WARM,2054,0.249,71.43,20.59,573.34,573.34,तुकडी अलफा एकबेब्रावू ला कळवंते कि ग्रीज समनवय बेचाळीस जवळ पश्चिम कुपण कुठले आहे आणि तातलीने वैदेकी मरत किची वरज आहे,तुकडी अल्फा एक बेस ब्राव्होला कळवते की ग्रिड समन्वय बेचाळीस जवळ पश्चिम कुंपण तुटले आहे आणि तातडीने वैद्यकीय मदतीची गरज आहे,YES,
1787943710538,Redmi Note 9 Pro,12,mr,vakyansh_marathi_base.int8.onnx,int8,mr_21_long_tactical_1,8.23,CLEAN,2,WARM,2088,0.254,71.43,20.59,675.70,675.70,तुकडी अलफा एकबेब्रावू ला कळवंते कि ग्रीज समनवय बेचाळीस जवळ पश्चिम कुपण कुठले आहे आणि तातलीने वैदेकी मरत किची वरज आहे,तुकडी अल्फा एक बेस ब्राव्होला कळवते की ग्रिड समन्वय बेचाळीस जवळ पश्चिम कुंपण तुटले आहे आणि तातडीने वैद्यकीय मदतीची गरज आहे,YES,
1787943712774,Redmi Note 9 Pro,12,mr,vakyansh_marathi_base.int8.onnx,int8,mr_21_long_tactical_1,8.23,CLEAN,3,WARM,2122,0.258,71.43,20.59,675.11,675.78,तुकडी अलफा एकबेब्रावू ला कळवंते कि ग्रीज समनवय बेचाळीस जवळ पश्चिम कुपण कुठले आहे आणि तातलीने वैदेकी मरत किची वरज आहे,तुकडी अल्फा एक बेस ब्राव्होला कळवते की ग्रिड समन्वय बेचाळीस जवळ पश्चिम कुंपण तुटले आहे आणि तातडीने वैद्यकीय मदतीची गरज आहे,YES,
1787943714978,Redmi Note 9 Pro,12,mr,vakyansh_marathi_base.int8.onnx,int8,mr_22_long_tactical_2,8.16,CLEAN,1,WARM,2092,0.256,50.00,16.19,677.06,677.06,स्टेशन नेलटा कयत्री करतो की सएटर तीन मध्ये ऑक्सिजन तीस टक्याण पर्यात कमी झाला आहे सर्व क्मचार्याणि दक्षण गेटकडे जावे,स्टेशन डेल्टा खात्री करतो की सेक्टर तीनमध्ये ऑक्सिजन तीस टक्क्यांपर्यंत कमी झाला आहे सर्व कर्मचाऱ्यांनी दक्षिण गेटकडे जावे,YES,
1787943717253,Redmi Note 9 Pro,12,mr,vakyansh_marathi_base.int8.onnx,int8,mr_22_long_tactical_2,8.16,CLEAN,2,WARM,2167,0.266,50.00,16.19,678.29,678.29,स्टेशन नेलटा कयत्री करतो की सएटर तीन मध्ये ऑक्सिजन तीस टक्याण पर्यात कमी झाला आहे सर्व क्मचार्याणि दक्षण गेटकडे जावे,स्टेशन डेल्टा खात्री करतो की सेक्टर तीनमध्ये ऑक्सिजन तीस टक्क्यांपर्यंत कमी झाला आहे सर्व कर्मचाऱ्यांनी दक्षिण गेटकडे जावे,YES,
1787943719521,Redmi Note 9 Pro,12,mr,vakyansh_marathi_base.int8.onnx,int8,mr_22_long_tactical_2,8.16,CLEAN,3,WARM,2157,0.264,50.00,16.19,676.73,678.38,स्टेशन नेलटा कयत्री करतो की सएटर तीन मध्ये ऑक्सिजन तीस टक्याण पर्यात कमी झाला आहे सर्व क्मचार्याणि दक्षण गेटकडे जावे,स्टेशन डेल्टा खात्री करतो की सेक्टर तीनमध्ये ऑक्सिजन तीस टक्क्यांपर्यंत कमी झाला आहे सर्व कर्मचाऱ्यांनी दक्षिण गेटकडे जावे,YES,
1787943721580,Redmi Note 9 Pro,12,mr,vakyansh_marathi_base.int8.onnx,int8,mr_23_long_tactical_3,7.61,CLEAN,1,WARM,1942,0.255,50.00,12.36,675.09,677.52,शोध आणि बचापथक बारापुरग्रस्त भागात पुढे सरकत आहे पाण्याचा ्तर दोन मीटर वाड ला असून बोटी पैन्यात केले आहे,शोध आणि बचाव पथक बारा पूरग्रस्त भागात पुढे सरकत आहे पाण्याचा स्तर दोन मीटर वाढला असून बोटी तैनात केल्या आहेत,YES,
1787943723640,Redmi Note 9 Pro,12,mr,vakyansh_marathi_base.int8.onnx,int8,mr_23_long_tactical_3,7.61,CLEAN,2,WARM,1948,0.256,50.00,12.36,676.23,676.23,शोध आणि बचापथक बारापुरग्रस्त भागात पुढे सरकत आहे पाण्याचा ्तर दोन मीटर वाड ला असून बोटी पैन्यात केले आहे,शोध आणि बचाव पथक बारा पूरग्रस्त भागात पुढे सरकत आहे पाण्याचा स्तर दोन मीटर वाढला असून बोटी तैनात केल्या आहेत,YES,
1787943725717,Redmi Note 9 Pro,12,mr,vakyansh_marathi_base.int8.onnx,int8,mr_23_long_tactical_3,7.61,CLEAN,3,WARM,1971,0.259,50.00,12.36,677.35,677.35,शोध आणि बचापथक बारापुरग्रस्त भागात पुढे सरकत आहे पाण्याचा ्तर दोन मीटर वाड ला असून बोटी पैन्यात केले आहे,शोध आणि बचाव पथक बारा पूरग्रस्त भागात पुढे सरकत आहे पाण्याचा स्तर दोन मीटर वाढला असून बोटी तैनात केल्या आहेत,YES,
1787943728104,Redmi Note 9 Pro,12,mr,vakyansh_marathi_base.int8.onnx,int8,mr_24_long_tactical_4,9.05,CLEAN,1,WARM,2279,0.252,78.95,20.37,676.95,678.25,आातनी साती शाहा क नारपाटी चा सेटर सातवर वाद धडकणार आहे बार्याचा वेसतर किलोमीटर प्रतीतास पसून सर्व उपकरने सुरक्षित ठेवा,तातडीचा इशारा किनारपट्टीच्या सेक्टर सातवर वादळ धडकणार आहे वाऱ्याचा वेग सत्तर किलोमीटर प्रति तास असून सर्व उपकरणे सुरक्षित ठेवा,NO,
1787943730510,Redmi Note 9 Pro,12,mr,vakyansh_marathi_base.int8.onnx,int8,mr_24_long_tactical_4,9.05,CLEAN,2,WARM,2294,0.253,78.95,20.37,690.87,690.87,आातनी साती शाहा क नारपाटी चा सेटर सातवर वाद धडकणार आहे बार्याचा वेसतर किलोमीटर प्रतीतास पसून सर्व उपकरने सुरक्षित ठेवा,तातडीचा इशारा किनारपट्टीच्या सेक्टर सातवर वादळ धडकणार आहे वाऱ्याचा वेग सत्तर किलोमीटर प्रति तास असून सर्व उपकरणे सुरक्षित ठेवा,NO,
1787943732979,Redmi Note 9 Pro,12,mr,vakyansh_marathi_base.int8.onnx,int8,mr_24_long_tactical_4,9.05,CLEAN,3,WARM,2369,0.262,78.95,20.37,692.19,692.19,आातनी साती शाहा क नारपाटी चा सेटर सातवर वाद धडकणार आहे बार्याचा वेसतर किलोमीटर प्रतीतास पसून सर्व उपकरने सुरक्षित ठेवा,तातडीचा इशारा किनारपट्टीच्या सेक्टर सातवर वादळ धडकणार आहे वाऱ्याचा वेग सत्तर किलोमीटर प्रति तास असून सर्व उपकरणे सुरक्षित ठेवा,NO,
1787943735087,Redmi Note 9 Pro,12,mr,vakyansh_marathi_base.int8.onnx,int8,mr_25_long_tactical_5,7.72,CLEAN,1,WARM,1997,0.259,58.82,18.09,694.13,694.13,कमान सेंटर सर्वगसता पतकाना पश्चिम महामारजंक्शन चारकडे जाण्याचं आणि रेल्वे संपर्क चालुठेयाचे आदेश देते,कमांड सेंटर सर्व गस्त पथकांना पश्चिम महामार्ग जंक्शन चारकडे जाण्याचे आणि रेडिओ संपर्क चालू ठेवण्याचे आदेश देते,NO,
1787943737238,Redmi Note 9 Pro,12,mr,vakyansh_marathi_base.int8.onnx,int8,mr_25_long_tactical_5,7.72,CLEAN,2,WARM,2044,0.265,58.82,18.09,692.46,694.20,कमान सेंटर सर्वगसता पतकाना पश्चिम महामारजंक्शन चारकडे जाण्याचं आणि रेल्वे संपर्क चालुठेयाचे आदेश देते,कमांड सेंटर सर्व गस्त पथकांना पश्चिम महामार्ग जंक्शन चारकडे जाण्याचे आणि रेडिओ संपर्क चालू ठेवण्याचे आदेश देते,NO,
1787943739379,Redmi Note 9 Pro,12,mr,vakyansh_marathi_base.int8.onnx,int8,mr_25_long_tactical_5,7.72,CLEAN,3,WARM,2041,0.264,58.82,18.09,693.57,693.57,कमान सेंटर सर्वगसता पतकाना पश्चिम महामारजंक्शन चारकडे जाण्याचं आणि रेल्वे संपर्क चालुठेयाचे आदेश देते,कमांड सेंटर सर्व गस्त पथकांना पश्चिम महामार्ग जंक्शन चारकडे जाण्याचे आणि रेडिओ संपर्क चालू ठेवण्याचे आदेश देते,NO,
1787943741754,Redmi Note 9 Pro,12,mr,vakyansh_marathi_base.int8.onnx,int8,mr_26_long_tactical_6,8.00,CLEAN,1,WARM,2252,0.282,55.56,21.95,690.94,694.38,बाैरथीय मधत पुरवठा करण्यारी वाहमे मदत छांगणी नव येथे पोहचली असून अन्नं आणि औशधाचे वाटक सुरू झाले आहे,वैद्यकीय मदत पुरवठा करणारी वाहने मदत छावणी नऊ येथे पोहोचली असून अन्न आणि औषधांचे वाटप सुरू झाले आहे,NO,
1787943744168,Redmi Note 9 Pro,12,mr,vakyansh_marathi_base.int8.onnx,int8,mr_26_long_tactical_6,8.00,CLEAN,2,WARM,2294,0.287,55.56,21.95,692.07,692.07,बाैरथीय मधत पुरवठा करण्यारी वाहमे मदत छांगणी नव येथे पोहचली असून अन्नं आणि औशधाचे वाटक सुरू झाले आहे,वैद्यकीय मदत पुरवठा करणारी वाहने मदत छावणी नऊ येथे पोहोचली असून अन्न आणि औषधांचे वाटप सुरू झाले आहे,NO,
1787943746452,Redmi Note 9 Pro,12,mr,vakyansh_marathi_base.int8.onnx,int8,mr_26_long_tactical_6,8.00,CLEAN,3,WARM,2164,0.271,55.56,21.95,693.27,693.27,बाैरथीय मधत पुरवठा करण्यारी वाहमे मदत छांगणी नव येथे पोहचली असून अन्नं आणि औशधाचे वाटक सुरू झाले आहे,वैद्यकीय मदत पुरवठा करणारी वाहने मदत छावणी नऊ येथे पोहोचली असून अन्न आणि औषधांचे वाटप सुरू झाले आहे,NO,
1787943748519,Redmi Note 9 Pro,12,mr,vakyansh_marathi_base.int8.onnx,int8,mr_27_long_tactical_7,7.49,CLEAN,1,WARM,1949,0.260,52.94,15.05,692.41,694.04,सुरक्षा पत्कान रिल पॉवर तीन चा बिजपुरठा खंडी झाल्याचे सांगितला आहे जनरेटर सुरू करून संपर्क पुर्व केला आहे,सुरक्षा पथकाने रिले टॉवर तीनचा वीजपुरवठा खंडित झाल्याचे सांगितले आहे जनरेटर सुरू करून संपर्क पूर्ववत केला आहे,YES,
1787943750561,Redmi Note 9 Pro,12,mr,vakyansh_marathi_base.int8.onnx,int8,mr_27_long_tactical_7,7.49,CLEAN,2,WARM,1939,0.259,52.94,15.05,693.56,693.56,सुरक्षा पत्कान रिल पॉवर तीन चा बिजपुरठा खंडी झाल्याचे सांगितला आहे जनरेटर सुरू करून संपर्क पुर्व केला आहे,सुरक्षा पथकाने रिले टॉवर तीनचा वीजपुरवठा खंडित झाल्याचे सांगितले आहे जनरेटर सुरू करून संपर्क पूर्ववत केला आहे,YES,
1787943752601,Redmi Note 9 Pro,12,mr,vakyansh_marathi_base.int8.onnx,int8,mr_27_long_tactical_7,7.49,CLEAN,3,WARM,1937,0.259,52.94,15.05,690.82,693.63,सुरक्षा पत्कान रिल पॉवर तीन चा बिजपुरठा खंडी झाल्याचे सांगितला आहे जनरेटर सुरू करून संपर्क पुर्व केला आहे,सुरक्षा पथकाने रिले टॉवर तीनचा वीजपुरवठा खंडित झाल्याचे सांगितले आहे जनरेटर सुरू करून संपर्क पूर्ववत केला आहे,YES,
1787943754366,Redmi Note 9 Pro,12,mr,vakyansh_marathi_base.int8.onnx,int8,mr_28_long_tactical_8,6.53,CLEAN,1,WARM,1659,0.254,68.75,15.19,698.08,698.08,तुकडी ब्राह जमलातून मार्गकाडत पॉइंट पाच कडेजात असून कोणती ही आढचयानाही सुरीत काम चालू आहे,तुकडी ब्राव्हो जंगलातून मार्ग काढत पॉईंट पाचकडे जात असून कोणतीही अडचण नाही सुरळीत काम चालू आहे,YES,
1787943756089,Redmi Note 9 Pro,12,mr,vakyansh_marathi_base.int8.onnx,int8,mr_28_long_tactical_8,6.53,CLEAN,2,WARM,1614,0.247,68.75,15.19,699.09,699.09,तुकडी ब्राह जमलातून मार्गकाडत पॉइंट पाच कडेजात असून कोणती ही आढचयानाही सुरीत काम चालू आहे,तुकडी ब्राव्हो जंगलातून मार्ग काढत पॉईंट पाचकडे जात असून कोणतीही अडचण नाही सुरळीत काम चालू आहे,YES,
1787943757774,Redmi Note 9 Pro,12,mr,vakyansh_marathi_base.int8.onnx,int8,mr_28_long_tactical_8,6.53,CLEAN,3,WARM,1594,0.244,68.75,15.19,697.86,699.15,तुकडी ब्राह जमलातून मार्गकाडत पॉइंट पाच कडेजात असून कोणती ही आढचयानाही सुरीत काम चालू आहे,तुकडी ब्राव्हो जंगलातून मार्ग काढत पॉईंट पाचकडे जात असून कोणतीही अडचण नाही सुरळीत काम चालू आहे,YES,
1787943759684,Redmi Note 9 Pro,12,mr,vakyansh_marathi_base.int8.onnx,int8,mr_29_long_tactical_9,7.31,CLEAN,1,WARM,1798,0.246,107.14,23.26,699.61,699.61,अभियांत्रकी पतकाने मरी वरील पुल वजड वाहण्यासाठी भोकादा थरवला पसून सर वाहतुक पुर्वे कडे वळुली आहे,अभियांत्रिकी पथकाने नदीवरील पूल अवजड वाहनांसाठी धोकादायक ठरवला असून सर्व वाहतूक पूर्वेकडे वळवली आहे,YES,
1787943761656,Redmi Note 9 Pro,12,mr,vakyansh_marathi_base.int8.onnx,int8,mr_29_long_tactical_9,7.31,CLEAN,2,WARM,1872,0.256,107.14,23.26,696.40,699.67,अभियांत्रकी पतकाने मरी वरील पुल वजड वाहण्यासाठी भोकादा थरवला पसून सर वाहतुक पुर्वे कडे वळुली आहे,अभियांत्रिकी पथकाने नदीवरील पूल अवजड वाहनांसाठी धोकादायक ठरवला असून सर्व वाहतूक पूर्वेकडे वळवली आहे,YES,
1787943763618,Redmi Note 9 Pro,12,mr,vakyansh_marathi_base.int8.onnx,int8,mr_29_long_tactical_9,7.31,CLEAN,3,WARM,1864,0.255,107.14,23.26,697.47,697.47,अभियांत्रकी पतकाने मरी वरील पुल वजड वाहण्यासाठी भोकादा थरवला पसून सर वाहतुक पुर्वे कडे वळुली आहे,अभियांत्रिकी पथकाने नदीवरील पूल अवजड वाहनांसाठी धोकादायक ठरवला असून सर्व वाहतूक पूर्वेकडे वळवली आहे,YES,
1787943766003,Redmi Note 9 Pro,12,mr,vakyansh_marathi_base.int8.onnx,int8,mr_30_long_tactical_10,8.55,CLEAN,1,WARM,2251,0.263,47.62,11.11,699.49,699.49,उख्यालय खात्रीकरते की सर्व मुख चौख्या सुरक्षित आहेत रात्र गस्त पत्कानी त्वरीत जाजा द्यावी आणि दर अर्ध्या तासाने अहवाज द्यावा,मुख्यालय खात्री करते की सर्व मुख्य चौक्या सुरक्षित आहेत रात्र गस्त पथकांनी त्वरित जागा घ्यावी आणि दर अर्ध्या तासाने अहवाल द्यावा,NO,
1787943768395,Redmi Note 9 Pro,12,mr,vakyansh_marathi_base.int8.onnx,int8,mr_30_long_tactical_10,8.55,CLEAN,2,WARM,2289,0.268,47.62,11.11,698.10,699.58,उख्यालय खात्रीकरते की सर्व मुख चौख्या सुरक्षित आहेत रात्र गस्त पत्कानी त्वरीत जाजा द्यावी आणि दर अर्ध्या तासाने अहवाज द्यावा,मुख्यालय खात्री करते की सर्व मुख्य चौक्या सुरक्षित आहेत रात्र गस्त पथकांनी त्वरित जागा घ्यावी आणि दर अर्ध्या तासाने अहवाल द्यावा,NO,
1787943770848,Redmi Note 9 Pro,12,mr,vakyansh_marathi_base.int8.onnx,int8,mr_30_long_tactical_10,8.55,CLEAN,3,WARM,2338,0.273,47.62,11.11,699.42,699.42,उख्यालय खात्रीकरते की सर्व मुख चौख्या सुरक्षित आहेत रात्र गस्त पत्कानी त्वरीत जाजा द्यावी आणि दर अर्ध्या तासाने अहवाज द्यावा,मुख्यालय खात्री करते की सर्व मुख्य चौक्या सुरक्षित आहेत रात्र गस्त पथकांनी त्वरित जागा घ्यावी आणि दर अर्ध्या तासाने अहवाल द्यावा,NO,
1787943775666,Redmi Note 9 Pro,12,mr,marathi_xlsr_large.int8.onnx,int8,mr_01_normal,3.74,CLEAN,1,COLD,2111,0.565,55.56,10.87,872.44,878.13,सर्व गस्त चवक्या सुरक्षीत आणि स्पष्टा सल्याची नंदं आहे,सर्व गस्त चौक्या सुरक्षित आणि स्पष्ट असल्याची नोंद आहे,YES,
1787943777624,Redmi Note 9 Pro,12,mr,marathi_xlsr_large.int8.onnx,int8,mr_01_normal,3.74,CLEAN,2,WARM,1848,0.495,55.56,10.87,941.16,941.16,सर्व गस्त चवक्या सुरक्षीत आणि स्पष्टा सल्याची नंदं आहे,सर्व गस्त चौक्या सुरक्षित आणि स्पष्ट असल्याची नोंद आहे,YES,
1787943779511,Redmi Note 9 Pro,12,mr,marathi_xlsr_large.int8.onnx,int8,mr_01_normal,3.74,CLEAN,3,WARM,1781,0.477,55.56,10.87,940.17,940.17,सर्व गस्त चवक्या सुरक्षीत आणि स्पष्टा सल्याची नंदं आहे,सर्व गस्त चौक्या सुरक्षित आणि स्पष्ट असल्याची नोंद आहे,YES,
1787943780244,Redmi Note 9 Pro,12,mr,marathi_xlsr_large.int8.onnx,int8,mr_02_short,1.21,CLEAN,1,WARM,604,0.499,100.00,37.50,940.54,940.54,समाजले पेईस,समजले बेस,NO,
1787943781096,Redmi Note 9 Pro,12,mr,marathi_xlsr_large.int8.onnx,int8,mr_02_short,1.21,CLEAN,2,WARM,710,0.587,100.00,37.50,940.73,940.73,समाजले पेईस,समजले बेस,NO,
1787943781909,Redmi Note 9 Pro,12,mr,marathi_xlsr_large.int8.onnx,int8,mr_02_short,1.21,CLEAN,3,WARM,680,0.562,100.00,37.50,940.91,940.91,समाजले पेईस,समजले बेस,NO,
1787943785454,Redmi Note 9 Pro,12,mr,marathi_xlsr_large.int8.onnx,int8,mr_03_long,6.23,CLEAN,1,WARM,3417,0.549,50.00,8.11,942.43,942.43,आपली तुकडी पश्चिम महा मार्गाने जंक्षण सातश्या दिशेने प्रमानित निमानुसार पुढे जात आहे,आपली तुकडी पश्चिम महामार्गाने जंक्शन सातच्या दिशेने प्रमाणित नियमांनुसार पुढे जात आहे,YES,
1787943788828,Redmi Note 9 Pro,12,mr,marathi_xlsr_large.int8.onnx,int8,mr_03_long,6.23,CLEAN,2,WARM,3252,0.522,50.00,8.11,987.82,987.82,आपली तुकडी पश्चिम महा मार्गाने जंक्षण सातश्या दिशेने प्रमानित निमानुसार पुढे जात आहे,आपली तुकडी पश्चिम महामार्गाने जंक्शन सातच्या दिशेने प्रमाणित नियमांनुसार पुढे जात आहे,YES,
1787943792112,Redmi Note 9 Pro,12,mr,marathi_xlsr_large.int8.onnx,int8,mr_03_long,6.23,CLEAN,3,WARM,3155,0.506,50.00,8.11,988.71,988.71,आपली तुकडी पश्चिम महा मार्गाने जंक्षण सातश्या दिशेने प्रमानित निमानुसार पुढे जात आहे,आपली तुकडी पश्चिम महामार्गाने जंक्शन सातच्या दिशेने प्रमाणित नियमांनुसार पुढे जात आहे,YES,
1787943793933,Redmi Note 9 Pro,12,mr,marathi_xlsr_large.int8.onnx,int8,mr_04_numbers,3.60,CLEAN,1,WARM,1704,0.473,44.44,15.22,986.60,989.16,तुकडीत बारा सदस्या आहेत आणि बॅठवी पंचाहत्तर टके आहे,तुकडीत बारा सदस्य आहेत आणि बॅटरी पंच्याहत्तर टक्के आहे,YES,
1787943795763,Redmi Note 9 Pro,12,mr,marathi_xlsr_large.int8.onnx,int8,mr_04_numbers,3.60,CLEAN,2,WARM,1715,0.476,44.44,15.22,987.07,987.07,तुकडीत बारा सदस्या आहेत आणि बॅठवी पंचाहत्तर टके आहे,तुकडीत बारा सदस्य आहेत आणि बॅटरी पंच्याहत्तर टक्के आहे,YES,
1787943797596,Redmi Note 9 Pro,12,mr,marathi_xlsr_large.int8.onnx,int8,mr_04_numbers,3.60,CLEAN,3,WARM,1712,0.475,44.44,15.22,987.62,987.62,तुकडीत बारा सदस्या आहेत आणि बॅठवी पंचाहत्तर टके आहे,तुकडीत बारा सदस्य आहेत आणि बॅटरी पंच्याहत्तर टक्के आहे,YES,
1787943799776,Redmi Note 9 Pro,12,mr,marathi_xlsr_large.int8.onnx,int8,mr_05_location,4.20,CLEAN,1,WARM,2064,0.491,87.50,22.64,989.31,989.31,स्टेशा अर्फा मुक्या प्रवेष्टवारापासून अन्नास मिटर पुतरेस आहे,स्टेशन अल्फा मुख्य प्रवेशद्वारापासून पन्नास मीटर उत्तरेस आहे,NO,
1787943802294,Redmi Note 9 Pro,12,mr,marathi_xlsr_large.int8.onnx,int8,mr_05_location,4.20,CLEAN,2,WARM,2392,0.569,87.50,22.64,989.85,989.85,स्टेशा अर्फा मुक्या प्रवेष्टवारापासून अन्नास मिटर पुतरेस आहे,स्टेशन अल्फा मुख्य प्रवेशद्वारापासून पन्नास मीटर उत्तरेस आहे,NO,
1787943804679,Redmi Note 9 Pro,12,mr,marathi_xlsr_large.int8.onnx,int8,mr_05_location,4.20,CLEAN,3,WARM,2235,0.532,87.50,22.64,987.62,989.90,स्टेशा अर्फा मुक्या प्रवेष्टवारापासून अन्नास मिटर पुतरेस आहे,स्टेशन अल्फा मुख्य प्रवेशद्वारापासून पन्नास मीटर उत्तरेस आहे,NO,
1787943807302,Redmi Note 9 Pro,12,mr,marathi_xlsr_large.int8.onnx,int8,mr_06_emergency,4.16,CLEAN,1,WARM,2478,0.596,87.50,30.61,988.47,988.47,तातरीची सुजनाच ेएत्तर चारमध्ये तवरीत मर्तीची आवे शकतं आहे,तातडीची सूचना सेक्टर चारमध्ये त्वरित मदतीची आवश्यकता आहे,NO,
1787943809882,Redmi Note 9 Pro,12,mr,marathi_xlsr_large.int8.onnx,int8,mr_06_emergency,4.16,CLEAN,2,WARM,2444,0.587,87.50,30.61,988.70,988.70,तातरीची सुजनाच ेएत्तर चारमध्ये तवरीत मर्तीची आवे शकतं आहे,तातडीची सूचना सेक्टर चारमध्ये त्वरित मदतीची आवश्यकता आहे,NO,
1787943812457,Redmi Note 9 Pro,12,mr,marathi_xlsr_large.int8.onnx,int8,mr_06_emergency,4.16,CLEAN,3,WARM,2416,0.581,87.50,30.61,989.33,989.33,तातरीची सुजनाच ेएत्तर चारमध्ये तवरीत मर्तीची आवे शकतं आहे,तातडीची सूचना सेक्टर चारमध्ये त्वरित मदतीची आवश्यकता आहे,NO,
1787943814382,Redmi Note 9 Pro,12,mr,marathi_xlsr_large.int8.onnx,int8,mr_07_radio,3.18,CLEAN,1,WARM,1764,0.555,55.56,31.43,986.15,989.67,थ्रेलियो तपासणी माझा आवास दाैकुयेत आहे का ओव्हा,रेडिओ तपासणी माझा आवाज ऐकू येत आहे का ओव्हर,NO,
1787943816290,Redmi Note 9 Pro,12,mr,marathi_xlsr_large.int8.onnx,int8,mr_07_radio,3.18,CLEAN,2,WARM,1761,0.554,55.56,31.43,986.63,986.63,थ्रेलियो तपासणी माझा आवास दाैकुयेत आहे का ओव्हा,रेडिओ तपासणी माझा आवाज ऐकू येत आहे का ओव्हर,NO,
1787943818193,Redmi Note 9 Pro,12,mr,marathi_xlsr_large.int8.onnx,int8,mr_07_radio,3.18,CLEAN,3,WARM,1755,0.552,55.56,31.43,987.10,987.10,थ्रेलियो तपासणी माझा आवास दाैकुयेत आहे का ओव्हा,रेडिओ तपासणी माझा आवाज ऐकू येत आहे का ओव्हर,NO,
1787943819820,Redmi Note 9 Pro,12,mr,marathi_xlsr_large.int8.onnx,int8,mr_08_punct,2.67,CLEAN,1,WARM,1469,0.550,50.00,6.90,987.81,987.81,चागेवर थांबापुडील आदेशाची वाट पहा,जागेवर थांबा पुढील आदेशाची वाट पहा,NO,
1787943821442,Redmi Note 9 Pro,12,mr,marathi_xlsr_large.int8.onnx,int8,mr_08_punct,2.67,CLEAN,2,WARM,1467,0.549,50.00,6.90,988.21,988.21,चागेवर थांबापुडील आदेशाची वाट पहा,जागेवर थांबा पुढील आदेशाची वाट पहा,NO,
1787943823062,Redmi Note 9 Pro,12,mr,marathi_xlsr_large.int8.onnx,int8,mr_08_punct,2.67,CLEAN,3,WARM,1464,0.548,50.00,6.90,988.61,988.61,चागेवर थांबापुडील आदेशाची वाट पहा,जागेवर थांबा पुढील आदेशाची वाट पहा,NO,
1787943825201,Redmi Note 9 Pro,12,mr,marathi_xlsr_large.int8.onnx,int8,mr_09_proper_nouns,3.53,CLEAN,1,WARM,1972,0.559,62.50,7.14,987.16,989.09,तुकडी प्रमुख विक्र मबेसवर कॅप्टण शरममा यांना भेता,तुकडी प्रमुख विक्रम बेसवर कॅप्टन शर्मा यांना भेटा,YES,
1787943827321,Redmi Note 9 Pro,12,mr,marathi_xlsr_large.int8.onnx,int8,mr_09_proper_nouns,3.53,CLEAN,2,WARM,1964,0.557,62.50,7.14,987.67,987.67,तुकडी प्रमुख विक्र मबेसवर कॅप्टण शरममा यांना भेता,तुकडी प्रमुख विक्रम बेसवर कॅप्टन शर्मा यांना भेटा,YES,
1787943829559,Redmi Note 9 Pro,12,mr,marathi_xlsr_large.int8.onnx,int8,mr_09_proper_nouns,3.53,CLEAN,3,WARM,2092,0.593,62.50,7.14,986.57,987.71,तुकडी प्रमुख विक्र मबेसवर कॅप्टण शरममा यांना भेता,तुकडी प्रमुख विक्रम बेसवर कॅप्टन शर्मा यांना भेटा,YES,
1787943831379,Redmi Note 9 Pro,12,mr,marathi_xlsr_large.int8.onnx,int8,mr_10_fast,2.87,CLEAN,1,WARM,1663,0.579,25.00,6.06,987.14,987.14,जलत माहिती टीम आता आवारा प्रवेश करत आहे,जलद माहिती टीम आता आवारात प्रवेश करत आहे,YES,
1787943833301,Redmi Note 9 Pro,12,mr,marathi_xlsr_large.int8.onnx,int8,mr_10_fast,2.87,CLEAN,2,WARM,1792,0.624,25.00,6.06,983.65,986.50,जलत माहिती टीम आता आवारा प्रवेश करत आहे,जलद माहिती टीम आता आवारात प्रवेश करत आहे,YES,
1787943835020,Redmi Note 9 Pro,12,mr,marathi_xlsr_large.int8.onnx,int8,mr_10_fast,2.87,CLEAN,3,WARM,1576,0.549,25.00,6.06,984.13,984.13,जलत माहिती टीम आता आवारा प्रवेश करत आहे,जलद माहिती टीम आता आवारात प्रवेश करत आहे,YES,
1787943837116,Redmi Note 9 Pro,12,mr,marathi_xlsr_large.int8.onnx,int8,mr_11_tactical_1,3.44,CLEAN,1,WARM,1945,0.565,37.50,11.63,984.93,984.93,हेड अलट सर्व पथकांनी सुरक्षी ठिकाणी मागे व्हावे,रेड अलर्ट सर्व पथकांनी सुरक्षित ठिकाणी मागे व्हावे,NO,
1787943839173,Redmi Note 9 Pro,12,mr,marathi_xlsr_large.int8.onnx,int8,mr_11_tactical_1,3.44,CLEAN,2,WARM,1907,0.554,37.50,11.63,985.48,985.48,हेड अलट सर्व पथकांनी सुरक्षी ठिकाणी मागे व्हावे,रेड अलर्ट सर्व पथकांनी सुरक्षित ठिकाणी मागे व्हावे,NO,
1787943841275,Redmi Note 9 Pro,12,mr,marathi_xlsr_large.int8.onnx,int8,mr_11_tactical_1,3.44,CLEAN,3,WARM,1958,0.569,37.50,11.63,985.95,985.95,हेड अलट सर्व पथकांनी सुरक्षी ठिकाणी मागे व्हावे,रेड अलर्ट सर्व पथकांनी सुरक्षित ठिकाणी मागे व्हावे,NO,
1787943843089,Redmi Note 9 Pro,12,mr,marathi_xlsr_large.int8.onnx,int8,mr_12_tactical_2,3.01,CLEAN,1,WARM,1663,0.553,42.86,20.59,984.42,986.27,वाैदिकीये पथच सेक्टर नवकडी रवाना झाले आहे,वैद्यकीय पथक सेक्टर नऊकडे रवाना झाले आहे,NO,
1787943844939,Redmi Note 9 Pro,12,mr,marathi_xlsr_large.int8.onnx,int8,mr_12_tactical_2,3.01,CLEAN,2,WARM,1701,0.565,42.86,20.59,984.84,984.84,वाैदिकीये पथच सेक्टर नवकडी रवाना झाले आहे,वैद्यकीय पथक सेक्टर नऊकडे रवाना झाले आहे,NO,
1787943846961,Redmi Note 9 Pro,12,mr,marathi_xlsr_large.int8.onnx,int8,mr_12_tactical_2,3.01,CLEAN,3,WARM,1869,0.621,42.86,20.59,985.31,985.31,वाैदिकीये पथच सेक्टर नवकडी रवाना झाले आहे,वैद्यकीय पथक सेक्टर नऊकडे रवाना झाले आहे,NO,
1787943848660,Redmi Note 9 Pro,12,mr,marathi_xlsr_large.int8.onnx,int8,mr_13_tactical_3,2.80,CLEAN,1,WARM,1545,0.553,57.14,16.67,986.02,986.02,अक्सिशुन पातळ चाळीस टक्कित वरित बाहेर पडा,ऑक्सिजन पातळी चाळीस टक्के त्वरित बाहेर पडा,NO,
1787943850338,Redmi Note 9 Pro,12,mr,marathi_xlsr_large.int8.onnx,int8,mr_13_tactical_3,2.80,CLEAN,2,WARM,1535,0.549,57.14,16.67,983.69,986.05,अक्सिशुन पातळ चाळीस टक्कित वरित बाहेर पडा,ऑक्सिजन पातळी चाळीस टक्के त्वरित बाहेर पडा,NO,
1787943852029,Redmi Note 9 Pro,12,mr,marathi_xlsr_large.int8.onnx,int8,mr_13_tactical_3,2.80,CLEAN,3,WARM,1547,0.553,57.14,16.67,984.10,984.10,अक्सिशुन पातळ चाळीस टक्कित वरित बाहेर पडा,ऑक्सिजन पातळी चाळीस टक्के त्वरित बाहेर पडा,NO,
1787943853481,Redmi Note 9 Pro,12,mr,marathi_xlsr_large.int8.onnx,int8,mr_14_tactical_4,2.36,CLEAN,1,WARM,1288,0.546,16.67,3.85,984.75,984.75,पोदाम दोनमध्ये दाट धूर दिसत आहे,गोदाम दोनमध्ये दाट धूर दिसत आहे,YES,
1787943854939,Redmi Note 9 Pro,12,mr,marathi_xlsr_large.int8.onnx,int8,mr_14_tactical_4,2.36,CLEAN,2,WARM,1312,0.557,16.67,3.85,985.12,985.12,पोदाम दोनमध्ये दाट धूर दिसत आहे,गोदाम दोनमध्ये दाट धूर दिसत आहे,YES,
1787943856327,Redmi Note 9 Pro,12,mr,marathi_xlsr_large.int8.onnx,int8,mr_14_tactical_4,2.36,CLEAN,3,WARM,1241,0.526,16.67,3.85,985.47,985.47,पोदाम दोनमध्ये दाट धूर दिसत आहे,गोदाम दोनमध्ये दाट धूर दिसत आहे,YES,
1787943857926,Redmi Note 9 Pro,12,mr,marathi_xlsr_large.int8.onnx,int8,mr_15_tactical_5,2.86,CLEAN,1,WARM,1452,0.508,80.00,12.12,986.20,986.20,सीमा कुंपणाजवळ संगशया स्पध हलचाल दिसल,सीमा कुंपणाजवळ संशयास्पद हालचाल दिसली,YES,
1787943859524,Redmi Note 9 Pro,12,mr,marathi_xlsr_large.int8.onnx,int8,mr_15_tactical_5,2.86,CLEAN,2,WARM,1455,0.509,80.00,12.12,984.41,986.24,सीमा कुंपणाजवळ संगशया स्पध हलचाल दिसल,सीमा कुंपणाजवळ संशयास्पद हालचाल दिसली,YES,
1787943861034,Redmi Note 9 Pro,12,mr,marathi_xlsr_large.int8.onnx,int8,mr_15_tactical_5,2.86,CLEAN,3,WARM,1384,0.484,80.00,12.12,984.84,984.84,सीमा कुंपणाजवळ संगशया स्पध हलचाल दिसल,सीमा कुंपणाजवळ संशयास्पद हालचाल दिसली,YES,
1787943863138,Redmi Note 9 Pro,12,mr,marathi_xlsr_large.int8.onnx,int8,mr_16_coords_1,4.07,CLEAN,1,WARM,1969,0.483,75.00,13.95,985.79,985.79,अक्षांश बारा दशांशी पासरीखांश सत्यातर दशांशसहा,अक्षांश बारा दशांश पाच रेखांश सत्याहत्तर दशांश सहा,YES,
1787943865254,Redmi Note 9 Pro,12,mr,marathi_xlsr_large.int8.onnx,int8,mr_16_coords_1,4.07,CLEAN,2,WARM,1990,0.488,75.00,13.95,986.43,986.43,अक्षांश बारा दशांशी पासरीखांश सत्यातर दशांशसहा,अक्षांश बारा दशांश पाच रेखांश सत्याहत्तर दशांश सहा,YES,
1787943867645,Redmi Note 9 Pro,12,mr,marathi_xlsr_large.int8.onnx,int8,mr_16_coords_1,4.07,CLEAN,3,WARM,2252,0.553,75.00,13.95,984.02,986.47,अक्षांश बारा दशांशी पासरीखांश सत्यातर दशांशसहा,अक्षांश बारा दशांश पाच रेखांश सत्याहत्तर दशांश सहा,YES,
1787943868832,Redmi Note 9 Pro,12,mr,marathi_xlsr_large.int8.onnx,int8,mr_17_coords_2,2.05,CLEAN,1,WARM,1044,0.509,80.00,40.74,984.57,984.57,चेकफोरण बेटा उंची तींन शेमिकर,चेकपॉईंट डेल्टा उंची तीनशे मीटर,NO,
1787943870013,Redmi Note 9 Pro,12,mr,marathi_xlsr_large.int8.onnx,int8,mr_17_coords_2,2.05,CLEAN,2,WARM,1045,0.510,80.00,40.74,984.88,984.88,चेकफोरण बेटा उंची तींन शेमिकर,चेकपॉईंट डेल्टा उंची तीनशे मीटर,NO,
1787943871104,Redmi Note 9 Pro,12,mr,marathi_xlsr_large.int8.onnx,int8,mr_17_coords_2,2.05,CLEAN,3,WARM,972,0.474,80.00,40.74,985.19,985.19,चेकफोरण बेटा उंची तींन शेमिकर,चेकपॉईंट डेल्टा उंची तीनशे मीटर,NO,
1787943872515,Redmi Note 9 Pro,12,mr,marathi_xlsr_large.int8.onnx,int8,mr_18_coords_3,2.73,CLEAN,1,WARM,1284,0.470,33.33,8.57,985.92,985.92,इमारत चार कोली क्रमांक अठ्ठावीस सुरक्षे,इमारत चार खोली क्रमांक अठ्ठावीस सुरक्षित,YES,
1787943873905,Redmi Note 9 Pro,12,mr,marathi_xlsr_large.int8.onnx,int8,mr_18_coords_3,2.73,CLEAN,2,WARM,1270,0.465,33.33,8.57,986.26,986.26,इमारत चार कोली क्रमांक अठ्ठावीस सुरक्षे,इमारत चार खोली क्रमांक अठ्ठावीस सुरक्षित,YES,
1787943875326,Redmi Note 9 Pro,12,mr,marathi_xlsr_large.int8.onnx,int8,mr_18_coords_3,2.73,CLEAN,3,WARM,1292,0.473,33.33,8.57,986.75,986.75,इमारत चार कोली क्रमांक अठ्ठावीस सुरक्षे,इमारत चार खोली क्रमांक अठ्ठावीस सुरक्षित,YES,
1787943877038,Redmi Note 9 Pro,12,mr,marathi_xlsr_large.int8.onnx,int8,mr_19_coords_4,2.90,CLEAN,1,WARM,1565,0.540,66.67,15.63,984.97,987.19,वे तीस किलुमीतटर प्रति तास दक्षिणी एकडे,वेग तीस किलोमीटर प्रति तास दक्षिणेकडे,NO,
1787943878936,Redmi Note 9 Pro,12,mr,marathi_xlsr_large.int8.onnx,int8,mr_19_coords_4,2.90,CLEAN,2,WARM,1765,0.609,66.67,15.63,985.40,985.40,वे तीस किलुमीतटर प्रति तास दक्षिणी एकडे,वेग तीस किलोमीटर प्रति तास दक्षिणेकडे,NO,
1787943880879,Redmi Note 9 Pro,12,mr,marathi_xlsr_large.int8.onnx,int8,mr_19_coords_4,2.90,CLEAN,3,WARM,1800,0.621,66.67,15.63,985.79,985.79,वे तीस किलुमीतटर प्रति तास दक्षिणी एकडे,वेग तीस किलोमीटर प्रति तास दक्षिणेकडे,NO,
1787943882354,Redmi Note 9 Pro,12,mr,marathi_xlsr_large.int8.onnx,int8,mr_20_coords_5,2.41,CLEAN,1,WARM,1314,0.545,66.67,23.08,986.42,986.42,लिले तॉवर पाच सीरनल ऐंशी टकके,रिले टॉवर पाच सिग्नल ऐंशी टक्के,NO,
1787943883819,Redmi Note 9 Pro,12,mr,marathi_xlsr_large.int8.onnx,int8,mr_20_coords_5,2.41,CLEAN,2,WARM,1317,0.546,66.67,23.08,986.79,986.79,लिले तॉवर पाच सीरनल ऐंशी टकके,रिले टॉवर पाच सिग्नल ऐंशी टक्के,NO,
1787943885275,Redmi Note 9 Pro,12,mr,marathi_xlsr_large.int8.onnx,int8,mr_20_coords_5,2.41,CLEAN,3,WARM,1310,0.543,66.67,23.08,983.69,986.82,लिले तॉवर पाच सीरनल ऐंशी टकके,रिले टॉवर पाच सिग्नल ऐंशी टक्के,NO,
1787943890145,Redmi Note 9 Pro,12,mr,marathi_xlsr_large.int8.onnx,int8,mr_21_long_tactical_1,8.23,CLEAN,1,WARM,4728,0.574,38.10,10.78,985.63,985.63,तुकडी अलफा एक बेस ब्रावूला कळो ते की ग्रिष समहनवई बेचाळीस जवळ पश्चिम कुंपण तुटले आहे आणि तातलीने वैद्येकीय मदतीची गरज आहे,तुकडी अल्फा एक बेस ब्राव्होला कळवते की ग्रिड समन्वय बेचाळीस जवळ पश्चिम कुंपण तुटले आहे आणि तातडीने वैद्यकीय मदतीची गरज आहे,YES,
1787943894716,Redmi Note 9 Pro,12,mr,marathi_xlsr_large.int8.onnx,int8,mr_21_long_tactical_1,8.23,CLEAN,2,WARM,4444,0.540,38.10,10.78,1022.99,1022.99,तुकडी अलफा एक बेस ब्रावूला कळो ते की ग्रिष समहनवई बेचाळीस जवळ पश्चिम कुंपण तुटले आहे आणि तातलीने वैद्येकीय मदतीची गरज आहे,तुकडी अल्फा एक बेस ब्राव्होला कळवते की ग्रिड समन्वय बेचाळीस जवळ पश्चिम कुंपण तुटले आहे आणि तातडीने वैद्यकीय मदतीची गरज आहे,YES,
1787943899136,Redmi Note 9 Pro,12,mr,marathi_xlsr_large.int8.onnx,int8,mr_21_long_tactical_1,8.23,CLEAN,3,WARM,4298,0.522,38.10,10.78,1022.39,1023.07,तुकडी अलफा एक बेस ब्रावूला कळो ते की ग्रिष समहनवई बेचाळीस जवळ पश्चिम कुंपण तुटले आहे आणि तातलीने वैद्येकीय मदतीची गरज आहे,तुकडी अल्फा एक बेस ब्राव्होला कळवते की ग्रिड समन्वय बेचाळीस जवळ पश्चिम कुंपण तुटले आहे आणि तातडीने वैद्यकीय मदतीची गरज आहे,YES,
1787943903656,Redmi Note 9 Pro,12,mr,marathi_xlsr_large.int8.onnx,int8,mr_22_long_tactical_2,8.16,CLEAN,1,WARM,4384,0.537,38.89,12.38,1024.43,1024.43,च्टेशिनेल्टं खात्री करतो की सेकतर तींमध्े ऑक्सिजण तीस स्टक्यांपर्यंत कमी झाला आहे सर्व कर्मंचाऱ्यांनी दक्षिण गेटकडे जावे,स्टेशन डेल्टा खात्री करतो की सेक्टर तीनमध्ये ऑक्सिजन तीस टक्क्यांपर्यंत कमी झाला आहे सर्व कर्मचाऱ्यांनी दक्षिण गेटकडे जावे,NO,
1787943908754,Redmi Note 9 Pro,12,mr,marathi_xlsr_large.int8.onnx,int8,mr_22_long_tactical_2,8.16,CLEAN,2,WARM,4969,0.609,38.89,12.38,1025.61,1025.61,च्टेशिनेल्टं खात्री करतो की सेकतर तींमध्े ऑक्सिजण तीस स्टक्यांपर्यंत कमी झाला आहे सर्व कर्मंचाऱ्यांनी दक्षिण गेटकडे जावे,स्टेशन डेल्टा खात्री करतो की सेक्टर तीनमध्ये ऑक्सिजन तीस टक्क्यांपर्यंत कमी झाला आहे सर्व कर्मचाऱ्यांनी दक्षिण गेटकडे जावे,NO,
1787943914046,Redmi Note 9 Pro,12,mr,marathi_xlsr_large.int8.onnx,int8,mr_22_long_tactical_2,8.16,CLEAN,3,WARM,5140,0.630,38.89,12.38,1024.01,1025.67,च्टेशिनेल्टं खात्री करतो की सेकतर तींमध्े ऑक्सिजण तीस स्टक्यांपर्यंत कमी झाला आहे सर्व कर्मंचाऱ्यांनी दक्षिण गेटकडे जावे,स्टेशन डेल्टा खात्री करतो की सेक्टर तीनमध्ये ऑक्सिजन तीस टक्क्यांपर्यंत कमी झाला आहे सर्व कर्मचाऱ्यांनी दक्षिण गेटकडे जावे,NO,
1787943918599,Redmi Note 9 Pro,12,mr,marathi_xlsr_large.int8.onnx,int8,mr_23_long_tactical_3,7.61,CLEAN,1,WARM,4386,0.577,50.00,17.98,1022.24,1024.79,शोध आणि बचा पथक बारा पुरग्रस्त बागात पुढ्ये सरकत आहे आण्याचा स्तर दोन मिटर वाडला असून बोटी तहैन्यात केले आहे,शोध आणि बचाव पथक बारा पूरग्रस्त भागात पुढे सरकत आहे पाण्याचा स्तर दोन मीटर वाढला असून बोटी तैनात केल्या आहेत,YES,
1787943922993,Redmi Note 9 Pro,12,mr,marathi_xlsr_large.int8.onnx,int8,mr_23_long_tactical_3,7.61,CLEAN,2,WARM,4249,0.559,50.00,17.98,1023.38,1023.38,शोध आणि बचा पथक बारा पुरग्रस्त बागात पुढ्ये सरकत आहे आण्याचा स्तर दोन मिटर वाडला असून बोटी तहैन्यात केले आहे,शोध आणि बचाव पथक बारा पूरग्रस्त भागात पुढे सरकत आहे पाण्याचा स्तर दोन मीटर वाढला असून बोटी तैनात केल्या आहेत,YES,
1787943927077,Redmi Note 9 Pro,12,mr,marathi_xlsr_large.int8.onnx,int8,mr_23_long_tactical_3,7.61,CLEAN,3,WARM,3957,0.520,50.00,17.98,1024.47,1024.47,शोध आणि बचा पथक बारा पुरग्रस्त बागात पुढ्ये सरकत आहे आण्याचा स्तर दोन मिटर वाडला असून बोटी तहैन्यात केले आहे,शोध आणि बचाव पथक बारा पूरग्रस्त भागात पुढे सरकत आहे पाण्याचा स्तर दोन मीटर वाढला असून बोटी तैनात केल्या आहेत,YES,
1787943932074,Redmi Note 9 Pro,12,mr,marathi_xlsr_large.int8.onnx,int8,mr_24_long_tactical_4,9.05,CLEAN,1,WARM,4866,0.537,52.63,13.89,1024.62,1025.38,आतडीचा इशाराकीनारपट्टीच्या सेत्तर सातवर वाद धडकणार आहे वाऱ्याचा वे सतर किलुंहीटर प्रति तास असून सर्व पुपकरणे सुरक्षितट ठेवा,तातडीचा इशारा किनारपट्टीच्या सेक्टर सातवर वादळ धडकणार आहे वाऱ्याचा वेग सत्तर किलोमीटर प्रति तास असून सर्व उपकरणे सुरक्षित ठेवा,NO,
1787943937445,Redmi Note 9 Pro,12,mr,marathi_xlsr_large.int8.onnx,int8,mr_24_long_tactical_4,9.05,CLEAN,2,WARM,5227,0.577,52.63,13.89,1208.86,1208.86,आतडीचा इशाराकीनारपट्टीच्या सेत्तर सातवर वाद धडकणार आहे वाऱ्याचा वे सतर किलुंहीटर प्रति तास असून सर्व पुपकरणे सुरक्षितट ठेवा,तातडीचा इशारा किनारपट्टीच्या सेक्टर सातवर वादळ धडकणार आहे वाऱ्याचा वेग सत्तर किलोमीटर प्रति तास असून सर्व उपकरणे सुरक्षित ठेवा,NO,
1787943942849,Redmi Note 9 Pro,12,mr,marathi_xlsr_large.int8.onnx,int8,mr_24_long_tactical_4,9.05,CLEAN,3,WARM,5267,0.582,52.63,13.89,1210.20,1210.20,आतडीचा इशाराकीनारपट्टीच्या सेत्तर सातवर वाद धडकणार आहे वाऱ्याचा वे सतर किलुंहीटर प्रति तास असून सर्व पुपकरणे सुरक्षितट ठेवा,तातडीचा इशारा किनारपट्टीच्या सेक्टर सातवर वादळ धडकणार आहे वाऱ्याचा वेग सत्तर किलोमीटर प्रति तास असून सर्व उपकरणे सुरक्षित ठेवा,NO,
1787943947265,Redmi Note 9 Pro,12,mr,marathi_xlsr_large.int8.onnx,int8,mr_25_long_tactical_5,7.72,CLEAN,1,WARM,4248,0.550,70.59,23.40,1212.09,1212.09,कमान सिंटर सर्व गस्ता पत्कांना पश्ि महमार्ित जमश चार्कडे जाण्याचे आणि रेडेव संपऱ्त सालू ठेवण्याचे अदेश देते,कमांड सेंटर सर्व गस्त पथकांना पश्चिम महामार्ग जंक्शन चारकडे जाण्याचे आणि रेडिओ संपर्क चालू ठेवण्याचे आदेश देते,NO,
1787943951710,Redmi Note 9 Pro,12,mr,marathi_xlsr_large.int8.onnx,int8,mr_25_long_tactical_5,7.72,CLEAN,2,WARM,4301,0.557,70.59,23.40,1210.42,1212.17,कमान सिंटर सर्व गस्ता पत्कांना पश्ि महमार्ित जमश चार्कडे जाण्याचे आणि रेडेव संपऱ्त सालू ठेवण्याचे अदेश देते,कमांड सेंटर सर्व गस्त पथकांना पश्चिम महामार्ग जंक्शन चारकडे जाण्याचे आणि रेडिओ संपर्क चालू ठेवण्याचे आदेश देते,NO,
1787943955932,Redmi Note 9 Pro,12,mr,marathi_xlsr_large.int8.onnx,int8,mr_25_long_tactical_5,7.72,CLEAN,3,WARM,4086,0.529,70.59,23.40,1211.57,1211.57,कमान सिंटर सर्व गस्ता पत्कांना पश्ि महमार्ित जमश चार्कडे जाण्याचे आणि रेडेव संपऱ्त सालू ठेवण्याचे अदेश देते,कमांड सेंटर सर्व गस्त पथकांना पश्चिम महामार्ग जंक्शन चारकडे जाण्याचे आणि रेडिओ संपर्क चालू ठेवण्याचे आदेश देते,NO,
1787943960248,Redmi Note 9 Pro,12,mr,marathi_xlsr_large.int8.onnx,int8,mr_26_long_tactical_6,8.00,CLEAN,1,WARM,4173,0.522,33.33,12.20,1208.70,1212.38,वाैरिखीय मदत पुरवठा करणारी वाहने मदत छांणी नऊ येथे पोहोचवी असून अन्ना आणि अषधांचे वाटक सुरू झाले आहे,वैद्यकीय मदत पुरवठा करणारी वाहने मदत छावणी नऊ येथे पोहोचली असून अन्न आणि औषधांचे वाटप सुरू झाले आहे,YES,
1787943964662,Redmi Note 9 Pro,12,mr,marathi_xlsr_large.int8.onnx,int8,mr_26_long_tactical_6,8.00,CLEAN,2,WARM,4277,0.535,33.33,12.20,1209.86,1209.86,वाैरिखीय मदत पुरवठा करणारी वाहने मदत छांणी नऊ येथे पोहोचवी असून अन्ना आणि अषधांचे वाटक सुरू झाले आहे,वैद्यकीय मदत पुरवठा करणारी वाहने मदत छावणी नऊ येथे पोहोचली असून अन्न आणि औषधांचे वाटप सुरू झाले आहे,YES,
1787943969361,Redmi Note 9 Pro,12,mr,marathi_xlsr_large.int8.onnx,int8,mr_26_long_tactical_6,8.00,CLEAN,3,WARM,4564,0.571,33.33,12.20,1211.00,1211.00,वाैरिखीय मदत पुरवठा करणारी वाहने मदत छांणी नऊ येथे पोहोचवी असून अन्ना आणि अषधांचे वाटक सुरू झाले आहे,वैद्यकीय मदत पुरवठा करणारी वाहने मदत छावणी नऊ येथे पोहोचली असून अन्न आणि औषधांचे वाटप सुरू झाले आहे,YES,
1787943974256,Redmi Note 9 Pro,12,mr,marathi_xlsr_large.int8.onnx,int8,mr_27_long_tactical_7,7.49,CLEAN,1,WARM,4729,0.631,64.71,21.51,1210.21,1211.76,सुरक्षा पत्कानेरेले तॉऊर तींचा वीजतूर एवठा खांडीत झाल्याचे सांलीतल्या आहे जल्रेटर सुरूकरून संपर्क पूरुवत केला आहे,सुरक्षा पथकाने रिले टॉवर तीनचा वीजपुरवठा खंडित झाल्याचे सांगितले आहे जनरेटर सुरू करून संपर्क पूर्ववत केला आहे,YES,
1787943979007,Redmi Note 9 Pro,12,mr,marathi_xlsr_large.int8.onnx,int8,mr_27_long_tactical_7,7.49,CLEAN,2,WARM,4584,0.612,64.71,21.51,1211.31,1211.31,सुरक्षा पत्कानेरेले तॉऊर तींचा वीजतूर एवठा खांडीत झाल्याचे सांलीतल्या आहे जल्रेटर सुरूकरून संपर्क पूरुवत केला आहे,सुरक्षा पथकाने रिले टॉवर तीनचा वीजपुरवठा खंडित झाल्याचे सांगितले आहे जनरेटर सुरू करून संपर्क पूर्ववत केला आहे,YES,
1787943983462,Redmi Note 9 Pro,12,mr,marathi_xlsr_large.int8.onnx,int8,mr_27_long_tactical_7,7.49,CLEAN,3,WARM,4294,0.573,64.71,21.51,1208.55,1211.39,सुरक्षा पत्कानेरेले तॉऊर तींचा वीजतूर एवठा खांडीत झाल्याचे सांलीतल्या आहे जल्रेटर सुरूकरून संपर्क पूरुवत केला आहे,सुरक्षा पथकाने रिले टॉवर तीनचा वीजपुरवठा खंडित झाल्याचे सांगितले आहे जनरेटर सुरू करून संपर्क पूर्ववत केला आहे,YES,
1787943987171,Redmi Note 9 Pro,12,mr,marathi_xlsr_large.int8.onnx,int8,mr_28_long_tactical_8,6.53,CLEAN,1,WARM,3554,0.544,43.75,7.59,1210.24,1210.24,तुकडी ब्रावहो जंगलातून मार्गकडत पोइंट पाचकडेजात असून कोणतीही अडचा नाही सुरळीत काम चालू आहे,तुकडी ब्राव्हो जंगलातून मार्ग काढत पॉईंट पाचकडे जात असून कोणतीही अडचण नाही सुरळीत काम चालू आहे,YES,
1787943990669,Redmi Note 9 Pro,12,mr,marathi_xlsr_large.int8.onnx,int8,mr_28_long_tactical_8,6.53,CLEAN,2,WARM,3373,0.516,43.75,7.59,1211.16,1211.16,तुकडी ब्रावहो जंगलातून मार्गकडत पोइंट पाचकडेजात असून कोणतीही अडचा नाही सुरळीत काम चालू आहे,तुकडी ब्राव्हो जंगलातून मार्ग काढत पॉईंट पाचकडे जात असून कोणतीही अडचण नाही सुरळीत काम चालू आहे,YES,
1787943994105,Redmi Note 9 Pro,12,mr,marathi_xlsr_large.int8.onnx,int8,mr_28_long_tactical_8,6.53,CLEAN,3,WARM,3301,0.505,43.75,7.59,1209.96,1211.22,तुकडी ब्रावहो जंगलातून मार्गकडत पोइंट पाचकडेजात असून कोणतीही अडचा नाही सुरळीत काम चालू आहे,तुकडी ब्राव्हो जंगलातून मार्ग काढत पॉईंट पाचकडे जात असून कोणतीही अडचण नाही सुरळीत काम चालू आहे,YES,
1787943998081,Redmi Note 9 Pro,12,mr,marathi_xlsr_large.int8.onnx,int8,mr_29_long_tactical_9,7.31,CLEAN,1,WARM,3834,0.525,71.43,15.12,1211.70,1211.70,अभि यांत्रिकी पतकाने भरीवरील पउल अवजड वाहनांसाठी धुकादात थरवला असून सर्वातुप पूर्वेकडे बळवली आहे,अभियांत्रिकी पथकाने नदीवरील पूल अवजड वाहनांसाठी धोकादायक ठरवला असून सर्व वाहतूक पूर्वेकडे वळवली आहे,NO,
1787944002192,Redmi Note 9 Pro,12,mr,marathi_xlsr_large.int8.onnx,int8,mr_29_long_tactical_9,7.31,CLEAN,2,WARM,3961,0.542,71.43,15.12,1208.60,1211.77,अभि यांत्रिकी पतकाने भरीवरील पउल अवजड वाहनांसाठी धुकादात थरवला असून सर्वातुप पूर्वेकडे बळवली आहे,अभियांत्रिकी पथकाने नदीवरील पूल अवजड वाहनांसाठी धोकादायक ठरवला असून सर्व वाहतूक पूर्वेकडे वळवली आहे,NO,
1787944007209,Redmi Note 9 Pro,12,mr,marathi_xlsr_large.int8.onnx,int8,mr_29_long_tactical_9,7.31,CLEAN,3,WARM,4868,0.666,71.43,15.12,1209.50,1209.50,अभि यांत्रिकी पतकाने भरीवरील पउल अवजड वाहनांसाठी धुकादात थरवला असून सर्वातुप पूर्वेकडे बळवली आहे,अभियांत्रिकी पथकाने नदीवरील पूल अवजड वाहनांसाठी धोकादायक ठरवला असून सर्व वाहतूक पूर्वेकडे वळवली आहे,NO,
1787944014918,Redmi Note 9 Pro,12,mr,marathi_xlsr_large.int8.onnx,int8,mr_30_long_tactical_10,8.55,CLEAN,1,WARM,7532,0.880,33.33,11.11,1211.63,1211.63,उख्छाल खात्री करते की सर्व मुखे चवक्या सुरक्षित आहेत रात्र गस्त पतकांनी त्वरीत जागा घ्यावी आणि दर अरद्या तासाने अहवाल त्यावा,मुख्यालय खात्री करते की सर्व मुख्य चौक्या सुरक्षित आहेत रात्र गस्त पथकांनी त्वरित जागा घ्यावी आणि दर अर्ध्या तासाने अहवाल द्यावा,YES,
1787944022109,Redmi Note 9 Pro,12,mr,marathi_xlsr_large.int8.onnx,int8,mr_30_long_tactical_10,8.55,CLEAN,2,WARM,7021,0.821,33.33,11.11,1216.07,1216.07,उख्छाल खात्री करते की सर्व मुखे चवक्या सुरक्षित आहेत रात्र गस्त पतकांनी त्वरीत जागा घ्यावी आणि दर अरद्या तासाने अहवाल त्यावा,मुख्यालय खात्री करते की सर्व मुख्य चौक्या सुरक्षित आहेत रात्र गस्त पथकांनी त्वरित जागा घ्यावी आणि दर अर्ध्या तासाने अहवाल द्यावा,YES,
1787944027992,Redmi Note 9 Pro,12,mr,marathi_xlsr_large.int8.onnx,int8,mr_30_long_tactical_10,8.55,CLEAN,3,WARM,5727,0.669,33.33,11.11,1208.93,1216.16,उख्छाल खात्री करते की सर्व मुखे चवक्या सुरक्षित आहेत रात्र गस्त पतकांनी त्वरीत जागा घ्यावी आणि दर अरद्या तासाने अहवाल त्यावा,मुख्यालय खात्री करते की सर्व मुख्य चौक्या सुरक्षित आहेत रात्र गस्त पथकांनी त्वरित जागा घ्यावी आणि दर अर्ध्या तासाने अहवाल द्यावा,YES,
1787944040522,Redmi Note 9 Pro,12,or,vakyansh_odia_base.int8.onnx,int8,or_01_normal,3.61,CLEAN,1,COLD,1501,0.415,85.71,24.44,476.99,476.99,ସମସ୍ତ ପାଠି ବଳିଣ ଚେକ ପଷ୍ଠ ସୁରକ୍ଷିତ ଅଥିବା ସୁଜନା ମିଳିଛି,ସମସ୍ତ ପାଟ୍ରୋଲିଂ ଚେକପୋଷ୍ଟ ସୁରକ୍ଷିତ ଥିବା ସୂଚନା ମିଳିଛି,YES,
1787944041704,Redmi Note 9 Pro,12,or,vakyansh_odia_base.int8.onnx,int8,or_01_normal,3.61,CLEAN,2,WARM,1067,0.295,85.71,24.44,476.07,476.07,ସମସ୍ତ ପାଠି ବଳିଣ ଚେକ ପଷ୍ଠ ସୁରକ୍ଷିତ ଅଥିବା ସୁଜନା ମିଳିଛି,ସମସ୍ତ ପାଟ୍ରୋଲିଂ ଚେକପୋଷ୍ଟ ସୁରକ୍ଷିତ ଥିବା ସୂଚନା ମିଳିଛି,YES,
1787944042900,Redmi Note 9 Pro,12,or,vakyansh_odia_base.int8.onnx,int8,or_01_normal,3.61,CLEAN,3,WARM,1081,0.299,85.71,24.44,476.21,476.21,ସମସ୍ତ ପାଠି ବଳିଣ ଚେକ ପଷ୍ଠ ସୁରକ୍ଷିତ ଅଥିବା ସୁଜନା ମିଳିଛି,ସମସ୍ତ ପାଟ୍ରୋଲିଂ ଚେକପୋଷ୍ଟ ସୁରକ୍ଷିତ ଥିବା ସୂଚନା ମିଳିଛି,YES,
1787944043222,Redmi Note 9 Pro,12,or,vakyansh_odia_base.int8.onnx,int8,or_02_short,0.64,CLEAN,1,WARM,215,0.334,100.00,66.67,477.52,477.52,ପଲର ବେଶି,ରଜର ବେସ,NO,
1787944043537,Redmi Note 9 Pro,12,or,vakyansh_odia_base.int8.onnx,int8,or_02_short,0.64,CLEAN,2,WARM,210,0.326,100.00,66.67,477.61,477.61,ପଲର ବେଶି,ରଜର ବେସ,NO,
1787944043843,Redmi Note 9 Pro,12,or,vakyansh_odia_base.int8.onnx,int8,or_02_short,0.64,CLEAN,3,WARM,203,0.315,100.00,66.67,477.71,477.71,ପଲର ବେଶି,ରଜର ବେସ,NO,
1787944045914,Redmi Note 9 Pro,12,or,vakyansh_odia_base.int8.onnx,int8,or_03_long,6.24,CLEAN,1,WARM,1958,0.314,84.62,22.41,526.06,526.06,ବାମର ଦଳ ପଚିମ ରା ଜେ ପଥ ଦେଇ ଜଙ୍କସନ ସାତ ଆକୁ ସାଧାଣ ନିଅମ କନୁଯାିଁ ଆାଗକୁ ବଳୁଛି,ଆମର ଦଳ ପଶ୍ଚିମ ରାଜପଥ ଦେଇ ଜଙ୍କସନ ସାତ ଆଡକୁ ସାଧାରଣ ନିୟମ ଅନୁଯାୟୀ ଆଗକୁ ବଢୁଛି,NO,
1787944047986,Redmi Note 9 Pro,12,or,vakyansh_odia_base.int8.onnx,int8,or_03_long,6.24,CLEAN,2,WARM,1948,0.312,84.62,22.41,526.37,526.37,ବାମର ଦଳ ପଚିମ ରା ଜେ ପଥ ଦେଇ ଜଙ୍କସନ ସାତ ଆକୁ ସାଧାଣ ନିଅମ କନୁଯାିଁ ଆାଗକୁ ବଳୁଛି,ଆମର ଦଳ ପଶ୍ଚିମ ରାଜପଥ ଦେଇ ଜଙ୍କସନ ସାତ ଆଡକୁ ସାଧାରଣ ନିୟମ ଅନୁଯାୟୀ ଆଗକୁ ବଢୁଛି,NO,
1787944049983,Redmi Note 9 Pro,12,or,vakyansh_odia_base.int8.onnx,int8,or_03_long,6.24,CLEAN,3,WARM,1886,0.302,84.62,22.41,524.26,526.25,ବାମର ଦଳ ପଚିମ ରା ଜେ ପଥ ଦେଇ ଜଙ୍କସନ ସାତ ଆକୁ ସାଧାଣ ନିଅମ କନୁଯାିଁ ଆାଗକୁ ବଳୁଛି,ଆମର ଦଳ ପଶ୍ଚିମ ରାଜପଥ ଦେଇ ଜଙ୍କସନ ସାତ ଆଡକୁ ସାଧାରଣ ନିୟମ ଅନୁଯାୟୀ ଆଗକୁ ବଢୁଛି,NO,
1787944051340,Redmi Note 9 Pro,12,or,vakyansh_odia_base.int8.onnx,int8,or_04_numbers,4.11,CLEAN,1,WARM,1230,0.299,70.00,28.00,525.28,525.28,ତରରେ ବାରଜଣ ସତସ ଅଛନ୍ତି ଏବଂ ବାଠେଇି ପଞ୍ଚଷତରୀ ପ୍ରତିସବ ଅଛି,ଦଳରେ ବାର ଜଣ ସଦସ୍ୟ ଅଛନ୍ତି ଏବଂ ବ୍ୟାଟେରୀ ପଞ୍ଚସ୍ତରୀ ପ୍ରତିଶତ ଅଛି,NO,
1787944052677,Redmi Note 9 Pro,12,or,vakyansh_odia_base.int8.onnx,int8,or_04_numbers,4.11,CLEAN,2,WARM,1220,0.297,70.00,28.00,525.81,525.81,ତରରେ ବାରଜଣ ସତସ ଅଛନ୍ତି ଏବଂ ବାଠେଇି ପଞ୍ଚଷତରୀ ପ୍ରତିସବ ଅଛି,ଦଳରେ ବାର ଜଣ ସଦସ୍ୟ ଅଛନ୍ତି ଏବଂ ବ୍ୟାଟେରୀ ପଞ୍ଚସ୍ତରୀ ପ୍ରତିଶତ ଅଛି,NO,
1787944054017,Redmi Note 9 Pro,12,or,vakyansh_odia_base.int8.onnx,int8,or_04_numbers,4.11,CLEAN,3,WARM,1228,0.299,70.00,28.00,526.24,526.24,ତରରେ ବାରଜଣ ସତସ ଅଛନ୍ତି ଏବଂ ବାଠେଇି ପଞ୍ଚଷତରୀ ପ୍ରତିସବ ଅଛି,ଦଳରେ ବାର ଜଣ ସଦସ୍ୟ ଅଛନ୍ତି ଏବଂ ବ୍ୟାଟେରୀ ପଞ୍ଚସ୍ତରୀ ପ୍ରତିଶତ ଅଛି,NO,
1787944055400,Redmi Note 9 Pro,12,or,vakyansh_odia_base.int8.onnx,int8,or_05_location,4.20,CLEAN,1,WARM,1254,0.299,62.50,16.28,527.23,527.23,ଟେସନ ଆଳଭା ମୁକ୍ୟ ଭାଟକରୁ ପଚାଶ ମିଟର ଉତ୍ତରରେର ଅବସ୍ଥିତ,ଷ୍ଟେସନ ଆଲଫା ମୁଖ୍ୟ ଫାଟକରୁ ପଚାଶ ମିଟର ଉତ୍ତରରେ ଅବସ୍ଥିତ,NO,
1787944056759,Redmi Note 9 Pro,12,or,vakyansh_odia_base.int8.onnx,int8,or_05_location,4.20,CLEAN,2,WARM,1249,0.297,62.50,16.28,524.88,527.27,ଟେସନ ଆଳଭା ମୁକ୍ୟ ଭାଟକରୁ ପଚାଶ ମିଟର ଉତ୍ତରରେର ଅବସ୍ଥିତ,ଷ୍ଟେସନ ଆଲଫା ମୁଖ୍ୟ ଫାଟକରୁ ପଚାଶ ମିଟର ଉତ୍ତରରେ ଅବସ୍ଥିତ,NO,
1787944058216,Redmi Note 9 Pro,12,or,vakyansh_odia_base.int8.onnx,int8,or_05_location,4.20,CLEAN,3,WARM,1338,0.319,62.50,16.28,525.48,525.48,ଟେସନ ଆଳଭା ମୁକ୍ୟ ଭାଟକରୁ ପଚାଶ ମିଟର ଉତ୍ତରରେର ଅବସ୍ଥିତ,ଷ୍ଟେସନ ଆଲଫା ମୁଖ୍ୟ ଫାଟକରୁ ପଚାଶ ମିଟର ଉତ୍ତରରେ ଅବସ୍ଥିତ,NO,
1787944059494,Redmi Note 9 Pro,12,or,vakyansh_odia_base.int8.onnx,int8,or_06_emergency,3.87,CLEAN,1,WARM,1159,0.299,114.29,17.02,526.41,526.41,ଜଣରୀ କାଳିନ ଚେ ତାବ ନି ସେକ୍ଟର ଚାଣିରେ ତୁରନ୍ତ ସାହାୟଚା ଆବ୍ୟକ,ଜରୁରୀକାଳୀନ ଚେତାବନୀ ସେକ୍ଟର ଚାରିରେ ତୁରନ୍ତ ସହାୟତା ଆବଶ୍ୟକ,NO,
1787944060766,Redmi Note 9 Pro,12,or,vakyansh_odia_base.int8.onnx,int8,or_06_emergency,3.87,CLEAN,2,WARM,1151,0.297,114.29,17.02,526.98,526.98,ଜଣରୀ କାଳିନ ଚେ ତାବ ନି ସେକ୍ଟର ଚାଣିରେ ତୁରନ୍ତ ସାହାୟଚା ଆବ୍ୟକ,ଜରୁରୀକାଳୀନ ଚେତାବନୀ ସେକ୍ଟର ଚାରିରେ ତୁରନ୍ତ ସହାୟତା ଆବଶ୍ୟକ,NO,
1787944062066,Redmi Note 9 Pro,12,or,vakyansh_odia_base.int8.onnx,int8,or_06_emergency,3.87,CLEAN,3,WARM,1182,0.305,114.29,17.02,523.52,527.02,ଜଣରୀ କାଳିନ ଚେ ତାବ ନି ସେକ୍ଟର ଚାଣିରେ ତୁରନ୍ତ ସାହାୟଚା ଆବ୍ୟକ,ଜରୁରୀକାଳୀନ ଚେତାବନୀ ସେକ୍ଟର ଚାରିରେ ତୁରନ୍ତ ସହାୟତା ଆବଶ୍ୟକ,NO,
1787944063170,Redmi Note 9 Pro,12,or,vakyansh_odia_base.int8.onnx,int8,or_07_radio,3.30,CLEAN,1,WARM,985,0.299,87.50,29.73,524.34,524.34,ତଳେରିଓ ଜାଞ୍ଚ ବାପଣ ମୋଷୁର ଶୁଣି ପାରୁଛନ୍ତି କି ପୁଭର,ରେଡିଓ ଯାଞ୍ଚ ଆପଣ ମୋ ସ୍ୱର ଶୁଣିପାରୁଛନ୍ତି କି ଓଭର,NO,
1787944064265,Redmi Note 9 Pro,12,or,vakyansh_odia_base.int8.onnx,int8,or_07_radio,3.30,CLEAN,2,WARM,981,0.297,87.50,29.73,524.83,524.83,ତଳେରିଓ ଜାଞ୍ଚ ବାପଣ ମୋଷୁର ଶୁଣି ପାରୁଛନ୍ତି କି ପୁଭର,ରେଡିଓ ଯାଞ୍ଚ ଆପଣ ମୋ ସ୍ୱର ଶୁଣିପାରୁଛନ୍ତି କି ଓଭର,NO,
1787944065356,Redmi Note 9 Pro,12,or,vakyansh_odia_base.int8.onnx,int8,or_07_radio,3.30,CLEAN,3,WARM,975,0.296,87.50,29.73,525.33,525.33,ତଳେରିଓ ଜାଞ୍ଚ ବାପଣ ମୋଷୁର ଶୁଣି ପାରୁଛନ୍ତି କି ପୁଭର,ରେଡିଓ ଯାଞ୍ଚ ଆପଣ ମୋ ସ୍ୱର ଶୁଣିପାରୁଛନ୍ତି କି ଓଭର,NO,
1787944066644,Redmi Note 9 Pro,12,or,vakyansh_odia_base.int8.onnx,int8,or_08_punct,3.90,CLEAN,1,WARM,1159,0.297,50.00,14.58,526.27,526.27,ସେଇ ସ୍ତାନରେ ରୁହନ୍ତୁ ପବର୍ତତି ଆଦେଷ ପାଇଁ ଅପେକ୍ଷା କରନ୍ତୁ,ସେହି ସ୍ଥାନରେ ରୁହନ୍ତୁ ପରବର୍ତ୍ତୀ ଆଦେଶ ପାଇଁ ଅପେକ୍ଷା କରନ୍ତୁ,NO,
1787944067927,Redmi Note 9 Pro,12,or,vakyansh_odia_base.int8.onnx,int8,or_08_punct,3.90,CLEAN,2,WARM,1162,0.298,50.00,14.58,524.33,526.31,ସେଇ ସ୍ତାନରେ ରୁହନ୍ତୁ ପବର୍ତତି ଆଦେଷ ପାଇଁ ଅପେକ୍ଷା କରନ୍ତୁ,ସେହି ସ୍ଥାନରେ ରୁହନ୍ତୁ ପରବର୍ତ୍ତୀ ଆଦେଶ ପାଇଁ ଅପେକ୍ଷା କରନ୍ତୁ,NO,
1787944069214,Redmi Note 9 Pro,12,or,vakyansh_odia_base.int8.onnx,int8,or_08_punct,3.90,CLEAN,3,WARM,1173,0.301,50.00,14.58,524.91,524.91,ସେଇ ସ୍ତାନରେ ରୁହନ୍ତୁ ପବର୍ତତି ଆଦେଷ ପାଇଁ ଅପେକ୍ଷା କରନ୍ତୁ,ସେହି ସ୍ଥାନରେ ରୁହନ୍ତୁ ପରବର୍ତ୍ତୀ ଆଦେଶ ପାଇଁ ଅପେକ୍ଷା କରନ୍ତୁ,NO,
1787944070262,Redmi Note 9 Pro,12,or,vakyansh_odia_base.int8.onnx,int8,or_09_proper_nouns,3.18,CLEAN,1,WARM,933,0.293,100.00,17.07,525.68,525.68,ତଳ ନେତା ବିକ୍ରମ ବେଷରେ କେ ପଟେ ନ ସର୍ମାଙ୍କୁ ପେଟନ୍ତୁ,ଦଳ ନେତା ବିକ୍ରମ ବେସରେ କ୍ୟାପଟେନ ଶର୍ମାଙ୍କୁ ଭେଟନ୍ତୁ,NO,
1787944071326,Redmi Note 9 Pro,12,or,vakyansh_odia_base.int8.onnx,int8,or_09_proper_nouns,3.18,CLEAN,2,WARM,944,0.297,100.00,17.07,526.17,526.17,ତଳ ନେତା ବିକ୍ରମ ବେଷରେ କେ ପଟେ ନ ସର୍ମାଙ୍କୁ ପେଟନ୍ତୁ,ଦଳ ନେତା ବିକ୍ରମ ବେସରେ କ୍ୟାପଟେନ ଶର୍ମାଙ୍କୁ ଭେଟନ୍ତୁ,NO,
1787944072377,Redmi Note 9 Pro,12,or,vakyansh_odia_base.int8.onnx,int8,or_09_proper_nouns,3.18,CLEAN,3,WARM,932,0.293,100.00,17.07,523.36,526.20,ତଳ ନେତା ବିକ୍ରମ ବେଷରେ କେ ପଟେ ନ ସର୍ମାଙ୍କୁ ପେଟନ୍ତୁ,ଦଳ ନେତା ବିକ୍ରମ ବେସରେ କ୍ୟାପଟେନ ଶର୍ମାଙ୍କୁ ଭେଟନ୍ତୁ,NO,
1787944073676,Redmi Note 9 Pro,12,or,vakyansh_odia_base.int8.onnx,int8,or_10_fast,3.95,CLEAN,1,WARM,1170,0.296,37.50,17.95,524.31,524.31,ସତରୀତ ଶୁଚନା ଟିମ ଏବେ ପରିଶର ମଧ୍ୟକୁ ପ୍ରବେଶ କରୁଛି,ତ୍ୱରିତ ସୂଚନା ଟିମ ଏବେ ପରିସର ମଧ୍ୟକୁ ପ୍ରବେଶ କରୁଛି,NO,
1787944074965,Redmi Note 9 Pro,12,or,vakyansh_odia_base.int8.onnx,int8,or_10_fast,3.95,CLEAN,2,WARM,1178,0.298,37.50,17.95,524.90,524.90,ସତରୀତ ଶୁଚନା ଟିମ ଏବେ ପରିଶର ମଧ୍ୟକୁ ପ୍ରବେଶ କରୁଛି,ତ୍ୱରିତ ସୂଚନା ଟିମ ଏବେ ପରିସର ମଧ୍ୟକୁ ପ୍ରବେଶ କରୁଛି,NO,
1787944076258,Redmi Note 9 Pro,12,or,vakyansh_odia_base.int8.onnx,int8,or_10_fast,3.95,CLEAN,3,WARM,1170,0.296,37.50,17.95,525.48,525.48,ସତରୀତ ଶୁଚନା ଟିମ ଏବେ ପରିଶର ମଧ୍ୟକୁ ପ୍ରବେଶ କରୁଛି,ତ୍ୱରିତ ସୂଚନା ଟିମ ଏବେ ପରିସର ମଧ୍ୟକୁ ପ୍ରବେଶ କରୁଛି,NO,
1787944077575,Redmi Note 9 Pro,12,or,vakyansh_odia_base.int8.onnx,int8,or_11_tactical_1,4.03,CLEAN,1,WARM,1193,0.296,85.71,26.19,524.27,525.89,ତରେଡ ଆରଠ ସମସ୍ତ ଟିଭ ସୁରକ୍ଷିତ ସ୍ତାନକୁ ପେଇ ଯୁଅନ୍ତୁ,ରେଡ ଆଲର୍ଟ ସମସ୍ତ ଟିମ ସୁରକ୍ଷିତ ସ୍ଥାନକୁ ଫେରିଯାଆନ୍ତୁ,NO,
1787944078897,Redmi Note 9 Pro,12,or,vakyansh_odia_base.int8.onnx,int8,or_11_tactical_1,4.03,CLEAN,2,WARM,1202,0.298,85.71,26.19,524.88,524.88,ତରେଡ ଆରଠ ସମସ୍ତ ଟିଭ ସୁରକ୍ଷିତ ସ୍ତାନକୁ ପେଇ ଯୁଅନ୍ତୁ,ରେଡ ଆଲର୍ଟ ସମସ୍ତ ଟିମ ସୁରକ୍ଷିତ ସ୍ଥାନକୁ ଫେରିଯାଆନ୍ତୁ,NO,
1787944080213,Redmi Note 9 Pro,12,or,vakyansh_odia_base.int8.onnx,int8,or_11_tactical_1,4.03,CLEAN,3,WARM,1197,0.297,85.71,26.19,525.48,525.48,ତରେଡ ଆରଠ ସମସ୍ତ ଟିଭ ସୁରକ୍ଷିତ ସ୍ତାନକୁ ପେଇ ଯୁଅନ୍ତୁ,ରେଡ ଆଲର୍ଟ ସମସ୍ତ ଟିମ ସୁରକ୍ଷିତ ସ୍ଥାନକୁ ଫେରିଯାଆନ୍ତୁ,NO,
1787944081129,Redmi Note 9 Pro,12,or,vakyansh_odia_base.int8.onnx,int8,or_12_tactical_2,2.75,CLEAN,1,WARM,806,0.294,120.00,20.00,523.35,525.77,ଚମେଡିକାଉଠି ମକୁ ସେଟର ନକୁ ପଠା ଯାଇଛି,ମେଡିକାଲ ଟିମକୁ ସେକ୍ଟର ନଅକୁ ପଠାଯାଇଛି,YES,
1787944082051,Redmi Note 9 Pro,12,or,vakyansh_odia_base.int8.onnx,int8,or_12_tactical_2,2.75,CLEAN,2,WARM,808,0.294,120.00,20.00,523.73,523.73,ଚମେଡିକାଉଠି ମକୁ ସେଟର ନକୁ ପଠା ଯାଇଛି,ମେଡିକାଲ ଟିମକୁ ସେକ୍ଟର ନଅକୁ ପଠାଯାଇଛି,YES,
1787944082971,Redmi Note 9 Pro,12,or,vakyansh_odia_base.int8.onnx,int8,or_12_tactical_2,2.75,CLEAN,3,WARM,814,0.296,120.00,20.00,524.14,524.14,ଚମେଡିକାଉଠି ମକୁ ସେଟର ନକୁ ପଠା ଯାଇଛି,ମେଡିକାଲ ଟିମକୁ ସେକ୍ଟର ନଅକୁ ପଠାଯାଇଛି,YES,
1787944084121,Redmi Note 9 Pro,12,or,vakyansh_odia_base.int8.onnx,int8,or_13_tactical_3,3.54,CLEAN,1,WARM,1033,0.292,28.57,13.95,524.99,524.99,ପଶି ଯେମସ୍ତର ଚାଳିଶ ପ୍ରତିଶତ ତୁରନ୍ତ ବାହାରକୁ ଆସନ୍ତୁ,ଅକ୍ସିଜେନ ସ୍ତର ଚାଳିଶ ପ୍ରତିଶତ ତୁରନ୍ତ ବାହାରକୁ ଆସନ୍ତୁ,YES,
1787944085286,Redmi Note 9 Pro,12,or,vakyansh_odia_base.int8.onnx,int8,or_13_tactical_3,3.54,CLEAN,2,WARM,1048,0.296,28.57,13.95,525.53,525.53,ପଶି ଯେମସ୍ତର ଚାଳିଶ ପ୍ରତିଶତ ତୁରନ୍ତ ବାହାରକୁ ଆସନ୍ତୁ,ଅକ୍ସିଜେନ ସ୍ତର ଚାଳିଶ ପ୍ରତିଶତ ତୁରନ୍ତ ବାହାରକୁ ଆସନ୍ତୁ,YES,
1787944086443,Redmi Note 9 Pro,12,or,vakyansh_odia_base.int8.onnx,int8,or_13_tactical_3,3.54,CLEAN,3,WARM,1043,0.295,28.57,13.95,526.07,526.07,ପଶି ଯେମସ୍ତର ଚାଳିଶ ପ୍ରତିଶତ ତୁରନ୍ତ ବାହାରକୁ ଆସନ୍ତୁ,ଅକ୍ସିଜେନ ସ୍ତର ଚାଳିଶ ପ୍ରତିଶତ ତୁରନ୍ତ ବାହାରକୁ ଆସନ୍ତୁ,YES,
1787944087264,Redmi Note 9 Pro,12,or,vakyansh_odia_base.int8.onnx,int8,or_14_tactical_4,2.32,CLEAN,1,WARM,695,0.299,100.00,14.29,524.19,526.46,ତମ ଦାମ ଦୁଇରେ ପ୍ରବଳ ଧୁଆ ଦେଖା ଯାଇଛି,ଗୋଦାମ ଦୁଇରେ ପ୍ରବଳ ଧୂଆଁ ଦେଖାଯାଇଛି,NO,
1787944088084,Redmi Note 9 Pro,12,or,vakyansh_odia_base.int8.onnx,int8,or_14_tactical_4,2.32,CLEAN,2,WARM,704,0.303,100.00,14.29,524.55,524.55,ତମ ଦାମ ଦୁଇରେ ପ୍ରବଳ ଧୁଆ ଦେଖା ଯାଇଛି,ଗୋଦାମ ଦୁଇରେ ପ୍ରବଳ ଧୂଆଁ ଦେଖାଯାଇଛି,NO,
1787944088883,Redmi Note 9 Pro,12,or,vakyansh_odia_base.int8.onnx,int8,or_14_tactical_4,2.32,CLEAN,3,WARM,690,0.297,100.00,14.29,524.91,524.91,ତମ ଦାମ ଦୁଇରେ ପ୍ରବଳ ଧୁଆ ଦେଖା ଯାଇଛି,ଗୋଦାମ ଦୁଇରେ ପ୍ରବଳ ଧୂଆଁ ଦେଖାଯାଇଛି,NO,
1787944089746,Redmi Note 9 Pro,12,or,vakyansh_odia_base.int8.onnx,int8,or_15_tactical_5,2.46,CLEAN,1,WARM,731,0.297,100.00,35.71,525.52,525.52,ଶିମା ବାରପାଖରେ ସନଦିଧ କଚୁବିଧି,ସୀମା ବାଡ଼ ପାଖରେ ସନ୍ଦିଗ୍ଧ ଗତିବିଧି,NO,
1787944090600,Redmi Note 9 Pro,12,or,vakyansh_odia_base.int8.onnx,int8,or_15_tactical_5,2.46,CLEAN,2,WARM,728,0.296,100.00,35.71,525.83,525.83,ଶିମା ବାରପାଖରେ ସନଦିଧ କଚୁବିଧି,ସୀମା ବାଡ଼ ପାଖରେ ସନ୍ଦିଗ୍ଧ ଗତିବିଧି,NO,
1787944091449,Redmi Note 9 Pro,12,or,vakyansh_odia_base.int8.onnx,int8,or_15_tactical_5,2.46,CLEAN,3,WARM,741,0.301,100.00,35.71,523.32,523.32,ଶିମା ବାରପାଖରେ ସନଦିଧ କଚୁବିଧି,ସୀମା ବାଡ଼ ପାଖରେ ସନ୍ଦିଗ୍ଧ ଗତିବିଧି,NO,
1787944093022,Redmi Note 9 Pro,12,or,vakyansh_odia_base.int8.onnx,int8,or_16_coords_1,4.91,CLEAN,1,WARM,1453,0.296,100.00,38.10,524.48,524.48,ଶକ୍ୟାନସ ପାର ଦଶମୀକ ପାଞ୍ଚଦେ ହିମା ଶସ୍ତରେ ଜଷମିକଛା,ଅକ୍ଷାଂଶ ବାର ଦଶମିକ ପାଞ୍ଚ ଦ୍ରାଘିମା ସତସ୍ତରୀ ଦଶମିକ ଛଅ,NO,
1787944094584,Redmi Note 9 Pro,12,or,vakyansh_odia_base.int8.onnx,int8,or_16_coords_1,4.91,CLEAN,2,WARM,1449,0.295,100.00,38.10,525.20,525.20,ଶକ୍ୟାନସ ପାର ଦଶମୀକ ପାଞ୍ଚଦେ ହିମା ଶସ୍ତରେ ଜଷମିକଛା,ଅକ୍ଷାଂଶ ବାର ଦଶମିକ ପାଞ୍ଚ ଦ୍ରାଘିମା ସତସ୍ତରୀ ଦଶମିକ ଛଅ,NO,
1787944096164,Redmi Note 9 Pro,12,or,vakyansh_odia_base.int8.onnx,int8,or_16_coords_1,4.91,CLEAN,3,WARM,1462,0.298,100.00,38.10,524.05,525.23,ଶକ୍ୟାନସ ପାର ଦଶମୀକ ପାଞ୍ଚଦେ ହିମା ଶସ୍ତରେ ଜଷମିକଛା,ଅକ୍ଷାଂଶ ବାର ଦଶମିକ ପାଞ୍ଚ ଦ୍ରାଘିମା ସତସ୍ତରୀ ଦଶମିକ ଛଅ,NO,
1787944097040,Redmi Note 9 Pro,12,or,vakyansh_odia_base.int8.onnx,int8,or_17_coords_2,2.52,CLEAN,1,WARM,746,0.296,120.00,31.03,524.67,524.67,କେକ ପାଇଣ୍ଟ ଟେଲାତା ଉଚ୍ଚଥା ତିଲିଶହ ମିଟ,ଚେକପଏଣ୍ଟ ଡେଲଟା ଉଚ୍ଚତା ତିନିଶହ ମିଟର,NO,
1787944097888,Redmi Note 9 Pro,12,or,vakyansh_odia_base.int8.onnx,int8,or_17_coords_2,2.52,CLEAN,2,WARM,741,0.294,120.00,31.03,525.10,525.10,କେକ ପାଇଣ୍ଟ ଟେଲାତା ଉଚ୍ଚଥା ତିଲିଶହ ମିଟ,ଚେକପଏଣ୍ଟ ଡେଲଟା ଉଚ୍ଚତା ତିନିଶହ ମିଟର,NO,
1787944098690,Redmi Note 9 Pro,12,or,vakyansh_odia_base.int8.onnx,int8,or_17_coords_2,2.52,CLEAN,3,WARM,692,0.275,120.00,31.03,523.34,525.13,କେକ ପାଇଣ୍ଟ ଟେଲାତା ଉଚ୍ଚଥା ତିଲିଶହ ମିଟ,ଚେକପଏଣ୍ଟ ଡେଲଟା ଉଚ୍ଚତା ତିନିଶହ ମିଟର,NO,
1787944099508,Redmi Note 9 Pro,12,or,vakyansh_odia_base.int8.onnx,int8,or_18_coords_3,2.56,CLEAN,1,WARM,710,0.277,100.00,38.71,523.97,523.97,ବିଲୁଣିଙ ଜାରିବି ମୋ ନମ୍ମବର ଠେଇସ ସୁରକଖିତ,ବିଲଡିଂ ଚାରି ରୁମ ନମ୍ବର ଅଠେଇଶ ସୁରକ୍ଷିତ,NO,
1787944100318,Redmi Note 9 Pro,12,or,vakyansh_odia_base.int8.onnx,int8,or_18_coords_3,2.56,CLEAN,2,WARM,700,0.273,100.00,38.71,524.36,524.36,ବିଲୁଣିଙ ଜାରିବି ମୋ ନମ୍ମବର ଠେଇସ ସୁରକଖିତ,ବିଲଡିଂ ଚାରି ରୁମ ନମ୍ବର ଅଠେଇଶ ସୁରକ୍ଷିତ,NO,
1787944101138,Redmi Note 9 Pro,12,or,vakyansh_odia_base.int8.onnx,int8,or_18_coords_3,2.56,CLEAN,3,WARM,701,0.274,100.00,38.71,524.76,524.76,ବିଲୁଣିଙ ଜାରିବି ମୋ ନମ୍ମବର ଠେଇସ ସୁରକଖିତ,ବିଲଡିଂ ଚାରି ରୁମ ନମ୍ବର ଅଠେଇଶ ସୁରକ୍ଷିତ,NO,
1787944102139,Redmi Note 9 Pro,12,or,vakyansh_odia_base.int8.onnx,int8,or_19_coords_4,3.25,CLEAN,1,WARM,888,0.273,71.43,21.62,525.55,525.55,ପଛି ତିରିଶ କିଲୋ ମିଟର ଘଣ୍ଟା ପତି ଦଖିଳ ଦିଗକୁ,ଗତି ତିରିଶ କିଲୋମିଟର ଘଣ୍ଟା ପ୍ରତି ଦକ୍ଷିଣ ଦିଗକୁ,NO,
1787944103124,Redmi Note 9 Pro,12,or,vakyansh_odia_base.int8.onnx,int8,or_19_coords_4,3.25,CLEAN,2,WARM,882,0.271,71.43,21.62,526.17,526.17,ପଛି ତିରିଶ କିଲୋ ମିଟର ଘଣ୍ଟା ପତି ଦଖିଳ ଦିଗକୁ,ଗତି ତିରିଶ କିଲୋମିଟର ଘଣ୍ଟା ପ୍ରତି ଦକ୍ଷିଣ ଦିଗକୁ,NO,
1787944104023,Redmi Note 9 Pro,12,or,vakyansh_odia_base.int8.onnx,int8,or_19_coords_4,3.25,CLEAN,3,WARM,808,0.249,71.43,21.62,524.10,524.10,ପଛି ତିରିଶ କିଲୋ ମିଟର ଘଣ୍ଟା ପତି ଦଖିଳ ଦିଗକୁ,ଗତି ତିରିଶ କିଲୋମିଟର ଘଣ୍ଟା ପ୍ରତି ଦକ୍ଷିଣ ଦିଗକୁ,NO,
1787944104756,Redmi Note 9 Pro,12,or,vakyansh_odia_base.int8.onnx,int8,or_20_coords_5,2.51,CLEAN,1,WARM,626,0.249,100.00,36.67,524.98,524.98,ସରିଲେ ତାର ପାଞ୍ଚ ଶୀଭନା ର ଅସି ପ୍ରତିଶ,ରିଲେ ଟାୱାର ପାଞ୍ଚ ସିଗନାଲ ଅଶୀ ପ୍ରତିଶତ,NO,
1787944105474,Redmi Note 9 Pro,12,or,vakyansh_odia_base.int8.onnx,int8,or_20_coords_5,2.51,CLEAN,2,WARM,622,0.248,100.00,36.67,525.35,525.35,ସରିଲେ ତାର ପାଞ୍ଚ ଶୀଭନା ର ଅସି ପ୍ରତିଶ,ରିଲେ ଟାୱାର ପାଞ୍ଚ ସିଗନାଲ ଅଶୀ ପ୍ରତିଶତ,NO,
1787944106208,Redmi Note 9 Pro,12,or,vakyansh_odia_base.int8.onnx,int8,or_20_coords_5,2.51,CLEAN,3,WARM,633,0.252,100.00,36.67,525.74,525.74,ସରିଲେ ତାର ପାଞ୍ଚ ଶୀଭନା ର ଅସି ପ୍ରତିଶ,ରିଲେ ଟାୱାର ପାଞ୍ଚ ସିଗନାଲ ଅଶୀ ପ୍ରତିଶତ,NO,
1787944108957,Redmi Note 9 Pro,12,or,vakyansh_odia_base.int8.onnx,int8,or_21_long_tactical_1,9.61,CLEAN,1,WARM,2639,0.275,70.59,23.71,596.47,596.47,ପ୍ରକଭୟ ଆନ ଫ ଏକ ବେଶ ବ୍ଭକୁ ଜଣାଉଛି ଗ୍ରିର ସମନ ବଳାଣିଶ ପାଖରେ ପଜିମ ବାଡ ଭାମ୍ବି ଯାଇଛି ତୁରନ୍ତ ଚିକିତ୍ସା ସାହାଯ୍ୟ ଆବଶ୍ୟକ,କନଭୟ ଆଲଫା ଏକ ବେସ ବ୍ରାଭୋକୁ ଜଣାଉଛି ଗ୍ରୀଡ ସମନ୍ୱୟ ବୟାଳିଶ ପାଖରେ ପଶ୍ଚିମ ବାଡ଼ ଭାଙ୍ଗିଯାଇଛି ତୁରନ୍ତ ଚିକିତ୍ସା ସାହାଯ୍ୟ ଆବଶ୍ୟକ,NO,
1787944112125,Redmi Note 9 Pro,12,or,vakyansh_odia_base.int8.onnx,int8,or_21_long_tactical_1,9.61,CLEAN,2,WARM,3039,0.316,70.59,23.71,717.76,717.76,ପ୍ରକଭୟ ଆନ ଫ ଏକ ବେଶ ବ୍ଭକୁ ଜଣାଉଛି ଗ୍ରିର ସମନ ବଳାଣିଶ ପାଖରେ ପଜିମ ବାଡ ଭାମ୍ବି ଯାଇଛି ତୁରନ୍ତ ଚିକିତ୍ସା ସାହାଯ୍ୟ ଆବଶ୍ୟକ,କନଭୟ ଆଲଫା ଏକ ବେସ ବ୍ରାଭୋକୁ ଜଣାଉଛି ଗ୍ରୀଡ ସମନ୍ୱୟ ବୟାଳିଶ ପାଖରେ ପଶ୍ଚିମ ବାଡ଼ ଭାଙ୍ଗିଯାଇଛି ତୁରନ୍ତ ଚିକିତ୍ସା ସାହାଯ୍ୟ ଆବଶ୍ୟକ,NO,
1787944115230,Redmi Note 9 Pro,12,or,vakyansh_odia_base.int8.onnx,int8,or_21_long_tactical_1,9.61,CLEAN,3,WARM,2982,0.310,70.59,23.71,719.15,719.15,ପ୍ରକଭୟ ଆନ ଫ ଏକ ବେଶ ବ୍ଭକୁ ଜଣାଉଛି ଗ୍ରିର ସମନ ବଳାଣିଶ ପାଖରେ ପଜିମ ବାଡ ଭାମ୍ବି ଯାଇଛି ତୁରନ୍ତ ଚିକିତ୍ସା ସାହାଯ୍ୟ ଆବଶ୍ୟକ,କନଭୟ ଆଲଫା ଏକ ବେସ ବ୍ରାଭୋକୁ ଜଣାଉଛି ଗ୍ରୀଡ ସମନ୍ୱୟ ବୟାଳିଶ ପାଖରେ ପଶ୍ଚିମ ବାଡ଼ ଭାଙ୍ଗିଯାଇଛି ତୁରନ୍ତ ଚିକିତ୍ସା ସାହାଯ୍ୟ ଆବଶ୍ୟକ,NO,
1787944117983,Redmi Note 9 Pro,12,or,vakyansh_odia_base.int8.onnx,int8,or_22_long_tactical_2,8.53,CLEAN,1,WARM,2613,0.306,93.75,18.18,716.81,720.04,ଟେସନ ଡେଲଟା ନିସ୍ଚିତ କରୁଛି ସେଟର ତିନ ରେ ପମଳ ଜାନସ୍ତର ତିରିଶ ପ୍ରତୀଶକୁ ଖସି ଆସିଛି ସମସ୍ତ କର୍ମ ଚାରି ଦଖଣ ବେଟକୁ ାନ୍ତୁ,ଷ୍ଟେସନ ଡେଲଟା ନିଶ୍ଚିତ କରୁଛି ସେକ୍ଟର ତିନିରେ ଅମ୍ଳଜାନ ସ୍ତର ତିରିଶ ପ୍ରତିଶତକୁ ଖସିଆସିଛି ସମସ୍ତ କର୍ମଚାରୀ ଦକ୍ଷିଣ ଗେଟକୁ ଯାଆନ୍ତୁ,NO,
1787944120544,Redmi Note 9 Pro,12,or,vakyansh_odia_base.int8.onnx,int8,or_22_long_tactical_2,8.53,CLEAN,2,WARM,2443,0.286,93.75,18.18,718.05,718.05,ଟେସନ ଡେଲଟା ନିସ୍ଚିତ କରୁଛି ସେଟର ତିନ ରେ ପମଳ ଜାନସ୍ତର ତିରିଶ ପ୍ରତୀଶକୁ ଖସି ଆସିଛି ସମସ୍ତ କର୍ମ ଚାରି ଦଖଣ ବେଟକୁ ାନ୍ତୁ,ଷ୍ଟେସନ ଡେଲଟା ନିଶ୍ଚିତ କରୁଛି ସେକ୍ଟର ତିନିରେ ଅମ୍ଳଜାନ ସ୍ତର ତିରିଶ ପ୍ରତିଶତକୁ ଖସିଆସିଛି ସମସ୍ତ କର୍ମଚାରୀ ଦକ୍ଷିଣ ଗେଟକୁ ଯାଆନ୍ତୁ,NO,
1787944123068,Redmi Note 9 Pro,12,or,vakyansh_odia_base.int8.onnx,int8,or_22_long_tactical_2,8.53,CLEAN,3,WARM,2413,0.283,93.75,18.18,716.91,718.13,ଟେସନ ଡେଲଟା ନିସ୍ଚିତ କରୁଛି ସେଟର ତିନ ରେ ପମଳ ଜାନସ୍ତର ତିରିଶ ପ୍ରତୀଶକୁ ଖସି ଆସିଛି ସମସ୍ତ କର୍ମ ଚାରି ଦଖଣ ବେଟକୁ ାନ୍ତୁ,ଷ୍ଟେସନ ଡେଲଟା ନିଶ୍ଚିତ କରୁଛି ସେକ୍ଟର ତିନିରେ ଅମ୍ଳଜାନ ସ୍ତର ତିରିଶ ପ୍ରତିଶତକୁ ଖସିଆସିଛି ସମସ୍ତ କର୍ମଚାରୀ ଦକ୍ଷିଣ ଗେଟକୁ ଯାଆନ୍ତୁ,NO,
1787944125226,Redmi Note 9 Pro,12,or,vakyansh_odia_base.int8.onnx,int8,or_23_long_tactical_3,7.88,CLEAN,1,WARM,2040,0.259,70.59,24.72,718.78,718.78,ସନଧାନ ଧାରକାରିଦ ବାର ଭନୋ ପ୍ରଭାବିତ ଅଞ୍ଚଳକୁ ଯାଉଛି ଜଳସ୍ତର ଦୁ ମିଟ ବୁଦଧ୍ୁ ପାଇଛି ରମ୍ଗାର ମୁତଲୁ କରା ଯାଛି,ସନ୍ଧାନ ଓ ଉଦ୍ଧାରକାରୀ ଦଳ ବାର ବନ୍ୟା ପ୍ରଭାବିତ ଅଞ୍ଚଳକୁ ଯାଉଛି ଜଳସ୍ତର ଦୁଇ ମିଟର ବୃଦ୍ଧି ପାଇଛି ଡଙ୍ଗା ମୁତୟନ କରାଯାଇଛି,NO,
1787944127368,Redmi Note 9 Pro,12,or,vakyansh_odia_base.int8.onnx,int8,or_23_long_tactical_3,7.88,CLEAN,2,WARM,2041,0.259,70.59,24.72,715.77,718.85,ସନଧାନ ଧାରକାରିଦ ବାର ଭନୋ ପ୍ରଭାବିତ ଅଞ୍ଚଳକୁ ଯାଉଛି ଜଳସ୍ତର ଦୁ ମିଟ ବୁଦଧ୍ୁ ପାଇଛି ରମ୍ଗାର ମୁତଲୁ କରା ଯାଛି,ସନ୍ଧାନ ଓ ଉଦ୍ଧାରକାରୀ ଦଳ ବାର ବନ୍ୟା ପ୍ରଭାବିତ ଅଞ୍ଚଳକୁ ଯାଉଛି ଜଳସ୍ତର ଦୁଇ ମିଟର ବୃଦ୍ଧି ପାଇଛି ଡଙ୍ଗା ମୁତୟନ କରାଯାଇଛି,NO,
1787944129666,Redmi Note 9 Pro,12,or,vakyansh_odia_base.int8.onnx,int8,or_23_long_tactical_3,7.88,CLEAN,3,WARM,2193,0.278,70.59,24.72,716.93,716.93,ସନଧାନ ଧାରକାରିଦ ବାର ଭନୋ ପ୍ରଭାବିତ ଅଞ୍ଚଳକୁ ଯାଉଛି ଜଳସ୍ତର ଦୁ ମିଟ ବୁଦଧ୍ୁ ପାଇଛି ରମ୍ଗାର ମୁତଲୁ କରା ଯାଛି,ସନ୍ଧାନ ଓ ଉଦ୍ଧାରକାରୀ ଦଳ ବାର ବନ୍ୟା ପ୍ରଭାବିତ ଅଞ୍ଚଳକୁ ଯାଉଛି ଜଳସ୍ତର ଦୁଇ ମିଟର ବୃଦ୍ଧି ପାଇଛି ଡଙ୍ଗା ମୁତୟନ କରାଯାଇଛି,NO,
1787944131977,Redmi Note 9 Pro,12,or,vakyansh_odia_base.int8.onnx,int8,or_24_long_tactical_4,7.66,CLEAN,1,WARM,2178,0.284,80.00,12.79,718.81,720.94,ଜଲୁରୀ ସତରକତା ଉପକଳ ସେକ୍ଟର ସାତରେ ଭିଷଣ ଝର ମାଢି ଆସୁଛି ପବନ ର ବେଗ ସତୂରୀ କିଲୋମିଟର ସମସ୍ତେ ଶୁରକ୍ଷିତରୁହନ୍ତୁ,ଜରୁରୀ ସତର୍କତା ଉପକୂଳ ସେକ୍ଟର ସାତରେ ଭୀଷଣ ଝଡ଼ ମାଡ଼ିଆସୁଛି ପବନର ବେଗ ସତୁରି କିଲୋମିଟର ସମସ୍ତେ ସୁରକ୍ଷିତ ରୁହନ୍ତୁ,NO,
1787944134138,Redmi Note 9 Pro,12,or,vakyansh_odia_base.int8.onnx,int8,or_24_long_tactical_4,7.66,CLEAN,2,WARM,2051,0.268,80.00,12.79,717.38,718.88,ଜଲୁରୀ ସତରକତା ଉପକଳ ସେକ୍ଟର ସାତରେ ଭିଷଣ ଝର ମାଢି ଆସୁଛି ପବନ ର ବେଗ ସତୂରୀ କିଲୋମିଟର ସମସ୍ତେ ଶୁରକ୍ଷିତରୁହନ୍ତୁ,ଜରୁରୀ ସତର୍କତା ଉପକୂଳ ସେକ୍ଟର ସାତରେ ଭୀଷଣ ଝଡ଼ ମାଡ଼ିଆସୁଛି ପବନର ବେଗ ସତୁରି କିଲୋମିଟର ସମସ୍ତେ ସୁରକ୍ଷିତ ରୁହନ୍ତୁ,NO,
1787944136231,Redmi Note 9 Pro,12,or,vakyansh_odia_base.int8.onnx,int8,or_24_long_tactical_4,7.66,CLEAN,3,WARM,1985,0.259,80.00,12.79,718.49,718.49,ଜଲୁରୀ ସତରକତା ଉପକଳ ସେକ୍ଟର ସାତରେ ଭିଷଣ ଝର ମାଢି ଆସୁଛି ପବନ ର ବେଗ ସତୂରୀ କିଲୋମିଟର ସମସ୍ତେ ଶୁରକ୍ଷିତରୁହନ୍ତୁ,ଜରୁରୀ ସତର୍କତା ଉପକୂଳ ସେକ୍ଟର ସାତରେ ଭୀଷଣ ଝଡ଼ ମାଡ଼ିଆସୁଛି ପବନର ବେଗ ସତୁରି କିଲୋମିଟର ସମସ୍ତେ ସୁରକ୍ଷିତ ରୁହନ୍ତୁ,NO,
1787944138266,Redmi Note 9 Pro,12,or,vakyansh_odia_base.int8.onnx,int8,or_25_long_tactical_5,7.38,CLEAN,1,WARM,1913,0.259,87.50,19.78,715.75,719.24,କମାଣ୍ଡସେନ୍ତର ସମସ୍ତ ପାତରଲି ତଳକୁ ପସ୍ଚିମ ରାଜ ପଥ ଛ ଚାରିକୁ ଯିବାକୁ ଏବଂ ଦେଲି ଯୋଗା ଯୋଗ ରଖିବାକୁ ନିର ଦେଷ ଦେହୁଛି,କମାଣ୍ଡ ସେଣ୍ଟର ସମସ୍ତ ପାଟ୍ରୋଲିଂ ଦଳକୁ ପଶ୍ଚିମ ରାଜପଥ ଛକ ଚାରିକୁ ଯିବାକୁ ଏବଂ ରେଡିଓ ଯୋଗାଯୋଗ ରଖିବାକୁ ନିର୍ଦ୍ଦେଶ ଦେଉଛି,YES,
1787944140467,Redmi Note 9 Pro,12,or,vakyansh_odia_base.int8.onnx,int8,or_25_long_tactical_5,7.38,CLEAN,2,WARM,2084,0.282,87.50,19.78,716.80,716.80,କମାଣ୍ଡସେନ୍ତର ସମସ୍ତ ପାତରଲି ତଳକୁ ପସ୍ଚିମ ରାଜ ପଥ ଛ ଚାରିକୁ ଯିବାକୁ ଏବଂ ଦେଲି ଯୋଗା ଯୋଗ ରଖିବାକୁ ନିର ଦେଷ ଦେହୁଛି,କମାଣ୍ଡ ସେଣ୍ଟର ସମସ୍ତ ପାଟ୍ରୋଲିଂ ଦଳକୁ ପଶ୍ଚିମ ରାଜପଥ ଛକ ଚାରିକୁ ଯିବାକୁ ଏବଂ ରେଡିଓ ଯୋଗାଯୋଗ ରଖିବାକୁ ନିର୍ଦ୍ଦେଶ ଦେଉଛି,YES,
1787944143021,Redmi Note 9 Pro,12,or,vakyansh_odia_base.int8.onnx,int8,or_25_long_tactical_5,7.38,CLEAN,3,WARM,2432,0.330,87.50,19.78,717.79,717.79,କମାଣ୍ଡସେନ୍ତର ସମସ୍ତ ପାତରଲି ତଳକୁ ପସ୍ଚିମ ରାଜ ପଥ ଛ ଚାରିକୁ ଯିବାକୁ ଏବଂ ଦେଲି ଯୋଗା ଯୋଗ ରଖିବାକୁ ନିର ଦେଷ ଦେହୁଛି,କମାଣ୍ଡ ସେଣ୍ଟର ସମସ୍ତ ପାଟ୍ରୋଲିଂ ଦଳକୁ ପଶ୍ଚିମ ରାଜପଥ ଛକ ଚାରିକୁ ଯିବାକୁ ଏବଂ ରେଡିଓ ଯୋଗାଯୋଗ ରଖିବାକୁ ନିର୍ଦ୍ଦେଶ ଦେଉଛି,YES,
1787944145440,Redmi Note 9 Pro,12,or,vakyansh_odia_base.int8.onnx,int8,or_26_long_tactical_6,7.53,CLEAN,1,WARM,2281,0.303,60.00,15.12,717.16,718.56,ଟ୍ରାକ୍ତରୀ ସାହାଯ୍ୟ ଅଭୟ ରିଲିଫଶିଭିର ନରେ ପହଞ୍ଜିଛି ଖାଦ୍ୟ ଏବଂ ପ୍ରାଥମୀକ ଚିକିତ୍ସା ସାମଗ୍ରୀ ବନ୍ଟମା ଆରମ୍ଭ ହେଇଛି,ଡାକ୍ତରୀ ସାହାଯ୍ୟ କନଭୟ ରିଲିଫ ଶିବିର ନଅରେ ପହଞ୍ଚିଛି ଖାଦ୍ୟ ଏବଂ ପ୍ରାଥମିକ ଚିକିତ୍ସା ସାମଗ୍ରୀ ବଣ୍ଟନ ଆରମ୍ଭ ହୋଇଛି,NO,
1787944147871,Redmi Note 9 Pro,12,or,vakyansh_odia_base.int8.onnx,int8,or_26_long_tactical_6,7.53,CLEAN,2,WARM,2296,0.305,60.00,15.12,718.23,718.23,ଟ୍ରାକ୍ତରୀ ସାହାଯ୍ୟ ଅଭୟ ରିଲିଫଶିଭିର ନରେ ପହଞ୍ଜିଛି ଖାଦ୍ୟ ଏବଂ ପ୍ରାଥମୀକ ଚିକିତ୍ସା ସାମଗ୍ରୀ ବନ୍ଟମା ଆରମ୍ଭ ହେଇଛି,ଡାକ୍ତରୀ ସାହାଯ୍ୟ କନଭୟ ରିଲିଫ ଶିବିର ନଅରେ ପହଞ୍ଚିଛି ଖାଦ୍ୟ ଏବଂ ପ୍ରାଥମିକ ଚିକିତ୍ସା ସାମଗ୍ରୀ ବଣ୍ଟନ ଆରମ୍ଭ ହୋଇଛି,NO,
1787944150108,Redmi Note 9 Pro,12,or,vakyansh_odia_base.int8.onnx,int8,or_26_long_tactical_6,7.53,CLEAN,3,WARM,2115,0.281,60.00,15.12,715.66,718.29,ଟ୍ରାକ୍ତରୀ ସାହାଯ୍ୟ ଅଭୟ ରିଲିଫଶିଭିର ନରେ ପହଞ୍ଜିଛି ଖାଦ୍ୟ ଏବଂ ପ୍ରାଥମୀକ ଚିକିତ୍ସା ସାମଗ୍ରୀ ବନ୍ଟମା ଆରମ୍ଭ ହେଇଛି,ଡାକ୍ତରୀ ସାହାଯ୍ୟ କନଭୟ ରିଲିଫ ଶିବିର ନଅରେ ପହଞ୍ଚିଛି ଖାଦ୍ୟ ଏବଂ ପ୍ରାଥମିକ ଚିକିତ୍ସା ସାମଗ୍ରୀ ବଣ୍ଟନ ଆରମ୍ଭ ହୋଇଛି,NO,
1787944152260,Redmi Note 9 Pro,12,or,vakyansh_odia_base.int8.onnx,int8,or_27_long_tactical_7,7.16,CLEAN,1,WARM,2015,0.281,80.00,16.47,717.35,717.35,ତରିଲେ ତାର ତିନି ରେ ବିଦ୍ୟୁତ ସହବରା ଅବନ୍ଧ ଥିବା ସୁଚନା ମିଳିଛି ଜେନେରେଟର ଚାନୁ କରି ଯୋଗା ଜଗ ପୁନସ୍ତାପିତ ହେଇଛି,ରିଲେ ଟାୱାର ତିନିରେ ବିଦ୍ୟୁତ ସରବରାହ ବନ୍ଦ ଥିବା ସୂଚନା ମିଳିଛି ଜେନେରେଟର ଚାଲୁ କରି ଯୋଗାଯୋଗ ପୁନଃସ୍ଥାପିତ ହୋଇଛି,NO,
1787944154267,Redmi Note 9 Pro,12,or,vakyansh_odia_base.int8.onnx,int8,or_27_long_tactical_7,7.16,CLEAN,2,WARM,1896,0.265,80.00,16.47,718.41,718.41,ତରିଲେ ତାର ତିନି ରେ ବିଦ୍ୟୁତ ସହବରା ଅବନ୍ଧ ଥିବା ସୁଚନା ମିଳିଛି ଜେନେରେଟର ଚାନୁ କରି ଯୋଗା ଜଗ ପୁନସ୍ତାପିତ ହେଇଛି,ରିଲେ ଟାୱାର ତିନିରେ ବିଦ୍ୟୁତ ସରବରାହ ବନ୍ଦ ଥିବା ସୂଚନା ମିଳିଛି ଜେନେରେଟର ଚାଲୁ କରି ଯୋଗାଯୋଗ ପୁନଃସ୍ଥାପିତ ହୋଇଛି,NO,
1787944156207,Redmi Note 9 Pro,12,or,vakyansh_odia_base.int8.onnx,int8,or_27_long_tactical_7,7.16,CLEAN,3,WARM,1845,0.258,80.00,16.47,717.10,718.48,ତରିଲେ ତାର ତିନି ରେ ବିଦ୍ୟୁତ ସହବରା ଅବନ୍ଧ ଥିବା ସୁଚନା ମିଳିଛି ଜେନେରେଟର ଚାନୁ କରି ଯୋଗା ଜଗ ପୁନସ୍ତାପିତ ହେଇଛି,ରିଲେ ଟାୱାର ତିନିରେ ବିଦ୍ୟୁତ ସରବରାହ ବନ୍ଦ ଥିବା ସୂଚନା ମିଳିଛି ଜେନେରେଟର ଚାଲୁ କରି ଯୋଗାଯୋଗ ପୁନଃସ୍ଥାପିତ ହୋଇଛି,NO,
1787944157829,Redmi Note 9 Pro,12,or,vakyansh_odia_base.int8.onnx,int8,or_28_long_tactical_8,5.89,CLEAN,1,WARM,1510,0.256,53.33,21.62,718.57,718.57,ସମଳ ବ୍ରାବ ଜମାର ରାସ୍ତା ଦେଇ ପଇଣ୍ଟ ପାଞ୍ଚ ଡକୁ ବଡୁଛି କଣସି ଅସୁବିଧା ନାହିଁ ସବୁ ସୁରଷିତ ଅଛି,ଦଳ ବ୍ରାଭୋ ଜଙ୍ଗଲ ରାସ୍ତା ଦେଇ ପଏଣ୍ଟ ପାଞ୍ଚ ଆଡ଼କୁ ବଢ଼ୁଛି କୌଣସି ଅସୁବିଧା ନାହିଁ ସବୁ ସୁରକ୍ଷିତ ଅଛି,NO,
1787944159594,Redmi Note 9 Pro,12,or,vakyansh_odia_base.int8.onnx,int8,or_28_long_tactical_8,5.89,CLEAN,2,WARM,1651,0.280,53.33,21.62,715.40,718.63,ସମଳ ବ୍ରାବ ଜମାର ରାସ୍ତା ଦେଇ ପଇଣ୍ଟ ପାଞ୍ଚ ଡକୁ ବଡୁଛି କଣସି ଅସୁବିଧା ନାହିଁ ସବୁ ସୁରଷିତ ଅଛି,ଦଳ ବ୍ରାଭୋ ଜଙ୍ଗଲ ରାସ୍ତା ଦେଇ ପଏଣ୍ଟ ପାଞ୍ଚ ଆଡ଼କୁ ବଢ଼ୁଛି କୌଣସି ଅସୁବିଧା ନାହିଁ ସବୁ ସୁରକ୍ଷିତ ଅଛି,NO,
1787944161344,Redmi Note 9 Pro,12,or,vakyansh_odia_base.int8.onnx,int8,or_28_long_tactical_8,5.89,CLEAN,3,WARM,1633,0.277,53.33,21.62,716.26,716.26,ସମଳ ବ୍ରାବ ଜମାର ରାସ୍ତା ଦେଇ ପଇଣ୍ଟ ପାଞ୍ଚ ଡକୁ ବଡୁଛି କଣସି ଅସୁବିଧା ନାହିଁ ସବୁ ସୁରଷିତ ଅଛି,ଦଳ ବ୍ରାଭୋ ଜଙ୍ଗଲ ରାସ୍ତା ଦେଇ ପଏଣ୍ଟ ପାଞ୍ଚ ଆଡ଼କୁ ବଢ଼ୁଛି କୌଣସି ଅସୁବିଧା ନାହିଁ ସବୁ ସୁରକ୍ଷିତ ଅଛି,NO,
1787944163929,Redmi Note 9 Pro,12,or,vakyansh_odia_base.int8.onnx,int8,or_29_long_tactical_9,8.00,CLEAN,1,WARM,2452,0.307,93.33,27.16,718.13,718.13,ିନ ଜିନିୟରୀ ଦଳ ନଦି ପରକୁ ଭାରି ଜାନପାଇଁ ବିପ ଜରକ ଘୋଷା କରିଛି ସମସ୍ତ ଯାତାରତର ଉୁର୍ବ ଦିବକୁ ବଦ ହେଯାଇଛି,ଇଞ୍ଜିନିୟରିଂ ଦଳ ନଦୀ ପୋଲକୁ ଭାରୀ ଯାନ ପାଇଁ ବିପଜ୍ଜନକ ଘୋଷଣା କରିଛି ସମସ୍ତ ଯାତାୟାତ ପୂର୍ବ ଦିଗକୁ ବଦଳାଯାଇଛି,NO,
1787944166540,Redmi Note 9 Pro,12,or,vakyansh_odia_base.int8.onnx,int8,or_29_long_tactical_9,8.00,CLEAN,2,WARM,2488,0.311,93.33,27.16,716.99,718.20,ିନ ଜିନିୟରୀ ଦଳ ନଦି ପରକୁ ଭାରି ଜାନପାଇଁ ବିପ ଜରକ ଘୋଷା କରିଛି ସମସ୍ତ ଯାତାରତର ଉୁର୍ବ ଦିବକୁ ବଦ ହେଯାଇଛି,ଇଞ୍ଜିନିୟରିଂ ଦଳ ନଦୀ ପୋଲକୁ ଭାରୀ ଯାନ ପାଇଁ ବିପଜ୍ଜନକ ଘୋଷଣା କରିଛି ସମସ୍ତ ଯାତାୟାତ ପୂର୍ବ ଦିଗକୁ ବଦଳାଯାଇଛି,NO,
1787944169023,Redmi Note 9 Pro,12,or,vakyansh_odia_base.int8.onnx,int8,or_29_long_tactical_9,8.00,CLEAN,3,WARM,2366,0.296,93.33,27.16,718.19,718.19,ିନ ଜିନିୟରୀ ଦଳ ନଦି ପରକୁ ଭାରି ଜାନପାଇଁ ବିପ ଜରକ ଘୋଷା କରିଛି ସମସ୍ତ ଯାତାରତର ଉୁର୍ବ ଦିବକୁ ବଦ ହେଯାଇଛି,ଇଞ୍ଜିନିୟରିଂ ଦଳ ନଦୀ ପୋଲକୁ ଭାରୀ ଯାନ ପାଇଁ ବିପଜ୍ଜନକ ଘୋଷଣା କରିଛି ସମସ୍ତ ଯାତାୟାତ ପୂର୍ବ ଦିଗକୁ ବଦଳାଯାଇଛି,NO,
1787944171277,Redmi Note 9 Pro,12,or,vakyansh_odia_base.int8.onnx,int8,or_30_long_tactical_10,7.59,CLEAN,1,WARM,2120,0.279,68.75,25.27,716.48,716.48,ସମୁକ୍ଷ କାଜାଣା ନିସ୍ଚିତ କରୁଛି ସବୁ ମୁକ୍ୟ ଫାପାକ ସୁରକଷିତ ଅଛି ରାତିରୀ ପାଟରନୀଦଳତୁରନ୍ତ ଦାୟତ୍ତ ଗ୍ରହଣ କରନ୍ତୁ,ମୁଖ୍ୟ କାର୍ଯ୍ୟାଳୟ ନିଶ୍ଚିତ କରୁଛି ସବୁ ମୁଖ୍ୟ ଫାଟକ ସୁରକ୍ଷିତ ଅଛି ରାତ୍ରୀ ପାଟ୍ରୋଲିଂ ଦଳ ତୁରନ୍ତ ଦାୟିତ୍ୱ ଗ୍ରହଣ କରନ୍ତୁ,NO,
1787944173480,Redmi Note 9 Pro,12,or,vakyansh_odia_base.int8.onnx,int8,or_30_long_tactical_10,7.59,CLEAN,2,WARM,2086,0.275,68.75,25.27,716.30,716.54,ସମୁକ୍ଷ କାଜାଣା ନିସ୍ଚିତ କରୁଛି ସବୁ ମୁକ୍ୟ ଫାପାକ ସୁରକଷିତ ଅଛି ରାତିରୀ ପାଟରନୀଦଳତୁରନ୍ତ ଦାୟତ୍ତ ଗ୍ରହଣ କରନ୍ତୁ,ମୁଖ୍ୟ କାର୍ଯ୍ୟାଳୟ ନିଶ୍ଚିତ କରୁଛି ସବୁ ମୁଖ୍ୟ ଫାଟକ ସୁରକ୍ଷିତ ଅଛି ରାତ୍ରୀ ପାଟ୍ରୋଲିଂ ଦଳ ତୁରନ୍ତ ଦାୟିତ୍ୱ ଗ୍ରହଣ କରନ୍ତୁ,NO,
1787944175551,Redmi Note 9 Pro,12,or,vakyansh_odia_base.int8.onnx,int8,or_30_long_tactical_10,7.59,CLEAN,3,WARM,1964,0.259,68.75,25.27,717.42,717.42,ସମୁକ୍ଷ କାଜାଣା ନିସ୍ଚିତ କରୁଛି ସବୁ ମୁକ୍ୟ ଫାପାକ ସୁରକଷିତ ଅଛି ରାତିରୀ ପାଟରନୀଦଳତୁରନ୍ତ ଦାୟତ୍ତ ଗ୍ରହଣ କରନ୍ତୁ,ମୁଖ୍ୟ କାର୍ଯ୍ୟାଳୟ ନିଶ୍ଚିତ କରୁଛି ସବୁ ମୁଖ୍ୟ ଫାଟକ ସୁରକ୍ଷିତ ଅଛି ରାତ୍ରୀ ପାଟ୍ରୋଲିଂ ଦଳ ତୁରନ୍ତ ଦାୟିତ୍ୱ ଗ୍ରହଣ କରନ୍ତୁ,NO,
1787944179707,Redmi Note 9 Pro,12,or,odia_large.int8.onnx,int8,or_01_normal,3.61,CLEAN,1,COLD,1678,0.464,71.43,26.67,884.97,891.01,ସମସ୍ତ ପାଠଳିନ ଚେକ ପୋଷ୍ଟର ସୁରଖଷତ ଥିବା ସୁଜନା ମିଳିଛି,ସମସ୍ତ ପାଟ୍ରୋଲିଂ ଚେକପୋଷ୍ଟ ସୁରକ୍ଷିତ ଥିବା ସୂଚନା ମିଳିଛି,YES,
1787944181568,Redmi Note 9 Pro,12,or,odia_large.int8.onnx,int8,or_01_normal,3.61,CLEAN,2,WARM,1731,0.479,71.43,26.67,951.42,951.42,ସମସ୍ତ ପାଠଳିନ ଚେକ ପୋଷ୍ଟର ସୁରଖଷତ ଥିବା ସୁଜନା ମିଳିଛି,ସମସ୍ତ ପାଟ୍ରୋଲିଂ ଚେକପୋଷ୍ଟ ସୁରକ୍ଷିତ ଥିବା ସୂଚନା ମିଳିଛି,YES,
1787944183373,Redmi Note 9 Pro,12,or,odia_large.int8.onnx,int8,or_01_normal,3.61,CLEAN,3,WARM,1699,0.470,71.43,26.67,951.86,951.86,ସମସ୍ତ ପାଠଳିନ ଚେକ ପୋଷ୍ଟର ସୁରଖଷତ ଥିବା ସୁଜନା ମିଳିଛି,ସମସ୍ତ ପାଟ୍ରୋଲିଂ ଚେକପୋଷ୍ଟ ସୁରକ୍ଷିତ ଥିବା ସୂଚନା ମିଳିଛି,YES,
1787944183789,Redmi Note 9 Pro,12,or,odia_large.int8.onnx,int8,or_02_short,0.64,CLEAN,1,WARM,303,0.471,100.00,66.67,952.08,952.08,ପଲର ବେଷି,ରଜର ବେସ,NO,
1787944184193,Redmi Note 9 Pro,12,or,odia_large.int8.onnx,int8,or_02_short,0.64,CLEAN,2,WARM,300,0.466,100.00,66.67,952.23,952.23,ପଲର ବେଷି,ରଜର ବେସ,NO,
1787944184600,Redmi Note 9 Pro,12,or,odia_large.int8.onnx,int8,or_02_short,0.64,CLEAN,3,WARM,301,0.468,100.00,66.67,952.36,952.36,ପଲର ବେଷି,ରଜର ବେସ,NO,
1787944187948,Redmi Note 9 Pro,12,or,odia_large.int8.onnx,int8,or_03_long,6.24,CLEAN,1,WARM,3226,0.517,61.54,15.52,954.05,954.05,ପାମର ଦଳ ପଷ୍ଚିମ ରାଜ ପଥ ଦେଇ ଜଙ୍କସନ ସାତ ଆକୁ ସାଧାରଣ ନିଅମ କନୁଯାିଁ ଆଗକୁ ବଳୁଛି,ଆମର ଦଳ ପଶ୍ଚିମ ରାଜପଥ ଦେଇ ଜଙ୍କସନ ସାତ ଆଡକୁ ସାଧାରଣ ନିୟମ ଅନୁଯାୟୀ ଆଗକୁ ବଢୁଛି,NO,
1787944191526,Redmi Note 9 Pro,12,or,odia_large.int8.onnx,int8,or_03_long,6.24,CLEAN,2,WARM,3445,0.552,61.54,15.52,1001.72,1001.72,ପାମର ଦଳ ପଷ୍ଚିମ ରାଜ ପଥ ଦେଇ ଜଙ୍କସନ ସାତ ଆକୁ ସାଧାରଣ ନିଅମ କନୁଯାିଁ ଆଗକୁ ବଳୁଛି,ଆମର ଦଳ ପଶ୍ଚିମ ରାଜପଥ ଦେଇ ଜଙ୍କସନ ସାତ ଆଡକୁ ସାଧାରଣ ନିୟମ ଅନୁଯାୟୀ ଆଗକୁ ବଢୁଛି,NO,
1787944195277,Redmi Note 9 Pro,12,or,odia_large.int8.onnx,int8,or_03_long,6.24,CLEAN,3,WARM,3614,0.580,61.54,15.52,1002.61,1002.61,ପାମର ଦଳ ପଷ୍ଚିମ ରାଜ ପଥ ଦେଇ ଜଙ୍କସନ ସାତ ଆକୁ ସାଧାରଣ ନିଅମ କନୁଯାିଁ ଆଗକୁ ବଳୁଛି,ଆମର ଦଳ ପଶ୍ଚିମ ରାଜପଥ ଦେଇ ଜଙ୍କସନ ସାତ ଆଡକୁ ସାଧାରଣ ନିୟମ ଅନୁଯାୟୀ ଆଗକୁ ବଢୁଛି,NO,
1787944197760,Redmi Note 9 Pro,12,or,odia_large.int8.onnx,int8,or_04_numbers,4.11,CLEAN,1,WARM,2329,0.566,60.00,20.00,1000.43,1003.05,ତରରେ ବାର ଜଣ ଶ୍ତସେୟ ଅଛନ୍ତି ଏବଂ ବ୍ୟାଠ ହେଇ ପଞ୍ଚ ସ୍ତରୀ ପ୍ରତିଶତ ଅଛି,ଦଳରେ ବାର ଜଣ ସଦସ୍ୟ ଅଛନ୍ତି ଏବଂ ବ୍ୟାଟେରୀ ପଞ୍ଚସ୍ତରୀ ପ୍ରତିଶତ ଅଛି,NO,
1787944200044,Redmi Note 9 Pro,12,or,odia_large.int8.onnx,int8,or_04_numbers,4.11,CLEAN,2,WARM,2141,0.520,60.00,20.00,1001.07,1001.07,ତରରେ ବାର ଜଣ ଶ୍ତସେୟ ଅଛନ୍ତି ଏବଂ ବ୍ୟାଠ ହେଇ ପଞ୍ଚ ସ୍ତରୀ ପ୍ରତିଶତ ଅଛି,ଦଳରେ ବାର ଜଣ ସଦସ୍ୟ ଅଛନ୍ତି ଏବଂ ବ୍ୟାଟେରୀ ପଞ୍ଚସ୍ତରୀ ପ୍ରତିଶତ ଅଛି,NO,
1787944202295,Redmi Note 9 Pro,12,or,odia_large.int8.onnx,int8,or_04_numbers,4.11,CLEAN,3,WARM,2116,0.514,60.00,20.00,1001.66,1001.66,ତରରେ ବାର ଜଣ ଶ୍ତସେୟ ଅଛନ୍ତି ଏବଂ ବ୍ୟାଠ ହେଇ ପଞ୍ଚ ସ୍ତରୀ ପ୍ରତିଶତ ଅଛି,ଦଳରେ ବାର ଜଣ ସଦସ୍ୟ ଅଛନ୍ତି ଏବଂ ବ୍ୟାଟେରୀ ପଞ୍ଚସ୍ତରୀ ପ୍ରତିଶତ ଅଛି,NO,
1787944204515,Redmi Note 9 Pro,12,or,odia_large.int8.onnx,int8,or_05_location,4.20,CLEAN,1,WARM,2092,0.498,62.50,13.95,1002.72,1002.72,ସ୍ଟେସନ ଆଲଫା ମୁଖ୍ଷ ଘାଟ କରୁ ପଚାଶ ମିଟର ଉତ୍ତରଲିର ଅବସ୍ଥିତ,ଷ୍ଟେସନ ଆଲଫା ମୁଖ୍ୟ ଫାଟକରୁ ପଚାଶ ମିଟର ଉତ୍ତରରେ ଅବସ୍ଥିତ,NO,
1787944206657,Redmi Note 9 Pro,12,or,odia_large.int8.onnx,int8,or_05_location,4.20,CLEAN,2,WARM,2025,0.482,62.50,13.95,1003.31,1003.31,ସ୍ଟେସନ ଆଲଫା ମୁଖ୍ଷ ଘାଟ କରୁ ପଚାଶ ମିଟର ଉତ୍ତରଲିର ଅବସ୍ଥିତ,ଷ୍ଟେସନ ଆଲଫା ମୁଖ୍ୟ ଫାଟକରୁ ପଚାଶ ମିଟର ଉତ୍ତରରେ ଅବସ୍ଥିତ,NO,
1787944208898,Redmi Note 9 Pro,12,or,odia_large.int8.onnx,int8,or_05_location,4.20,CLEAN,3,WARM,2113,0.503,62.50,13.95,1001.36,1003.36,ସ୍ଟେସନ ଆଲଫା ମୁଖ୍ଷ ଘାଟ କରୁ ପଚାଶ ମିଟର ଉତ୍ତରଲିର ଅବସ୍ଥିତ,ଷ୍ଟେସନ ଆଲଫା ମୁଖ୍ୟ ଫାଟକରୁ ପଚାଶ ମିଟର ଉତ୍ତରରେ ଅବସ୍ଥିତ,NO,
1787944211044,Redmi Note 9 Pro,12,or,odia_large.int8.onnx,int8,or_06_emergency,3.87,CLEAN,1,WARM,2010,0.519,42.86,10.64,1002.36,1002.36,ଜଅଣୁରୀି କାଳିନ ଚେତାବନୀ ସେକ୍ଟର ଚାଣିରେ ତୁରନ୍ତ ସହାୟତା ଆବଶ୍ୟକ,ଜରୁରୀକାଳୀନ ଚେତାବନୀ ସେକ୍ଟର ଚାରିରେ ତୁରନ୍ତ ସହାୟତା ଆବଶ୍ୟକ,NO,
1787944213165,Redmi Note 9 Pro,12,or,odia_large.int8.onnx,int8,or_06_emergency,3.87,CLEAN,2,WARM,1997,0.516,42.86,10.64,1002.94,1002.94,ଜଅଣୁରୀି କାଳିନ ଚେତାବନୀ ସେକ୍ଟର ଚାଣିରେ ତୁରନ୍ତ ସହାୟତା ଆବଶ୍ୟକ,ଜରୁରୀକାଳୀନ ଚେତାବନୀ ସେକ୍ଟର ଚାରିରେ ତୁରନ୍ତ ସହାୟତା ଆବଶ୍ୟକ,NO,
1787944215132,Redmi Note 9 Pro,12,or,odia_large.int8.onnx,int8,or_06_emergency,3.87,CLEAN,3,WARM,1853,0.479,42.86,10.64,1000.46,1002.98,ଜଅଣୁରୀି କାଳିନ ଚେତାବନୀ ସେକ୍ଟର ଚାଣିରେ ତୁରନ୍ତ ସହାୟତା ଆବଶ୍ୟକ,ଜରୁରୀକାଳୀନ ଚେତାବନୀ ସେକ୍ଟର ଚାରିରେ ତୁରନ୍ତ ସହାୟତା ଆବଶ୍ୟକ,NO,
1787944216800,Redmi Note 9 Pro,12,or,odia_large.int8.onnx,int8,or_07_radio,3.30,CLEAN,1,WARM,1548,0.469,87.50,29.73,1001.30,1001.30,ତରେିରିଓ ଯାଞ୍ଚଟାଆପଣ ମୋ ଶୁର ଶୁଣି ପାରୁଛନ୍ତି କି ପୁଘର,ରେଡିଓ ଯାଞ୍ଚ ଆପଣ ମୋ ସ୍ୱର ଶୁଣିପାରୁଛନ୍ତି କି ଓଭର,NO,
1787944218514,Redmi Note 9 Pro,12,or,odia_large.int8.onnx,int8,or_07_radio,3.30,CLEAN,2,WARM,1585,0.481,87.50,29.73,1001.79,1001.79,ତରେିରିଓ ଯାଞ୍ଚଟାଆପଣ ମୋ ଶୁର ଶୁଣି ପାରୁଛନ୍ତି କି ପୁଘର,ରେଡିଓ ଯାଞ୍ଚ ଆପଣ ମୋ ସ୍ୱର ଶୁଣିପାରୁଛନ୍ତି କି ଓଭର,NO,
1787944220355,Redmi Note 9 Pro,12,or,odia_large.int8.onnx,int8,or_07_radio,3.30,CLEAN,3,WARM,1703,0.516,87.50,29.73,1002.29,1002.29,ତରେିରିଓ ଯାଞ୍ଚଟାଆପଣ ମୋ ଶୁର ଶୁଣି ପାରୁଛନ୍ତି କି ପୁଘର,ରେଡିଓ ଯାଞ୍ଚ ଆପଣ ମୋ ସ୍ୱର ଶୁଣିପାରୁଛନ୍ତି କି ଓଭର,NO,
1787944222704,Redmi Note 9 Pro,12,or,odia_large.int8.onnx,int8,or_08_punct,3.90,CLEAN,1,WARM,2215,0.568,50.00,10.42,1003.25,1003.25,ସେଇ ସ୍ତାନରେ ରୁହନ୍ତୁ ପରବର୍ତ୍ତି ଆଦେଷ ପାଇଁ ଅପେକ୍ଷା କରନ୍ତୁ,ସେହି ସ୍ଥାନରେ ରୁହନ୍ତୁ ପରବର୍ତ୍ତୀ ଆଦେଶ ପାଇଁ ଅପେକ୍ଷା କରନ୍ତୁ,NO,
1787944224704,Redmi Note 9 Pro,12,or,odia_large.int8.onnx,int8,or_08_punct,3.90,CLEAN,2,WARM,1877,0.481,50.00,10.42,1001.38,1003.30,ସେଇ ସ୍ତାନରେ ରୁହନ୍ତୁ ପରବର୍ତ୍ତି ଆଦେଷ ପାଇଁ ଅପେକ୍ଷା କରନ୍ତୁ,ସେହି ସ୍ଥାନରେ ରୁହନ୍ତୁ ପରବର୍ତ୍ତୀ ଆଦେଶ ପାଇଁ ଅପେକ୍ଷା କରନ୍ତୁ,NO,
1787944226663,Redmi Note 9 Pro,12,or,odia_large.int8.onnx,int8,or_08_punct,3.90,CLEAN,3,WARM,1850,0.474,50.00,10.42,1001.89,1001.89,ସେଇ ସ୍ତାନରେ ରୁହନ୍ତୁ ପରବର୍ତ୍ତି ଆଦେଷ ପାଇଁ ଅପେକ୍ଷା କରନ୍ତୁ,ସେହି ସ୍ଥାନରେ ରୁହନ୍ତୁ ପରବର୍ତ୍ତୀ ଆଦେଶ ପାଇଁ ଅପେକ୍ଷା କରନ୍ତୁ,NO,
1787944228316,Redmi Note 9 Pro,12,or,odia_large.int8.onnx,int8,or_09_proper_nouns,3.18,CLEAN,1,WARM,1521,0.478,57.14,7.32,1002.73,1002.73,ତଳନେତା ବିକ୍ରମ ବେଷରେ କ୍ୟାପଟେନ ସର୍ମାଙ୍କୁ ଭେଟନ୍ତୁ,ଦଳ ନେତା ବିକ୍ରମ ବେସରେ କ୍ୟାପଟେନ ଶର୍ମାଙ୍କୁ ଭେଟନ୍ତୁ,NO,
1787944230086,Redmi Note 9 Pro,12,or,odia_large.int8.onnx,int8,or_09_proper_nouns,3.18,CLEAN,2,WARM,1631,0.512,57.14,7.32,1003.21,1003.21,ତଳନେତା ବିକ୍ରମ ବେଷରେ କ୍ୟାପଟେନ ସର୍ମାଙ୍କୁ ଭେଟନ୍ତୁ,ଦଳ ନେତା ବିକ୍ରମ ବେସରେ କ୍ୟାପଟେନ ଶର୍ମାଙ୍କୁ ଭେଟନ୍ତୁ,NO,
1787944231865,Redmi Note 9 Pro,12,or,odia_large.int8.onnx,int8,or_09_proper_nouns,3.18,CLEAN,3,WARM,1640,0.515,57.14,7.32,1000.37,1003.24,ତଳନେତା ବିକ୍ରମ ବେଷରେ କ୍ୟାପଟେନ ସର୍ମାଙ୍କୁ ଭେଟନ୍ତୁ,ଦଳ ନେତା ବିକ୍ରମ ବେସରେ କ୍ୟାପଟେନ ଶର୍ମାଙ୍କୁ ଭେଟନ୍ତୁ,NO,
1787944233981,Redmi Note 9 Pro,12,or,odia_large.int8.onnx,int8,or_10_fast,3.95,CLEAN,1,WARM,1984,0.502,50.00,15.38,1001.36,1001.36,ତତ୍ରୀତ ସୁଚନା ଟିମ ଏବେ ପରିସ୍ର ମଧ୍ୟକୁ ପ୍ରବେସ କରୁଛି,ତ୍ୱରିତ ସୂଚନା ଟିମ ଏବେ ପରିସର ମଧ୍ୟକୁ ପ୍ରବେଶ କରୁଛି,NO,
1787944235974,Redmi Note 9 Pro,12,or,odia_large.int8.onnx,int8,or_10_fast,3.95,CLEAN,2,WARM,1881,0.476,50.00,15.38,1001.92,1001.92,ତତ୍ରୀତ ସୁଚନା ଟିମ ଏବେ ପରିସ୍ର ମଧ୍ୟକୁ ପ୍ରବେସ କରୁଛି,ତ୍ୱରିତ ସୂଚନା ଟିମ ଏବେ ପରିସର ମଧ୍ୟକୁ ପ୍ରବେଶ କରୁଛି,NO,
1787944237967,Redmi Note 9 Pro,12,or,odia_large.int8.onnx,int8,or_10_fast,3.95,CLEAN,3,WARM,1875,0.474,50.00,15.38,1002.51,1002.51,ତତ୍ରୀତ ସୁଚନା ଟିମ ଏବେ ପରିସ୍ର ମଧ୍ୟକୁ ପ୍ରବେସ କରୁଛି,ତ୍ୱରିତ ସୂଚନା ଟିମ ଏବେ ପରିସର ମଧ୍ୟକୁ ପ୍ରବେଶ କରୁଛି,NO,
1787944240264,Redmi Note 9 Pro,12,or,odia_large.int8.onnx,int8,or_11_tactical_1,4.03,CLEAN,1,WARM,2153,0.534,114.29,26.19,1001.31,1002.91,ତରେ ଡ ଆରଠ ସମସ୍ତ ଟିବ ସୁରଖଷିତ ସ୍ତାନକୁ ଫେଇ ଯାନ୍ତୁ,ରେଡ ଆଲର୍ଟ ସମସ୍ତ ଟିମ ସୁରକ୍ଷିତ ସ୍ଥାନକୁ ଫେରିଯାଆନ୍ତୁ,NO,
1787944242506,Redmi Note 9 Pro,12,or,odia_large.int8.onnx,int8,or_11_tactical_1,4.03,CLEAN,2,WARM,2100,0.521,114.29,26.19,1001.91,1001.91,ତରେ ଡ ଆରଠ ସମସ୍ତ ଟିବ ସୁରଖଷିତ ସ୍ତାନକୁ ଫେଇ ଯାନ୍ତୁ,ରେଡ ଆଲର୍ଟ ସମସ୍ତ ଟିମ ସୁରକ୍ଷିତ ସ୍ଥାନକୁ ଫେରିଯାଆନ୍ତୁ,NO,
1787944244585,Redmi Note 9 Pro,12,or,odia_large.int8.onnx,int8,or_11_tactical_1,4.03,CLEAN,3,WARM,1958,0.485,114.29,26.19,1002.46,1002.46,ତରେ ଡ ଆରଠ ସମସ୍ତ ଟିବ ସୁରଖଷିତ ସ୍ତାନକୁ ଫେଇ ଯାନ୍ତୁ,ରେଡ ଆଲର୍ଟ ସମସ୍ତ ଟିମ ସୁରକ୍ଷିତ ସ୍ଥାନକୁ ଫେରିଯାଆନ୍ତୁ,NO,
1787944245973,Redmi Note 9 Pro,12,or,odia_large.int8.onnx,int8,or_12_tactical_2,2.75,CLEAN,1,WARM,1278,0.465,120.00,13.33,1003.21,1003.21,ତ ମେଡିକାଲ ଟିମୋ କୁ ସେଟର ନଅକୁ ପଠା ଯାଇଛି,ମେଡିକାଲ ଟିମକୁ ସେକ୍ଟର ନଅକୁ ପଠାଯାଇଛି,YES,
1787944247364,Redmi Note 9 Pro,12,or,odia_large.int8.onnx,int8,or_12_tactical_2,2.75,CLEAN,2,WARM,1274,0.464,120.00,13.33,1000.34,1003.23,ତ ମେଡିକାଲ ଟିମୋ କୁ ସେଟର ନଅକୁ ପଠା ଯାଇଛି,ମେଡିକାଲ ଟିମକୁ ସେକ୍ଟର ନଅକୁ ପଠାଯାଇଛି,YES,
1787944248845,Redmi Note 9 Pro,12,or,odia_large.int8.onnx,int8,or_12_tactical_2,2.75,CLEAN,3,WARM,1356,0.494,120.00,13.33,1000.75,1000.75,ତ ମେଡିକାଲ ଟିମୋ କୁ ସେଟର ନଅକୁ ପଠା ଯାଇଛି,ମେଡିକାଲ ଟିମକୁ ସେକ୍ଟର ନଅକୁ ପଠାଯାଇଛି,YES,
1787944250791,Redmi Note 9 Pro,12,or,odia_large.int8.onnx,int8,or_13_tactical_3,3.54,CLEAN,1,WARM,1796,0.508,14.29,11.63,1001.58,1001.58,ପଷିଜାନ ସ୍ତର ଚାଳିଶ ପ୍ରତିଶତ ତୁରନ୍ତ ବାହାରକୁ ଆସନ୍ତୁ,ଅକ୍ସିଜେନ ସ୍ତର ଚାଳିଶ ପ୍ରତିଶତ ତୁରନ୍ତ ବାହାରକୁ ଆସନ୍ତୁ,YES,
1787944252733,Redmi Note 9 Pro,12,or,odia_large.int8.onnx,int8,or_13_tactical_3,3.54,CLEAN,2,WARM,1808,0.511,14.29,11.63,1002.06,1002.06,ପଷିଜାନ ସ୍ତର ଚାଳିଶ ପ୍ରତିଶତ ତୁରନ୍ତ ବାହାରକୁ ଆସନ୍ତୁ,ଅକ୍ସିଜେନ ସ୍ତର ଚାଳିଶ ପ୍ରତିଶତ ତୁରନ୍ତ ବାହାରକୁ ଆସନ୍ତୁ,YES,
1787944254521,Redmi Note 9 Pro,12,or,odia_large.int8.onnx,int8,or_13_tactical_3,3.54,CLEAN,3,WARM,1663,0.470,14.29,11.63,1002.55,1002.55,ପଷିଜାନ ସ୍ତର ଚାଳିଶ ପ୍ରତିଶତ ତୁରନ୍ତ ବାହାରକୁ ଆସନ୍ତୁ,ଅକ୍ସିଜେନ ସ୍ତର ଚାଳିଶ ପ୍ରତିଶତ ତୁରନ୍ତ ବାହାରକୁ ଆସନ୍ତୁ,YES,
1787944255704,Redmi Note 9 Pro,12,or,odia_large.int8.onnx,int8,or_14_tactical_4,2.32,CLEAN,1,WARM,1071,0.461,60.00,21.43,1000.81,1002.80,ଶମୋଦାମୋ ଦୁଇରେ ପ୍ରୋବଳ ଧୁଆ ଦେଖାଯାଇଛି,ଗୋଦାମ ଦୁଇରେ ପ୍ରବଳ ଧୂଆଁ ଦେଖାଯାଇଛି,NO,
1787944256895,Redmi Note 9 Pro,12,or,odia_large.int8.onnx,int8,or_14_tactical_4,2.32,CLEAN,2,WARM,1076,0.464,60.00,21.43,1001.13,1001.13,ଶମୋଦାମୋ ଦୁଇରେ ପ୍ରୋବଳ ଧୁଆ ଦେଖାଯାଇଛି,ଗୋଦାମ ଦୁଇରେ ପ୍ରବଳ ଧୂଆଁ ଦେଖାଯାଇଛି,NO,
1787944258094,Redmi Note 9 Pro,12,or,odia_large.int8.onnx,int8,or_14_tactical_4,2.32,CLEAN,3,WARM,1078,0.464,60.00,21.43,1001.51,1001.51,ଶମୋଦାମୋ ଦୁଇରେ ପ୍ରୋବଳ ଧୁଆ ଦେଖାଯାଇଛି,ଗୋଦାମ ଦୁଇରେ ପ୍ରବଳ ଧୂଆଁ ଦେଖାଯାଇଛି,NO,
1787944259477,Redmi Note 9 Pro,12,or,odia_large.int8.onnx,int8,or_15_tactical_5,2.46,CLEAN,1,WARM,1240,0.504,100.00,28.57,1002.13,1002.13,ଶିମା ବାଡ ପାଖରେ ସନ୍ଦି ଧକ ଅଚିବିଧି,ସୀମା ବାଡ଼ ପାଖରେ ସନ୍ଦିଗ୍ଧ ଗତିବିଧି,NO,
1787944260866,Redmi Note 9 Pro,12,or,odia_large.int8.onnx,int8,or_15_tactical_5,2.46,CLEAN,2,WARM,1248,0.508,100.00,28.57,1002.53,1002.53,ଶିମା ବାଡ ପାଖରେ ସନ୍ଦି ଧକ ଅଚିବିଧି,ସୀମା ବାଡ଼ ପାଖରେ ସନ୍ଦିଗ୍ଧ ଗତିବିଧି,NO,
1787944262234,Redmi Note 9 Pro,12,or,odia_large.int8.onnx,int8,or_15_tactical_5,2.46,CLEAN,3,WARM,1231,0.501,100.00,28.57,1002.89,1002.89,ଶିମା ବାଡ ପାଖରେ ସନ୍ଦି ଧକ ଅଚିବିଧି,ସୀମା ବାଡ଼ ପାଖରେ ସନ୍ଦିଗ୍ଧ ଗତିବିଧି,NO,
1787944264837,Redmi Note 9 Pro,12,or,odia_large.int8.onnx,int8,or_16_coords_1,4.91,CLEAN,1,WARM,2470,0.503,100.00,33.33,1000.89,1003.29,ଛକ୍ୋନସ ପାର ଦଶ ମିକ ପାଞ୍ଚ ଦେହି ମା ଶସ୍ତରୀ ଦଷମିକଅଛା,ଅକ୍ଷାଂଶ ବାର ଦଶମିକ ପାଞ୍ଚ ଦ୍ରାଘିମା ସତସ୍ତରୀ ଦଶମିକ ଛଅ,NO,
1787944267334,Redmi Note 9 Pro,12,or,odia_large.int8.onnx,int8,or_16_coords_1,4.91,CLEAN,2,WARM,2387,0.486,100.00,33.33,1001.59,1001.59,ଛକ୍ୋନସ ପାର ଦଶ ମିକ ପାଞ୍ଚ ଦେହି ମା ଶସ୍ତରୀ ଦଷମିକଅଛା,ଅକ୍ଷାଂଶ ବାର ଦଶମିକ ପାଞ୍ଚ ଦ୍ରାଘିମା ସତସ୍ତରୀ ଦଶମିକ ଛଅ,NO,
1787944270034,Redmi Note 9 Pro,12,or,odia_large.int8.onnx,int8,or_16_coords_1,4.91,CLEAN,3,WARM,2577,0.524,100.00,33.33,1002.35,1002.35,ଛକ୍ୋନସ ପାର ଦଶ ମିକ ପାଞ୍ଚ ଦେହି ମା ଶସ୍ତରୀ ଦଷମିକଅଛା,ଅକ୍ଷାଂଶ ବାର ଦଶମିକ ପାଞ୍ଚ ଦ୍ରାଘିମା ସତସ୍ତରୀ ଦଶମିକ ଛଅ,NO,
1787944271448,Redmi Note 9 Pro,12,or,odia_large.int8.onnx,int8,or_17_coords_2,2.52,CLEAN,1,WARM,1271,0.504,160.00,31.03,1000.90,1002.62,କେକ ପାଇଁ୍ତ ଡେଲାଟା ଉଚ୍ଚ ଥା ତିନି ଶହ ମିତ,ଚେକପଏଣ୍ଟ ଡେଲଟା ଉଚ୍ଚତା ତିନିଶହ ମିଟର,NO,
1787944272863,Redmi Note 9 Pro,12,or,odia_large.int8.onnx,int8,or_17_coords_2,2.52,CLEAN,2,WARM,1285,0.510,160.00,31.03,1001.26,1001.26,କେକ ପାଇଁ୍ତ ଡେଲାଟା ଉଚ୍ଚ ଥା ତିନି ଶହ ମିତ,ଚେକପଏଣ୍ଟ ଡେଲଟା ଉଚ୍ଚତା ତିନିଶହ ମିଟର,NO,
1787944274141,Redmi Note 9 Pro,12,or,odia_large.int8.onnx,int8,or_17_coords_2,2.52,CLEAN,3,WARM,1151,0.457,160.00,31.03,1001.65,1001.65,କେକ ପାଇଁ୍ତ ଡେଲାଟା ଉଚ୍ଚ ଥା ତିନି ଶହ ମିତ,ଚେକପଏଣ୍ଟ ଡେଲଟା ଉଚ୍ଚତା ତିନିଶହ ମିଟର,NO,
1787944275446,Redmi Note 9 Pro,12,or,odia_large.int8.onnx,int8,or_18_coords_3,2.56,CLEAN,1,WARM,1188,0.464,66.67,35.48,1002.32,1002.32,ବିଲୁଡ଼ିଙ୍ଗ ଚାରିବି ମୋର ନମ୍ବର ଅଠେଇଶ ସୁରକଖିତ,ବିଲଡିଂ ଚାରି ରୁମ ନମ୍ବର ଅଠେଇଶ ସୁରକ୍ଷିତ,NO,
1787944276761,Redmi Note 9 Pro,12,or,odia_large.int8.onnx,int8,or_18_coords_3,2.56,CLEAN,2,WARM,1201,0.469,66.67,35.48,1002.71,1002.71,ବିଲୁଡ଼ିଙ୍ଗ ଚାରିବି ମୋର ନମ୍ବର ଅଠେଇଶ ସୁରକଖିତ,ବିଲଡିଂ ଚାରି ରୁମ ନମ୍ବର ଅଠେଇଶ ସୁରକ୍ଷିତ,NO,
1787944278063,Redmi Note 9 Pro,12,or,odia_large.int8.onnx,int8,or_18_coords_3,2.56,CLEAN,3,WARM,1181,0.461,66.67,35.48,1000.33,1002.75,ବିଲୁଡ଼ିଙ୍ଗ ଚାରିବି ମୋର ନମ୍ବର ଅଠେଇଶ ସୁରକଖିତ,ବିଲଡିଂ ଚାରି ରୁମ ନମ୍ବର ଅଠେଇଶ ସୁରକ୍ଷିତ,NO,
1787944279853,Redmi Note 9 Pro,12,or,odia_large.int8.onnx,int8,or_19_coords_4,3.25,CLEAN,1,WARM,1657,0.510,28.57,16.22,1001.11,1001.11,ପ୍ରତି ତିରିଶ କିଲୋମିଟର ଘଣ୍ଟା ପ୍ରତି ଦଖିଣ ଦିଗକୁ,ଗତି ତିରିଶ କିଲୋମିଟର ଘଣ୍ଟା ପ୍ରତି ଦକ୍ଷିଣ ଦିଗକୁ,YES,
1787944281687,Redmi Note 9 Pro,12,or,odia_large.int8.onnx,int8,or_19_coords_4,3.25,CLEAN,2,WARM,1689,0.520,28.57,16.22,1001.65,1001.65,ପ୍ରତି ତିରିଶ କିଲୋମିଟର ଘଣ୍ଟା ପ୍ରତି ଦଖିଣ ଦିଗକୁ,ଗତି ତିରିଶ କିଲୋମିଟର ଘଣ୍ଟା ପ୍ରତି ଦକ୍ଷିଣ ଦିଗକୁ,YES,
1787944283525,Redmi Note 9 Pro,12,or,odia_large.int8.onnx,int8,or_19_coords_4,3.25,CLEAN,3,WARM,1709,0.526,28.57,16.22,1002.13,1002.13,ପ୍ରତି ତିରିଶ କିଲୋମିଟର ଘଣ୍ଟା ପ୍ରତି ଦଖିଣ ଦିଗକୁ,ଗତି ତିରିଶ କିଲୋମିଟର ଘଣ୍ଟା ପ୍ରତି ଦକ୍ଷିଣ ଦିଗକୁ,YES,
1787944284815,Redmi Note 9 Pro,12,or,odia_large.int8.onnx,int8,or_20_coords_5,2.51,CLEAN,1,WARM,1174,0.468,100.00,33.33,1002.78,1002.78,ଶରିଲେ ତାହାର ପାଞ୍ଚ ଶିବନ ର ଅଷି ପ୍ରତିଶ,ରିଲେ ଟାୱାର ପାଞ୍ଚ ସିଗନାଲ ଅଶୀ ପ୍ରତିଶତ,NO,
1787944286101,Redmi Note 9 Pro,12,or,odia_large.int8.onnx,int8,or_20_coords_5,2.51,CLEAN,2,WARM,1163,0.463,100.00,33.33,1000.94,1002.80,ଶରିଲେ ତାହାର ପାଞ୍ଚ ଶିବନ ର ଅଷି ପ୍ରତିଶ,ରିଲେ ଟାୱାର ପାଞ୍ଚ ସିଗନାଲ ଅଶୀ ପ୍ରତିଶତ,NO,
1787944287384,Redmi Note 9 Pro,12,or,odia_large.int8.onnx,int8,or_20_coords_5,2.51,CLEAN,3,WARM,1171,0.467,100.00,33.33,1001.35,1001.35,ଶରିଲେ ତାହାର ପାଞ୍ଚ ଶିବନ ର ଅଷି ପ୍ରତିଶ,ରିଲେ ଟାୱାର ପାଞ୍ଚ ସିଗନାଲ ଅଶୀ ପ୍ରତିଶତ,NO,
1787944292809,Redmi Note 9 Pro,12,or,odia_large.int8.onnx,int8,or_21_long_tactical_1,9.61,CLEAN,1,WARM,5277,0.549,70.59,12.37,1081.01,1081.01,ପକ ଭୟ ଆନଫା ଏକ ବେସ ବ୍ୟାଭକୁ ଜଣାଉଛି ଗ୍ରିଡ ସମନ୍ୟ ବୟାଣିଶ ପାଖରେ ପଷ୍ଚିମ ବାଡ ଭାଙ୍ବି ଯାଇଛି ତୁରନ୍ତ ଚିକିତ୍ସା ସାହାଯ୍ୟ ଆବସ୍ୟକ,କନଭୟ ଆଲଫା ଏକ ବେସ ବ୍ରାଭୋକୁ ଜଣାଉଛି ଗ୍ରୀଡ ସମନ୍ୱୟ ବୟାଳିଶ ପାଖରେ ପଶ୍ଚିମ ବାଡ଼ ଭାଙ୍ଗିଯାଇଛି ତୁରନ୍ତ ଚିକିତ୍ସା ସାହାଯ୍ୟ ଆବଶ୍ୟକ,NO,
1787944298293,Redmi Note 9 Pro,12,or,odia_large.int8.onnx,int8,or_21_long_tactical_1,9.61,CLEAN,2,WARM,5344,0.556,70.59,12.37,1202.54,1202.54,ପକ ଭୟ ଆନଫା ଏକ ବେସ ବ୍ୟାଭକୁ ଜଣାଉଛି ଗ୍ରିଡ ସମନ୍ୟ ବୟାଣିଶ ପାଖରେ ପଷ୍ଚିମ ବାଡ ଭାଙ୍ବି ଯାଇଛି ତୁରନ୍ତ ଚିକିତ୍ସା ସାହାଯ୍ୟ ଆବସ୍ୟକ,କନଭୟ ଆଲଫା ଏକ ବେସ ବ୍ରାଭୋକୁ ଜଣାଉଛି ଗ୍ରୀଡ ସମନ୍ୱୟ ବୟାଳିଶ ପାଖରେ ପଶ୍ଚିମ ବାଡ଼ ଭାଙ୍ଗିଯାଇଛି ତୁରନ୍ତ ଚିକିତ୍ସା ସାହାଯ୍ୟ ଆବଶ୍ୟକ,NO,
1787944304456,Redmi Note 9 Pro,12,or,odia_large.int8.onnx,int8,or_21_long_tactical_1,9.61,CLEAN,3,WARM,5994,0.624,70.59,12.37,1201.11,1202.61,ପକ ଭୟ ଆନଫା ଏକ ବେସ ବ୍ୟାଭକୁ ଜଣାଉଛି ଗ୍ରିଡ ସମନ୍ୟ ବୟାଣିଶ ପାଖରେ ପଷ୍ଚିମ ବାଡ ଭାଙ୍ବି ଯାଇଛି ତୁରନ୍ତ ଚିକିତ୍ସା ସାହାଯ୍ୟ ଆବସ୍ୟକ,କନଭୟ ଆଲଫା ଏକ ବେସ ବ୍ରାଭୋକୁ ଜଣାଉଛି ଗ୍ରୀଡ ସମନ୍ୱୟ ବୟାଳିଶ ପାଖରେ ପଶ୍ଚିମ ବାଡ଼ ଭାଙ୍ଗିଯାଇଛି ତୁରନ୍ତ ଚିକିତ୍ସା ସାହାଯ୍ୟ ଆବଶ୍ୟକ,NO,
1787944309861,Redmi Note 9 Pro,12,or,odia_large.int8.onnx,int8,or_22_long_tactical_2,8.53,CLEAN,1,WARM,5242,0.614,75.00,12.12,1203.15,1203.15,ସ୍ଟେସନ ଡେଲଟା ନିଶ୍ଛିତ କରୁଛି ସେଟର ତିନି ରେ ପମ୍ବଳଜାନ ସ୍ତର ତିରିଶ ପ୍ରତିଶକୁ ଖସି ଆସିଛି ସମସ୍ତ କର୍ମଚାରୀ ଦଖିଣ ବେଟକୁ ଯାହନ୍ତୁ,ଷ୍ଟେସନ ଡେଲଟା ନିଶ୍ଚିତ କରୁଛି ସେକ୍ଟର ତିନିରେ ଅମ୍ଳଜାନ ସ୍ତର ତିରିଶ ପ୍ରତିଶତକୁ ଖସିଆସିଛି ସମସ୍ତ କର୍ମଚାରୀ ଦକ୍ଷିଣ ଗେଟକୁ ଯାଆନ୍ତୁ,NO,
1787944314870,Redmi Note 9 Pro,12,or,odia_large.int8.onnx,int8,or_22_long_tactical_2,8.53,CLEAN,2,WARM,4867,0.571,75.00,12.12,1244.15,1244.15,ସ୍ଟେସନ ଡେଲଟା ନିଶ୍ଛିତ କରୁଛି ସେଟର ତିନି ରେ ପମ୍ବଳଜାନ ସ୍ତର ତିରିଶ ପ୍ରତିଶକୁ ଖସି ଆସିଛି ସମସ୍ତ କର୍ମଚାରୀ ଦଖିଣ ବେଟକୁ ଯାହନ୍ତୁ,ଷ୍ଟେସନ ଡେଲଟା ନିଶ୍ଚିତ କରୁଛି ସେକ୍ଟର ତିନିରେ ଅମ୍ଳଜାନ ସ୍ତର ତିରିଶ ପ୍ରତିଶତକୁ ଖସିଆସିଛି ସମସ୍ତ କର୍ମଚାରୀ ଦକ୍ଷିଣ ଗେଟକୁ ଯାଆନ୍ତୁ,NO,
1787944319751,Redmi Note 9 Pro,12,or,odia_large.int8.onnx,int8,or_22_long_tactical_2,8.53,CLEAN,3,WARM,4745,0.556,75.00,12.12,1242.65,1244.23,ସ୍ଟେସନ ଡେଲଟା ନିଶ୍ଛିତ କରୁଛି ସେଟର ତିନି ରେ ପମ୍ବଳଜାନ ସ୍ତର ତିରିଶ ପ୍ରତିଶକୁ ଖସି ଆସିଛି ସମସ୍ତ କର୍ମଚାରୀ ଦଖିଣ ବେଟକୁ ଯାହନ୍ତୁ,ଷ୍ଟେସନ ଡେଲଟା ନିଶ୍ଚିତ କରୁଛି ସେକ୍ଟର ତିନିରେ ଅମ୍ଳଜାନ ସ୍ତର ତିରିଶ ପ୍ରତିଶତକୁ ଖସିଆସିଛି ସମସ୍ତ କର୍ମଚାରୀ ଦକ୍ଷିଣ ଗେଟକୁ ଯାଆନ୍ତୁ,NO,
1787944324557,Redmi Note 9 Pro,12,or,odia_large.int8.onnx,int8,or_23_long_tactical_3,7.88,CLEAN,1,WARM,4644,0.589,70.59,14.61,1244.58,1244.58,ସନ୍ଧାନ ଓ ଉଦଧାର କାରୀ ଦଳ ପାର ବନ୍ା ପ୍ରଭାବିତ ଅଞ୍ଚଳକୁ ଯାଉଛି ଜଳ ସ୍ତର ଦୁଇ ମିଟ ବ୍ରୁଧି ପାଇଛି ରମ୍ବାରା ମୁତନ କରା ଯାଇଛି,ସନ୍ଧାନ ଓ ଉଦ୍ଧାରକାରୀ ଦଳ ବାର ବନ୍ୟା ପ୍ରଭାବିତ ଅଞ୍ଚଳକୁ ଯାଉଛି ଜଳସ୍ତର ଦୁଇ ମିଟର ବୃଦ୍ଧି ପାଇଛି ଡଙ୍ଗା ମୁତୟନ କରାଯାଇଛି,YES,
1787944329618,Redmi Note 9 Pro,12,or,odia_large.int8.onnx,int8,or_23_long_tactical_3,7.88,CLEAN,2,WARM,4897,0.621,70.59,14.61,1240.53,1244.66,ସନ୍ଧାନ ଓ ଉଦଧାର କାରୀ ଦଳ ପାର ବନ୍ା ପ୍ରଭାବିତ ଅଞ୍ଚଳକୁ ଯାଉଛି ଜଳ ସ୍ତର ଦୁଇ ମିଟ ବ୍ରୁଧି ପାଇଛି ରମ୍ବାରା ମୁତନ କରା ଯାଇଛି,ସନ୍ଧାନ ଓ ଉଦ୍ଧାରକାରୀ ଦଳ ବାର ବନ୍ୟା ପ୍ରଭାବିତ ଅଞ୍ଚଳକୁ ଯାଉଛି ଜଳସ୍ତର ଦୁଇ ମିଟର ବୃଦ୍ଧି ପାଇଛି ଡଙ୍ଗା ମୁତୟନ କରାଯାଇଛି,YES,
1787944334933,Redmi Note 9 Pro,12,or,odia_large.int8.onnx,int8,or_23_long_tactical_3,7.88,CLEAN,3,WARM,5156,0.654,70.59,14.61,1241.70,1241.70,ସନ୍ଧାନ ଓ ଉଦଧାର କାରୀ ଦଳ ପାର ବନ୍ା ପ୍ରଭାବିତ ଅଞ୍ଚଳକୁ ଯାଉଛି ଜଳ ସ୍ତର ଦୁଇ ମିଟ ବ୍ରୁଧି ପାଇଛି ରମ୍ବାରା ମୁତନ କରା ଯାଇଛି,ସନ୍ଧାନ ଓ ଉଦ୍ଧାରକାରୀ ଦଳ ବାର ବନ୍ୟା ପ୍ରଭାବିତ ଅଞ୍ଚଳକୁ ଯାଉଛି ଜଳସ୍ତର ଦୁଇ ମିଟର ବୃଦ୍ଧି ପାଇଛି ଡଙ୍ଗା ମୁତୟନ କରାଯାଇଛି,YES,
1787944339318,Redmi Note 9 Pro,12,or,odia_large.int8.onnx,int8,or_24_long_tactical_4,7.66,CLEAN,1,WARM,4239,0.554,60.00,11.63,1243.55,1243.55,ଜରୁରୀ ସତର୍କତା ଉପକୁଳ ସେଟଳ ସାତରେ ଭୀଷଣ ଝଡ ମାଣି ଆସୁଛି ପବନ ର ବେଗ ସତୁରୀ କିଲୋମିଟର ସମସ୍ତେ ସୁରଖଷିତ ରୁହନ୍ତୁ,ଜରୁରୀ ସତର୍କତା ଉପକୂଳ ସେକ୍ଟର ସାତରେ ଭୀଷଣ ଝଡ଼ ମାଡ଼ିଆସୁଛି ପବନର ବେଗ ସତୁରି କିଲୋମିଟର ସମସ୍ତେ ସୁରକ୍ଷିତ ରୁହନ୍ତୁ,YES,
1787944343502,Redmi Note 9 Pro,12,or,odia_large.int8.onnx,int8,or_24_long_tactical_4,7.66,CLEAN,2,WARM,4050,0.529,60.00,11.63,1242.08,1243.60,ଜରୁରୀ ସତର୍କତା ଉପକୁଳ ସେଟଳ ସାତରେ ଭୀଷଣ ଝଡ ମାଣି ଆସୁଛି ପବନ ର ବେଗ ସତୁରୀ କିଲୋମିଟର ସମସ୍ତେ ସୁରଖଷିତ ରୁହନ୍ତୁ,ଜରୁରୀ ସତର୍କତା ଉପକୂଳ ସେକ୍ଟର ସାତରେ ଭୀଷଣ ଝଡ଼ ମାଡ଼ିଆସୁଛି ପବନର ବେଗ ସତୁରି କିଲୋମିଟର ସମସ୍ତେ ସୁରକ୍ଷିତ ରୁହନ୍ତୁ,YES,
1787944348021,Redmi Note 9 Pro,12,or,odia_large.int8.onnx,int8,or_24_long_tactical_4,7.66,CLEAN,3,WARM,4363,0.570,60.00,11.63,1243.21,1243.21,ଜରୁରୀ ସତର୍କତା ଉପକୁଳ ସେଟଳ ସାତରେ ଭୀଷଣ ଝଡ ମାଣି ଆସୁଛି ପବନ ର ବେଗ ସତୁରୀ କିଲୋମିଟର ସମସ୍ତେ ସୁରଖଷିତ ରୁହନ୍ତୁ,ଜରୁରୀ ସତର୍କତା ଉପକୂଳ ସେକ୍ଟର ସାତରେ ଭୀଷଣ ଝଡ଼ ମାଡ଼ିଆସୁଛି ପବନର ବେଗ ସତୁରି କିଲୋମିଟର ସମସ୍ତେ ସୁରକ୍ଷିତ ରୁହନ୍ତୁ,YES,
1787944351977,Redmi Note 9 Pro,12,or,odia_large.int8.onnx,int8,or_25_long_tactical_5,7.38,CLEAN,1,WARM,3826,0.519,68.75,15.38,1240.48,1243.96,କମାଣ୍ଡସେନ୍ତ ର ସମସ୍ତ ପାତ୍ରଳି ତଳକୁ ପଷ୍ଚିମ ରାଜପଥ ଛ ଚାରିକୁଯିବାକୁ ଏବଂ ଡେଣିଓ ଜୋଗାଯୋଗ ରଖିବାକୁ ନିର୍ଦେଶ ଦେଉଛି,କମାଣ୍ଡ ସେଣ୍ଟର ସମସ୍ତ ପାଟ୍ରୋଲିଂ ଦଳକୁ ପଶ୍ଚିମ ରାଜପଥ ଛକ ଚାରିକୁ ଯିବାକୁ ଏବଂ ରେଡିଓ ଯୋଗାଯୋଗ ରଖିବାକୁ ନିର୍ଦ୍ଦେଶ ଦେଉଛି,YES,
1787944356223,Redmi Note 9 Pro,12,or,odia_large.int8.onnx,int8,or_25_long_tactical_5,7.38,CLEAN,2,WARM,4107,0.557,68.75,15.38,1241.59,1241.59,କମାଣ୍ଡସେନ୍ତ ର ସମସ୍ତ ପାତ୍ରଳି ତଳକୁ ପଷ୍ଚିମ ରାଜପଥ ଛ ଚାରିକୁଯିବାକୁ ଏବଂ ଡେଣିଓ ଜୋଗାଯୋଗ ରଖିବାକୁ ନିର୍ଦେଶ ଦେଉଛି,କମାଣ୍ଡ ସେଣ୍ଟର ସମସ୍ତ ପାଟ୍ରୋଲିଂ ଦଳକୁ ପଶ୍ଚିମ ରାଜପଥ ଛକ ଚାରିକୁ ଯିବାକୁ ଏବଂ ରେଡିଓ ଯୋଗାଯୋଗ ରଖିବାକୁ ନିର୍ଦ୍ଦେଶ ଦେଉଛି,YES,
1787944360807,Redmi Note 9 Pro,12,or,odia_large.int8.onnx,int8,or_25_long_tactical_5,7.38,CLEAN,3,WARM,4416,0.599,68.75,15.38,1242.68,1242.68,କମାଣ୍ଡସେନ୍ତ ର ସମସ୍ତ ପାତ୍ରଳି ତଳକୁ ପଷ୍ଚିମ ରାଜପଥ ଛ ଚାରିକୁଯିବାକୁ ଏବଂ ଡେଣିଓ ଜୋଗାଯୋଗ ରଖିବାକୁ ନିର୍ଦେଶ ଦେଉଛି,କମାଣ୍ଡ ସେଣ୍ଟର ସମସ୍ତ ପାଟ୍ରୋଲିଂ ଦଳକୁ ପଶ୍ଚିମ ରାଜପଥ ଛକ ଚାରିକୁ ଯିବାକୁ ଏବଂ ରେଡିଓ ଯୋଗାଯୋଗ ରଖିବାକୁ ନିର୍ଦ୍ଦେଶ ଦେଉଛି,YES,
1787944365407,Redmi Note 9 Pro,12,or,odia_large.int8.onnx,int8,or_26_long_tactical_6,7.53,CLEAN,1,WARM,4429,0.588,33.33,11.63,1242.01,1243.44,ଟ୍ରାକ୍ତରୀ ସାହାଯ୍ୟ ଅଳ୍ଭୟ ରିଲିଫ ସିବିର ନରେ ପହଞ୍ଚିଛି ଖାଦ୍ୟ ଏବଂ ପ୍ରାଥମିକ ଚିକିତ୍ସା ସାମଗ୍ରୀ ବଣ୍ଟଣା ଆରମ୍ଭ ହୋଇଛି,ଡାକ୍ତରୀ ସାହାଯ୍ୟ କନଭୟ ରିଲିଫ ଶିବିର ନଅରେ ପହଞ୍ଚିଛି ଖାଦ୍ୟ ଏବଂ ପ୍ରାଥମିକ ଚିକିତ୍ସା ସାମଗ୍ରୀ ବଣ୍ଟନ ଆରମ୍ଭ ହୋଇଛି,YES,
1787944369708,Redmi Note 9 Pro,12,or,odia_large.int8.onnx,int8,or_26_long_tactical_6,7.53,CLEAN,2,WARM,4166,0.553,33.33,11.63,1243.12,1243.12,ଟ୍ରାକ୍ତରୀ ସାହାଯ୍ୟ ଅଳ୍ଭୟ ରିଲିଫ ସିବିର ନରେ ପହଞ୍ଚିଛି ଖାଦ୍ୟ ଏବଂ ପ୍ରାଥମିକ ଚିକିତ୍ସା ସାମଗ୍ରୀ ବଣ୍ଟଣା ଆରମ୍ଭ ହୋଇଛି,ଡାକ୍ତରୀ ସାହାଯ୍ୟ କନଭୟ ରିଲିଫ ଶିବିର ନଅରେ ପହଞ୍ଚିଛି ଖାଦ୍ୟ ଏବଂ ପ୍ରାଥମିକ ଚିକିତ୍ସା ସାମଗ୍ରୀ ବଣ୍ଟନ ଆରମ୍ଭ ହୋଇଛି,YES,
1787944373886,Redmi Note 9 Pro,12,or,odia_large.int8.onnx,int8,or_26_long_tactical_6,7.53,CLEAN,3,WARM,4032,0.536,33.33,11.63,1244.10,1244.10,ଟ୍ରାକ୍ତରୀ ସାହାଯ୍ୟ ଅଳ୍ଭୟ ରିଲିଫ ସିବିର ନରେ ପହଞ୍ଚିଛି ଖାଦ୍ୟ ଏବଂ ପ୍ରାଥମିକ ଚିକିତ୍ସା ସାମଗ୍ରୀ ବଣ୍ଟଣା ଆରମ୍ଭ ହୋଇଛି,ଡାକ୍ତରୀ ସାହାଯ୍ୟ କନଭୟ ରିଲିଫ ଶିବିର ନଅରେ ପହଞ୍ଚିଛି ଖାଦ୍ୟ ଏବଂ ପ୍ରାଥମିକ ଚିକିତ୍ସା ସାମଗ୍ରୀ ବଣ୍ଟନ ଆରମ୍ଭ ହୋଇଛି,YES,
1787944378069,Redmi Note 9 Pro,12,or,odia_large.int8.onnx,int8,or_27_long_tactical_7,7.16,CLEAN,1,WARM,4032,0.563,60.00,11.76,1241.24,1241.24,ତରିଲେତାର ତିନି ରେ ବିଦ୍ୁତ ସରବରାହ ବନ୍ଦ ଥିବା ସୁଚନା ମିଳିଛି ଜେନେରେଟର ଚାନୁ କରି ଜୋଗାଜୋଗ ପୁନ ସ୍ଥାପିତ ହୋଇଛି,ରିଲେ ଟାୱାର ତିନିରେ ବିଦ୍ୟୁତ ସରବରାହ ବନ୍ଦ ଥିବା ସୂଚନା ମିଳିଛି ଜେନେରେଟର ଚାଲୁ କରି ଯୋଗାଯୋଗ ପୁନଃସ୍ଥାପିତ ହୋଇଛି,NO,
1787944381959,Redmi Note 9 Pro,12,or,odia_large.int8.onnx,int8,or_27_long_tactical_7,7.16,CLEAN,2,WARM,3760,0.525,60.00,11.76,1242.40,1242.40,ତରିଲେତାର ତିନି ରେ ବିଦ୍ୁତ ସରବରାହ ବନ୍ଦ ଥିବା ସୁଚନା ମିଳିଛି ଜେନେରେଟର ଚାନୁ କରି ଜୋଗାଜୋଗ ପୁନ ସ୍ଥାପିତ ହୋଇଛି,ରିଲେ ଟାୱାର ତିନିରେ ବିଦ୍ୟୁତ ସରବରାହ ବନ୍ଦ ଥିବା ସୂଚନା ମିଳିଛି ଜେନେରେଟର ଚାଲୁ କରି ଯୋଗାଯୋଗ ପୁନଃସ୍ଥାପିତ ହୋଇଛି,NO,
1787944386054,Redmi Note 9 Pro,12,or,odia_large.int8.onnx,int8,or_27_long_tactical_7,7.16,CLEAN,3,WARM,3952,0.552,60.00,11.76,1241.13,1241.13,ତରିଲେତାର ତିନି ରେ ବିଦ୍ୁତ ସରବରାହ ବନ୍ଦ ଥିବା ସୁଚନା ମିଳିଛି ଜେନେରେଟର ଚାନୁ କରି ଜୋଗାଜୋଗ ପୁନ ସ୍ଥାପିତ ହୋଇଛି,ରିଲେ ଟାୱାର ତିନିରେ ବିଦ୍ୟୁତ ସରବରାହ ବନ୍ଦ ଥିବା ସୂଚନା ମିଳିଛି ଜେନେରେଟର ଚାଲୁ କରି ଯୋଗାଯୋଗ ପୁନଃସ୍ଥାପିତ ହୋଇଛି,NO,
1787944389538,Redmi Note 9 Pro,12,or,odia_large.int8.onnx,int8,or_28_long_tactical_8,5.89,CLEAN,1,WARM,3325,0.564,46.67,14.86,1240.27,1241.75,ମଳ ବ୍ରାବୋ ଜମାନ ରାସ୍ତା ଦେଇ ପଇଣ୍ଟ ପାଞ୍ଚ ଆଡକୁ ବଢୁଛି କୌଣସି ଅସୁବିଧା ନାହିଁ ସବୁ ସୁରଖଷିତ ଅଛି,ଦଳ ବ୍ରାଭୋ ଜଙ୍ଗଲ ରାସ୍ତା ଦେଇ ପଏଣ୍ଟ ପାଞ୍ଚ ଆଡ଼କୁ ବଢ଼ୁଛି କୌଣସି ଅସୁବିଧା ନାହିଁ ସବୁ ସୁରକ୍ଷିତ ଅଛି,NO,
1787944393214,Redmi Note 9 Pro,12,or,odia_large.int8.onnx,int8,or_28_long_tactical_8,5.89,CLEAN,2,WARM,3516,0.597,46.67,14.86,1241.09,1241.09,ମଳ ବ୍ରାବୋ ଜମାନ ରାସ୍ତା ଦେଇ ପଇଣ୍ଟ ପାଞ୍ଚ ଆଡକୁ ବଢୁଛି କୌଣସି ଅସୁବିଧା ନାହିଁ ସବୁ ସୁରଖଷିତ ଅଛି,ଦଳ ବ୍ରାଭୋ ଜଙ୍ଗଲ ରାସ୍ତା ଦେଇ ପଏଣ୍ଟ ପାଞ୍ଚ ଆଡ଼କୁ ବଢ଼ୁଛି କୌଣସି ଅସୁବିଧା ନାହିଁ ସବୁ ସୁରକ୍ଷିତ ଅଛି,NO,
1787944396582,Redmi Note 9 Pro,12,or,odia_large.int8.onnx,int8,or_28_long_tactical_8,5.89,CLEAN,3,WARM,3216,0.546,46.67,14.86,1242.03,1242.03,ମଳ ବ୍ରାବୋ ଜମାନ ରାସ୍ତା ଦେଇ ପଇଣ୍ଟ ପାଞ୍ଚ ଆଡକୁ ବଢୁଛି କୌଣସି ଅସୁବିଧା ନାହିଁ ସବୁ ସୁରଖଷିତ ଅଛି,ଦଳ ବ୍ରାଭୋ ଜଙ୍ଗଲ ରାସ୍ତା ଦେଇ ପଏଣ୍ଟ ପାଞ୍ଚ ଆଡ଼କୁ ବଢ଼ୁଛି କୌଣସି ଅସୁବିଧା ନାହିଁ ସବୁ ସୁରକ୍ଷିତ ଅଛି,NO,
1787944401088,Redmi Note 9 Pro,12,or,odia_large.int8.onnx,int8,or_29_long_tactical_9,8.00,CLEAN,1,WARM,4367,0.546,73.33,19.75,1241.94,1242.82,ଇନଜିନିଅରୀ ଦଳ ନଧି ପୁରକୁ ଭାରି ଯାଣା ପାଇଁ ବିପଦ ଜନକ ଘୋଷଣା କରିଛିସମସ୍ତ ଯାତାୟାତ ର ପୂର୍ବ ଦିଗକୁ ବଦହାଯାଇଛି,ଇଞ୍ଜିନିୟରିଂ ଦଳ ନଦୀ ପୋଲକୁ ଭାରୀ ଯାନ ପାଇଁ ବିପଜ୍ଜନକ ଘୋଷଣା କରିଛି ସମସ୍ତ ଯାତାୟାତ ପୂର୍ବ ଦିଗକୁ ବଦଳାଯାଇଛି,NO,
1787944405659,Redmi Note 9 Pro,12,or,odia_large.int8.onnx,int8,or_29_long_tactical_9,8.00,CLEAN,2,WARM,4436,0.555,73.33,19.75,1243.11,1243.11,ଇନଜିନିଅରୀ ଦଳ ନଧି ପୁରକୁ ଭାରି ଯାଣା ପାଇଁ ବିପଦ ଜନକ ଘୋଷଣା କରିଛିସମସ୍ତ ଯାତାୟାତ ର ପୂର୍ବ ଦିଗକୁ ବଦହାଯାଇଛି,ଇଞ୍ଜିନିୟରିଂ ଦଳ ନଦୀ ପୋଲକୁ ଭାରୀ ଯାନ ପାଇଁ ବିପଜ୍ଜନକ ଘୋଷଣା କରିଛି ସମସ୍ତ ଯାତାୟାତ ପୂର୍ବ ଦିଗକୁ ବଦଳାଯାଇଛି,NO,
1787944410584,Redmi Note 9 Pro,12,or,odia_large.int8.onnx,int8,or_29_long_tactical_9,8.00,CLEAN,3,WARM,4772,0.597,73.33,19.75,1240.64,1243.17,ଇନଜିନିଅରୀ ଦଳ ନଧି ପୁରକୁ ଭାରି ଯାଣା ପାଇଁ ବିପଦ ଜନକ ଘୋଷଣା କରିଛିସମସ୍ତ ଯାତାୟାତ ର ପୂର୍ବ ଦିଗକୁ ବଦହାଯାଇଛି,ଇଞ୍ଜିନିୟରିଂ ଦଳ ନଦୀ ପୋଲକୁ ଭାରୀ ଯାନ ପାଇଁ ବିପଜ୍ଜନକ ଘୋଷଣା କରିଛି ସମସ୍ତ ଯାତାୟାତ ପୂର୍ବ ଦିଗକୁ ବଦଳାଯାଇଛି,NO,
1787944415219,Redmi Note 9 Pro,12,or,odia_large.int8.onnx,int8,or_30_long_tactical_10,7.59,CLEAN,1,WARM,4476,0.590,50.00,23.08,1242.51,1242.51,ଛମୁଖ୍ଷୟ କାରଜ୍ାଣ ନିଶ୍ଚିତ କରୁଛି ସବୁ ମୋଖ୍ଷୟ ଫାପାକ ସୁରଖଷିତ ଅଛି ରାତିରୀ ପାଟରନିମ ଦଳ ତୁରନ୍ତ ଦାଇତ୍ ଗ୍ରହଣ କରନ୍ତୁ,ମୁଖ୍ୟ କାର୍ଯ୍ୟାଳୟ ନିଶ୍ଚିତ କରୁଛି ସବୁ ମୁଖ୍ୟ ଫାଟକ ସୁରକ୍ଷିତ ଅଛି ରାତ୍ରୀ ପାଟ୍ରୋଲିଂ ଦଳ ତୁରନ୍ତ ଦାୟିତ୍ୱ ଗ୍ରହଣ କରନ୍ତୁ,NO,
1787944419833,Redmi Note 9 Pro,12,or,odia_large.int8.onnx,int8,or_30_long_tactical_10,7.59,CLEAN,2,WARM,4464,0.588,50.00,23.08,1243.61,1243.61,ଛମୁଖ୍ଷୟ କାରଜ୍ାଣ ନିଶ୍ଚିତ କରୁଛି ସବୁ ମୋଖ୍ଷୟ ଫାପାକ ସୁରଖଷିତ ଅଛି ରାତିରୀ ପାଟରନିମ ଦଳ ତୁରନ୍ତ ଦାଇତ୍ ଗ୍ରହଣ କରନ୍ତୁ,ମୁଖ୍ୟ କାର୍ଯ୍ୟାଳୟ ନିଶ୍ଚିତ କରୁଛି ସବୁ ମୁଖ୍ୟ ଫାଟକ ସୁରକ୍ଷିତ ଅଛି ରାତ୍ରୀ ପାଟ୍ରୋଲିଂ ଦଳ ତୁରନ୍ତ ଦାୟିତ୍ୱ ଗ୍ରହଣ କରନ୍ତୁ,NO,
1787944424638,Redmi Note 9 Pro,12,or,odia_large.int8.onnx,int8,or_30_long_tactical_10,7.59,CLEAN,3,WARM,4646,0.612,50.00,23.08,1242.23,1243.68,ଛମୁଖ୍ଷୟ କାରଜ୍ାଣ ନିଶ୍ଚିତ କରୁଛି ସବୁ ମୋଖ୍ଷୟ ଫାପାକ ସୁରଖଷିତ ଅଛି ରାତିରୀ ପାଟରନିମ ଦଳ ତୁରନ୍ତ ଦାଇତ୍ ଗ୍ରହଣ କରନ୍ତୁ,ମୁଖ୍ୟ କାର୍ଯ୍ୟାଳୟ ନିଶ୍ଚିତ କରୁଛି ସବୁ ମୁଖ୍ୟ ଫାଟକ ସୁରକ୍ଷିତ ଅଛି ରାତ୍ରୀ ପାଟ୍ରୋଲିଂ ଦଳ ତୁରନ୍ତ ଦାୟିତ୍ୱ ଗ୍ରହଣ କରନ୍ତୁ,NO,
1787944471420,Redmi Note 9 Pro,12,ml,vakyansh_malayalam_base.int8.onnx,int8,ml_01_normal,4.21,CLEAN,1,COLD,951,0.226,83.33,7.89,481.33,481.33,എല്ലാ പട്രോളിൻക് ചെക്ക് പോസ്റുകളും സുരക്ഷിതം ാണ്െന്ന് റിപ്പോർട്ട് ചെയ്തിരിക്കുന്നു,എല്ലാ പട്രോളിംഗ് ചെക്ക്പോസ്റ്റുകളും സുരക്ഷിതമാണെന്ന് റിപ്പോർട്ട് ചെയ്തിരിക്കുന്നു,YES,
1787944472408,Redmi Note 9 Pro,12,ml,vakyansh_malayalam_base.int8.onnx,int8,ml_01_normal,4.21,CLEAN,2,WARM,905,0.215,83.33,7.89,480.06,480.06,എല്ലാ പട്രോളിൻക് ചെക്ക് പോസ്റുകളും സുരക്ഷിതം ാണ്െന്ന് റിപ്പോർട്ട് ചെയ്തിരിക്കുന്നു,എല്ലാ പട്രോളിംഗ് ചെക്ക്പോസ്റ്റുകളും സുരക്ഷിതമാണെന്ന് റിപ്പോർട്ട് ചെയ്തിരിക്കുന്നു,YES,
1787944473399,Redmi Note 9 Pro,12,ml,vakyansh_malayalam_base.int8.onnx,int8,ml_01_normal,4.21,CLEAN,3,WARM,911,0.217,83.33,7.89,480.74,480.74,എല്ലാ പട്രോളിൻക് ചെക്ക് പോസ്റുകളും സുരക്ഷിതം ാണ്െന്ന് റിപ്പോർട്ട് ചെയ്തിരിക്കുന്നു,എല്ലാ പട്രോളിംഗ് ചെക്ക്പോസ്റ്റുകളും സുരക്ഷിതമാണെന്ന് റിപ്പോർട്ട് ചെയ്തിരിക്കുന്നു,YES,
1787944473691,Redmi Note 9 Pro,12,ml,vakyansh_malayalam_base.int8.onnx,int8,ml_02_short,0.92,CLEAN,1,WARM,215,0.233,100.00,25.00,481.01,481.01,ബോജർ ബേസസ്,റോജർ ബേസ്,NO,
1787944473976,Redmi Note 9 Pro,12,ml,vakyansh_malayalam_base.int8.onnx,int8,ml_02_short,0.92,CLEAN,2,WARM,216,0.235,100.00,25.00,481.02,481.02,ബോജർ ബേസസ്,റോജർ ബേസ്,NO,
1787944474264,Redmi Note 9 Pro,12,ml,vakyansh_malayalam_base.int8.onnx,int8,ml_02_short,0.92,CLEAN,3,WARM,213,0.231,100.00,25.00,481.19,481.19,ബോജർ ബേസസ്,റോജർ ബേസ്,NO,
1787944475726,Redmi Note 9 Pro,12,ml,vakyansh_malayalam_base.int8.onnx,int8,ml_03_long,6.30,CLEAN,1,WARM,1373,0.218,40.00,8.54,520.10,520.10,ഞങ്ങളുടെ സംഖം പടിഞ്ഞാറൻ ഹൈവയിലൂടെ ജൻഷൻ ഏഴിലേക്ക് സാധാരണ പ്രവട്ടക്കോൾ പ്രകാരം നീങ്ങുന്നു,ഞങ്ങളുടെ സംഘം പടിഞ്ഞാറൻ ഹൈവേയിലൂടെ ജംഗ്ഷൻ ഏഴിലേക്ക് സാധാരണ പ്രോട്ടോക്കോൾ പ്രകാരം നീങ്ങുന്നു,YES,
1787944477170,Redmi Note 9 Pro,12,ml,vakyansh_malayalam_base.int8.onnx,int8,ml_03_long,6.30,CLEAN,2,WARM,1360,0.216,40.00,8.54,521.01,521.01,ഞങ്ങളുടെ സംഖം പടിഞ്ഞാറൻ ഹൈവയിലൂടെ ജൻഷൻ ഏഴിലേക്ക് സാധാരണ പ്രവട്ടക്കോൾ പ്രകാരം നീങ്ങുന്നു,ഞങ്ങളുടെ സംഘം പടിഞ്ഞാറൻ ഹൈവേയിലൂടെ ജംഗ്ഷൻ ഏഴിലേക്ക് സാധാരണ പ്രോട്ടോക്കോൾ പ്രകാരം നീങ്ങുന്നു,YES,
1787944478628,Redmi Note 9 Pro,12,ml,vakyansh_malayalam_base.int8.onnx,int8,ml_03_long,6.30,CLEAN,3,WARM,1374,0.218,40.00,8.54,519.45,520.95,ഞങ്ങളുടെ സംഖം പടിഞ്ഞാറൻ ഹൈവയിലൂടെ ജൻഷൻ ഏഴിലേക്ക് സാധാരണ പ്രവട്ടക്കോൾ പ്രകാരം നീങ്ങുന്നു,ഞങ്ങളുടെ സംഘം പടിഞ്ഞാറൻ ഹൈവേയിലൂടെ ജംഗ്ഷൻ ഏഴിലേക്ക് സാധാരണ പ്രോട്ടോക്കോൾ പ്രകാരം നീങ്ങുന്നു,YES,
1787944479628,Redmi Note 9 Pro,12,ml,vakyansh_malayalam_base.int8.onnx,int8,ml_04_numbers,4.28,CLEAN,1,WARM,914,0.213,100.00,15.25,520.55,520.55,സംഘത്തിൽ പന്ദ്രണട് അഗങ്ങളുണ്ട് ബാറ്ററി എഴുപതി അഞ്ച് ശദമാനം ആണ്,സംഘത്തിൽ പന്ത്രണ്ട് അംഗങ്ങളുണ്ട് ബാറ്ററി എഴുപത്തിയഞ്ച് ശതമാനമാണ്,YES,
1787944480629,Redmi Note 9 Pro,12,ml,vakyansh_malayalam_base.int8.onnx,int8,ml_04_numbers,4.28,CLEAN,2,WARM,917,0.214,100.00,15.25,521.19,521.19,സംഘത്തിൽ പന്ദ്രണട് അഗങ്ങളുണ്ട് ബാറ്ററി എഴുപതി അഞ്ച് ശദമാനം ആണ്,സംഘത്തിൽ പന്ത്രണ്ട് അംഗങ്ങളുണ്ട് ബാറ്ററി എഴുപത്തിയഞ്ച് ശതമാനമാണ്,YES,
1787944481648,Redmi Note 9 Pro,12,ml,vakyansh_malayalam_base.int8.onnx,int8,ml_04_numbers,4.28,CLEAN,3,WARM,939,0.219,100.00,15.25,519.56,521.23,സംഘത്തിൽ പന്ദ്രണട് അഗങ്ങളുണ്ട് ബാറ്ററി എഴുപതി അഞ്ച് ശദമാനം ആണ്,സംഘത്തിൽ പന്ത്രണ്ട് അംഗങ്ങളുണ്ട് ബാറ്ററി എഴുപത്തിയഞ്ച് ശതമാനമാണ്,YES,
1787944482801,Redmi Note 9 Pro,12,ml,vakyansh_malayalam_base.int8.onnx,int8,ml_05_location,4.99,CLEAN,1,WARM,1065,0.213,55.56,4.41,520.76,520.76,സ്റ്റേഷൻ ആലപ പ്രധാനക വാടത്തിൽ നിന്ന് അമ്പത് മീറ്റർ വടക്കായി സ്ഥിരി ചെയ്യുന്നു,സ്റ്റേഷൻ ആൽഫ പ്രധാന കവാടത്തിൽ നിന്ന് അമ്പത് മീറ്റർ വടക്കായി സ്ഥിതിചെയ്യുന്നു,YES,
1787944483949,Redmi Note 9 Pro,12,ml,vakyansh_malayalam_base.int8.onnx,int8,ml_05_location,4.99,CLEAN,2,WARM,1070,0.214,55.56,4.41,519.21,520.82,സ്റ്റേഷൻ ആലപ പ്രധാനക വാടത്തിൽ നിന്ന് അമ്പത് മീറ്റർ വടക്കായി സ്ഥിരി ചെയ്യുന്നു,സ്റ്റേഷൻ ആൽഫ പ്രധാന കവാടത്തിൽ നിന്ന് അമ്പത് മീറ്റർ വടക്കായി സ്ഥിതിചെയ്യുന്നു,YES,
1787944485104,Redmi Note 9 Pro,12,ml,vakyansh_malayalam_base.int8.onnx,int8,ml_05_location,4.99,CLEAN,3,WARM,1073,0.215,55.56,4.41,519.96,519.96,സ്റ്റേഷൻ ആലപ പ്രധാനക വാടത്തിൽ നിന്ന് അമ്പത് മീറ്റർ വടക്കായി സ്ഥിരി ചെയ്യുന്നു,സ്റ്റേഷൻ ആൽഫ പ്രധാന കവാടത്തിൽ നിന്ന് അമ്പത് മീറ്റർ വടക്കായി സ്ഥിതിചെയ്യുന്നു,YES,
1787944486046,Redmi Note 9 Pro,12,ml,vakyansh_malayalam_base.int8.onnx,int8,ml_06_emergency,3.99,CLEAN,1,WARM,858,0.215,71.43,12.50,520.92,520.92,അടിയന്തര മുന്നറിപ് സെക്കർനാലിൽ അടിയന്തര സഹായം ആവശ്യമാണ്,അടിയന്തിര മുന്നറിയിപ്പ് സെക്ടർ നാലിൽ അടിയന്തിര സഹായം ആവശ്യമാണ്,YES,
1787944486986,Redmi Note 9 Pro,12,ml,vakyansh_malayalam_base.int8.onnx,int8,ml_06_emergency,3.99,CLEAN,2,WARM,866,0.217,71.43,12.50,521.51,521.51,അടിയന്തര മുന്നറിപ് സെക്കർനാലിൽ അടിയന്തര സഹായം ആവശ്യമാണ്,അടിയന്തിര മുന്നറിയിപ്പ് സെക്ടർ നാലിൽ അടിയന്തിര സഹായം ആവശ്യമാണ്,YES,
1787944487942,Redmi Note 9 Pro,12,ml,vakyansh_malayalam_base.int8.onnx,int8,ml_06_emergency,3.99,CLEAN,3,WARM,870,0.218,71.43,12.50,522.23,522.23,അടിയന്തര മുന്നറിപ് സെക്കർനാലിൽ അടിയന്തര സഹായം ആവശ്യമാണ്,അടിയന്തിര മുന്നറിയിപ്പ് സെക്ടർ നാലിൽ അടിയന്തിര സഹായം ആവശ്യമാണ്,YES,
1787944488740,Redmi Note 9 Pro,12,ml,vakyansh_malayalam_base.int8.onnx,int8,ml_07_radio,3.33,CLEAN,1,WARM,712,0.214,33.33,8.57,520.30,520.30,രേഡിയോ പരിശോധന എൻറെ ശബ്ദം കേൾക്കാമോ ഓവർ,റേഡിയോ പരിശോധന എന്റെ ശബ്ദം കേൾക്കാമോ ഓവർ,YES,
1787944489535,Redmi Note 9 Pro,12,ml,vakyansh_malayalam_base.int8.onnx,int8,ml_07_radio,3.33,CLEAN,2,WARM,718,0.215,33.33,8.57,520.78,520.78,രേഡിയോ പരിശോധന എൻറെ ശബ്ദം കേൾക്കാമോ ഓവർ,റേഡിയോ പരിശോധന എന്റെ ശബ്ദം കേൾക്കാമോ ഓവർ,YES,
1787944490330,Redmi Note 9 Pro,12,ml,vakyansh_malayalam_base.int8.onnx,int8,ml_07_radio,3.33,CLEAN,3,WARM,709,0.213,33.33,8.57,521.28,521.28,രേഡിയോ പരിശോധന എൻറെ ശബ്ദം കേൾക്കാമോ ഓവർ,റേഡിയോ പരിശോധന എന്റെ ശബ്ദം കേൾക്കാമോ ഓവർ,YES,
1787944491167,Redmi Note 9 Pro,12,ml,vakyansh_malayalam_base.int8.onnx,int8,ml_08_punct,3.53,CLEAN,1,WARM,755,0.214,20.00,2.00,522.18,522.18,സ്ഥാനത്ത് തുടരുക അടുത്ത നിർദ്ദേശത്തിനായി കാത്തിരിക്കുവ,സ്ഥാനത്ത് തുടരുക അടുത്ത നിർദ്ദേശത്തിനായി കാത്തിരിക്കുക,YES,
1787944492026,Redmi Note 9 Pro,12,ml,vakyansh_malayalam_base.int8.onnx,int8,ml_08_punct,3.53,CLEAN,2,WARM,783,0.222,20.00,2.00,518.94,522.22,സ്ഥാനത്ത് തുടരുക അടുത്ത നിർദ്ദേശത്തിനായി കാത്തിരിക്കുവ,സ്ഥാനത്ത് തുടരുക അടുത്ത നിർദ്ദേശത്തിനായി കാത്തിരിക്കുക,YES,
1787944492886,Redmi Note 9 Pro,12,ml,vakyansh_malayalam_base.int8.onnx,int8,ml_08_punct,3.53,CLEAN,3,WARM,782,0.221,20.00,2.00,519.47,519.47,സ്ഥാനത്ത് തുടരുക അടുത്ത നിർദ്ദേശത്തിനായി കാത്തിരിക്കുവ,സ്ഥാനത്ത് തുടരുക അടുത്ത നിർദ്ദേശത്തിനായി കാത്തിരിക്കുക,YES,
1787944493668,Redmi Note 9 Pro,12,ml,vakyansh_malayalam_base.int8.onnx,int8,ml_09_proper_nouns,3.06,CLEAN,1,WARM,695,0.227,14.29,7.50,520.18,520.18,ടീം ലീഡർ വിക്രം ബേസിൽ ക്യാപ്റ്റൻ ശർമയേ കാണുക,ടീം ലീഡർ വിക്രം ബേസിൽ ക്യാപ്റ്റൻ ശർമ്മയെ കാണുക,YES,
1787944494448,Redmi Note 9 Pro,12,ml,vakyansh_malayalam_base.int8.onnx,int8,ml_09_proper_nouns,3.06,CLEAN,2,WARM,684,0.224,14.29,7.50,520.63,520.63,ടീം ലീഡർ വിക്രം ബേസിൽ ക്യാപ്റ്റൻ ശർമയേ കാണുക,ടീം ലീഡർ വിക്രം ബേസിൽ ക്യാപ്റ്റൻ ശർമ്മയെ കാണുക,YES,
1787944495219,Redmi Note 9 Pro,12,ml,vakyansh_malayalam_base.int8.onnx,int8,ml_09_proper_nouns,3.06,CLEAN,3,WARM,688,0.225,14.29,7.50,521.09,521.09,ടീം ലീഡർ വിക്രം ബേസിൽ ക്യാപ്റ്റൻ ശർമയേ കാണുക,ടീം ലീഡർ വിക്രം ബേസിൽ ക്യാപ്റ്റൻ ശർമ്മയെ കാണുക,YES,
1787944496076,Redmi Note 9 Pro,12,ml,vakyansh_malayalam_base.int8.onnx,int8,ml_10_fast,3.45,CLEAN,1,WARM,773,0.224,0.00,0.00,519.66,521.45,വേഗത്തിലുള്ള വിവരം സംഘം ഇപ്പോൾ പരിസരത്ത് പ്രവേശിക്കുന്നു,വേഗത്തിലുള്ള വിവരം സംഘം ഇപ്പോൾ പരിസരത്ത് പ്രവേശിക്കുന്നു,YES,
1787944496968,Redmi Note 9 Pro,12,ml,vakyansh_malayalam_base.int8.onnx,int8,ml_10_fast,3.45,CLEAN,2,WARM,798,0.231,0.00,0.00,520.19,520.19,വേഗത്തിലുള്ള വിവരം സംഘം ഇപ്പോൾ പരിസരത്ത് പ്രവേശിക്കുന്നു,വേഗത്തിലുള്ള വിവരം സംഘം ഇപ്പോൾ പരിസരത്ത് പ്രവേശിക്കുന്നു,YES,
1787944497847,Redmi Note 9 Pro,12,ml,vakyansh_malayalam_base.int8.onnx,int8,ml_10_fast,3.45,CLEAN,3,WARM,801,0.232,0.00,0.00,520.72,520.72,വേഗത്തിലുള്ള വിവരം സംഘം ഇപ്പോൾ പരിസരത്ത് പ്രവേശിക്കുന്നു,വേഗത്തിലുള്ള വിവരം സംഘം ഇപ്പോൾ പരിസരത്ത് പ്രവേശിക്കുന്നു,YES,
1787944498787,Redmi Note 9 Pro,12,ml,vakyansh_malayalam_base.int8.onnx,int8,ml_11_tactical_1,3.75,CLEAN,1,WARM,850,0.227,28.57,5.88,521.63,521.63,റേഡ് അലേരിട്ട് എല്ലാ ടീമുകളും സുരക്ഷിത സ്ഥാനത്തേക്ക് മാറുക,റെഡ് അലേർട്ട് എല്ലാ ടീമുകളും സുരക്ഷിത സ്ഥാനത്തേക്ക് മാറുക,YES,
1787944499717,Redmi Note 9 Pro,12,ml,vakyansh_malayalam_base.int8.onnx,int8,ml_11_tactical_1,3.75,CLEAN,2,WARM,849,0.227,28.57,5.88,518.93,521.67,റേഡ് അലേരിട്ട് എല്ലാ ടീമുകളും സുരക്ഷിത സ്ഥാനത്തേക്ക് മാറുക,റെഡ് അലേർട്ട് എല്ലാ ടീമുകളും സുരക്ഷിത സ്ഥാനത്തേക്ക് മാറുക,YES,
1787944500647,Redmi Note 9 Pro,12,ml,vakyansh_malayalam_base.int8.onnx,int8,ml_11_tactical_1,3.75,CLEAN,3,WARM,855,0.228,28.57,5.88,519.49,519.49,റേഡ് അലേരിട്ട് എല്ലാ ടീമുകളും സുരക്ഷിത സ്ഥാനത്തേക്ക് മാറുക,റെഡ് അലേർട്ട് എല്ലാ ടീമുകളും സുരക്ഷിത സ്ഥാനത്തേക്ക് മാറുക,YES,
1787944501371,Redmi Note 9 Pro,12,ml,vakyansh_malayalam_base.int8.onnx,int8,ml_12_tactical_2,2.74,CLEAN,1,WARM,630,0.230,40.00,13.51,520.17,520.17,മെഡിക്കൽ ഡിമിനെേ സെക്ടർ ഒമപതിലേക്കെ അയച്ചു,മെഡിക്കൽ ടീമിനെ സെക്ടർ ഒൻപതിലേക്ക് അയച്ചു,YES,
1787944502098,Redmi Note 9 Pro,12,ml,vakyansh_malayalam_base.int8.onnx,int8,ml_12_tactical_2,2.74,CLEAN,2,WARM,649,0.236,40.00,13.51,520.59,520.59,മെഡിക്കൽ ഡിമിനെേ സെക്ടർ ഒമപതിലേക്കെ അയച്ചു,മെഡിക്കൽ ടീമിനെ സെക്ടർ ഒൻപതിലേക്ക് അയച്ചു,YES,
1787944502841,Redmi Note 9 Pro,12,ml,vakyansh_malayalam_base.int8.onnx,int8,ml_12_tactical_2,2.74,CLEAN,3,WARM,655,0.239,40.00,13.51,521.01,521.01,മെഡിക്കൽ ഡിമിനെേ സെക്ടർ ഒമപതിലേക്കെ അയച്ചു,മെഡിക്കൽ ടീമിനെ സെക്ടർ ഒൻപതിലേക്ക് അയച്ചു,YES,
1787944503720,Redmi Note 9 Pro,12,ml,vakyansh_malayalam_base.int8.onnx,int8,ml_13_tactical_3,3.34,CLEAN,1,WARM,785,0.235,66.67,14.63,521.83,521.83,ഓക്സിജൻ അളവ നാല്പത് ശേദമാനം ഉടൻ പുറത്തിറങ്ങനുക,ഓക്സിജൻ അളവ് നാൽപ്പത് ശതമാനം ഉടൻ പുറത്തിറങ്ങുക,YES,
1787944504588,Redmi Note 9 Pro,12,ml,vakyansh_malayalam_base.int8.onnx,int8,ml_13_tactical_3,3.34,CLEAN,2,WARM,785,0.235,66.67,14.63,519.69,521.99,ഓക്സിജൻ അളവ നാല്പത് ശേദമാനം ഉടൻ പുറത്തിറങ്ങനുക,ഓക്സിജൻ അളവ് നാൽപ്പത് ശതമാനം ഉടൻ പുറത്തിറങ്ങുക,YES,
1787944505459,Redmi Note 9 Pro,12,ml,vakyansh_malayalam_base.int8.onnx,int8,ml_13_tactical_3,3.34,CLEAN,3,WARM,788,0.236,66.67,14.63,520.19,520.19,ഓക്സിജൻ അളവ നാല്പത് ശേദമാനം ഉടൻ പുറത്തിറങ്ങനുക,ഓക്സിജൻ അളവ് നാൽപ്പത് ശതമാനം ഉടൻ പുറത്തിറങ്ങുക,YES,
1787944506230,Redmi Note 9 Pro,12,ml,vakyansh_malayalam_base.int8.onnx,int8,ml_14_tactical_4,2.88,CLEAN,1,WARM,681,0.237,60.00,6.06,520.91,520.91,വെയർ ഹസ് രണ്ടിൽ കരത്ത പുക കാണപ്പെട്ടു,വെയർഹൗസ് രണ്ടിൽ കനത്ത പുക കാണപ്പെട്ടു,NO,
1787944507023,Redmi Note 9 Pro,12,ml,vakyansh_malayalam_base.int8.onnx,int8,ml_14_tactical_4,2.88,CLEAN,2,WARM,700,0.243,60.00,6.06,521.34,521.34,വെയർ ഹസ് രണ്ടിൽ കരത്ത പുക കാണപ്പെട്ടു,വെയർഹൗസ് രണ്ടിൽ കനത്ത പുക കാണപ്പെട്ടു,NO,
1787944507812,Redmi Note 9 Pro,12,ml,vakyansh_malayalam_base.int8.onnx,int8,ml_14_tactical_4,2.88,CLEAN,3,WARM,699,0.243,60.00,6.06,521.78,521.78,വെയർ ഹസ് രണ്ടിൽ കരത്ത പുക കാണപ്പെട്ടു,വെയർഹൗസ് രണ്ടിൽ കനത്ത പുക കാണപ്പെട്ടു,NO,
1787944508713,Redmi Note 9 Pro,12,ml,vakyansh_malayalam_base.int8.onnx,int8,ml_15_tactical_5,3.26,CLEAN,1,WARM,803,0.246,60.00,8.11,519.09,522.15,അതിത്തി വേലിക്ക് സമീപം സംശയ ആസ്പദമാര ചലനം,അതിർത്തി വേലിക്ക് സമീപം സംശയാസ്പദമായ ചലനം,NO,
1787944509603,Redmi Note 9 Pro,12,ml,vakyansh_malayalam_base.int8.onnx,int8,ml_15_tactical_5,3.26,CLEAN,2,WARM,801,0.245,60.00,8.11,519.58,519.58,അതിത്തി വേലിക്ക് സമീപം സംശയ ആസ്പദമാര ചലനം,അതിർത്തി വേലിക്ക് സമീപം സംശയാസ്പദമായ ചലനം,NO,
1787944510502,Redmi Note 9 Pro,12,ml,vakyansh_malayalam_base.int8.onnx,int8,ml_15_tactical_5,3.26,CLEAN,3,WARM,806,0.247,60.00,8.11,520.07,520.07,അതിത്തി വേലിക്ക് സമീപം സംശയ ആസ്പദമാര ചലനം,അതിർത്തി വേലിക്ക് സമീപം സംശയാസ്പദമായ ചലനം,NO,
1787944511876,Redmi Note 9 Pro,12,ml,vakyansh_malayalam_base.int8.onnx,int8,ml_16_coords_1,5.05,CLEAN,1,WARM,1264,0.250,62.50,14.75,521.27,521.27,അക്ഷാംശം പന്ദ്രൻട് പോയിനത് അഞ്ചു രേഖാംശം എഴുപത്തിേഴ്ു പോയിന്ത് ആറ്,അക്ഷാംശം പന്ത്രണ്ട് പോയിന്റ് അഞ്ച് രേഖാംശം എഴുപത്തിയേഴ് പോയിന്റ് ആറ്,YES,
1787944513247,Redmi Note 9 Pro,12,ml,vakyansh_malayalam_base.int8.onnx,int8,ml_16_coords_1,5.05,CLEAN,2,WARM,1273,0.252,62.50,14.75,519.81,521.32,അക്ഷാംശം പന്ദ്രൻട് പോയിനത് അഞ്ചു രേഖാംശം എഴുപത്തിേഴ്ു പോയിന്ത് ആറ്,അക്ഷാംശം പന്ത്രണ്ട് പോയിന്റ് അഞ്ച് രേഖാംശം എഴുപത്തിയേഴ് പോയിന്റ് ആറ്,YES,
1787944514624,Redmi Note 9 Pro,12,ml,vakyansh_malayalam_base.int8.onnx,int8,ml_16_coords_1,5.05,CLEAN,3,WARM,1281,0.254,62.50,14.75,520.56,520.56,അക്ഷാംശം പന്ദ്രൻട് പോയിനത് അഞ്ചു രേഖാംശം എഴുപത്തിേഴ്ു പോയിന്ത് ആറ്,അക്ഷാംശം പന്ത്രണ്ട് പോയിന്റ് അഞ്ച് രേഖാംശം എഴുപത്തിയേഴ് പോയിന്റ് ആറ്,YES,
1787944515382,Redmi Note 9 Pro,12,ml,vakyansh_malayalam_base.int8.onnx,int8,ml_17_coords_2,2.65,CLEAN,1,WARM,665,0.251,100.00,18.42,521.23,521.23,ചെക്ക് പോയന്ത് ഡെലച്റ് ഉയരം മുന്നൂറുമീറ്റ്,ചെക്ക്പോയിന്റ് ഡെൽറ്റ ഉയരം മുന്നൂറ് മീറ്റർ,YES,
1787944516143,Redmi Note 9 Pro,12,ml,vakyansh_malayalam_base.int8.onnx,int8,ml_17_coords_2,2.65,CLEAN,2,WARM,670,0.253,100.00,18.42,521.63,521.63,ചെക്ക് പോയന്ത് ഡെലച്റ് ഉയരം മുന്നൂറുമീറ്റ്,ചെക്ക്പോയിന്റ് ഡെൽറ്റ ഉയരം മുന്നൂറ് മീറ്റർ,YES,
1787944516981,Redmi Note 9 Pro,12,ml,vakyansh_malayalam_base.int8.onnx,int8,ml_17_coords_2,2.65,CLEAN,3,WARM,734,0.277,100.00,18.42,522.05,522.05,ചെക്ക് പോയന്ത് ഡെലച്റ് ഉയരം മുന്നൂറുമീറ്റ്,ചെക്ക്പോയിന്റ് ഡെൽറ്റ ഉയരം മുന്നൂറ് മീറ്റർ,YES,
1787944517981,Redmi Note 9 Pro,12,ml,vakyansh_malayalam_base.int8.onnx,int8,ml_18_coords_3,3.09,CLEAN,1,WARM,874,0.283,50.00,11.36,519.08,522.42,കെറ്റിടം നാലു മുറി നമ്പർ ഇരുപത്തിെറ്ട് സുരക്ഷിതം,കെട്ടിടം നാല് മുറി നമ്പർ ഇരുപത്തിയെട്ട് സുരക്ഷിതം,NO,
1787944518943,Redmi Note 9 Pro,12,ml,vakyansh_malayalam_base.int8.onnx,int8,ml_18_coords_3,3.09,CLEAN,2,WARM,847,0.274,50.00,11.36,519.55,519.55,കെറ്റിടം നാലു മുറി നമ്പർ ഇരുപത്തിെറ്ട് സുരക്ഷിതം,കെട്ടിടം നാല് മുറി നമ്പർ ഇരുപത്തിയെട്ട് സുരക്ഷിതം,NO,
1787944519899,Redmi Note 9 Pro,12,ml,vakyansh_malayalam_base.int8.onnx,int8,ml_18_coords_3,3.09,CLEAN,3,WARM,849,0.275,50.00,11.36,520.02,520.02,കെറ്റിടം നാലു മുറി നമ്പർ ഇരുപത്തിെറ്ട് സുരക്ഷിതം,കെട്ടിടം നാല് മുറി നമ്പർ ഇരുപത്തിയെട്ട് സുരക്ഷിതം,NO,
1787944520890,Redmi Note 9 Pro,12,ml,vakyansh_malayalam_base.int8.onnx,int8,ml_19_coords_4,3.19,CLEAN,1,WARM,872,0.274,16.67,6.25,520.82,520.82,വേരേദ മണിക്കൂറിൽ മുപ്പത് കിലോമീറ്റർ തെക്ക് ഭാഗത്തേക്ക്,വേഗത മണിക്കൂറിൽ മുപ്പത് കിലോമീറ്റർ തെക്ക് ഭാഗത്തേക്ക്,YES,
1787944521802,Redmi Note 9 Pro,12,ml,vakyansh_malayalam_base.int8.onnx,int8,ml_19_coords_4,3.19,CLEAN,2,WARM,818,0.257,16.67,6.25,521.38,521.38,വേരേദ മണിക്കൂറിൽ മുപ്പത് കിലോമീറ്റർ തെക്ക് ഭാഗത്തേക്ക്,വേഗത മണിക്കൂറിൽ മുപ്പത് കിലോമീറ്റർ തെക്ക് ഭാഗത്തേക്ക്,YES,
1787944522697,Redmi Note 9 Pro,12,ml,vakyansh_malayalam_base.int8.onnx,int8,ml_19_coords_4,3.19,CLEAN,3,WARM,793,0.249,16.67,6.25,519.45,519.45,വേരേദ മണിക്കൂറിൽ മുപ്പത് കിലോമീറ്റർ തെക്ക് ഭാഗത്തേക്ക്,വേഗത മണിക്കൂറിൽ മുപ്പത് കിലോമീറ്റർ തെക്ക് ഭാഗത്തേക്ക്,YES,
1787944523488,Redmi Note 9 Pro,12,ml,vakyansh_malayalam_base.int8.onnx,int8,ml_20_coords_5,2.70,CLEAN,1,WARM,682,0.252,100.00,34.48,520.13,520.13,പിലേ തവർ അഞ്ചു സിഡ്നിൽ എണ്ടത് ശദമാനും,റിലേ ടവർ അഞ്ച് സിഗ്നൽ എൺപത് ശതമാനം,NO,
1787944524263,Redmi Note 9 Pro,12,ml,vakyansh_malayalam_base.int8.onnx,int8,ml_20_coords_5,2.70,CLEAN,2,WARM,683,0.253,100.00,34.48,520.54,520.54,പിലേ തവർ അഞ്ചു സിഡ്നിൽ എണ്ടത് ശദമാനും,റിലേ ടവർ അഞ്ച് സിഗ്നൽ എൺപത് ശതമാനം,NO,
1787944525023,Redmi Note 9 Pro,12,ml,vakyansh_malayalam_base.int8.onnx,int8,ml_20_coords_5,2.70,CLEAN,3,WARM,669,0.247,100.00,34.48,520.93,520.93,പിലേ തവർ അഞ്ചു സിഡ്നിൽ എണ്ടത് ശദമാനും,റിലേ ടവർ അഞ്ച് സിഗ്നൽ എൺപത് ശതമാനം,NO,
1787944527725,Redmi Note 9 Pro,12,ml,vakyansh_malayalam_base.int8.onnx,int8,ml_21_long_tactical_1,9.65,CLEAN,1,WARM,2592,0.269,64.71,18.70,591.16,591.16,കൂൺപോയി ആത്പ ഒന്നു ബേസ് വ്യാവോയ അറിയിക്കുന്നു ഗീട് കോടിനേറ്റ് നാല്പത്തി രണ്ടിനു സമീവം പടിഞ്ഞാറൻ വേലി തകരുന്നു അടിയെന്തര ചികിത്സ സഹായം വേണം,കോൺവോയ് ആൽഫ ഒന്ന് ബേസ് ബ്രാവോയെ അറിയിക്കുന്നു ഗ്രിഡ് കോർഡിനേറ്റ് നാൽപ്പത്തിരണ്ടിന് സമീപം പടിഞ്ഞാറൻ വേലി തകർന്നു അടിയന്തര ചികിത്സ സഹായം വേണം,NO,
1787944530360,Redmi Note 9 Pro,12,ml,vakyansh_malayalam_base.int8.onnx,int8,ml_21_long_tactical_1,9.65,CLEAN,2,WARM,2533,0.263,64.71,18.70,713.14,713.14,കൂൺപോയി ആത്പ ഒന്നു ബേസ് വ്യാവോയ അറിയിക്കുന്നു ഗീട് കോടിനേറ്റ് നാല്പത്തി രണ്ടിനു സമീവം പടിഞ്ഞാറൻ വേലി തകരുന്നു അടിയെന്തര ചികിത്സ സഹായം വേണം,കോൺവോയ് ആൽഫ ഒന്ന് ബേസ് ബ്രാവോയെ അറിയിക്കുന്നു ഗ്രിഡ് കോർഡിനേറ്റ് നാൽപ്പത്തിരണ്ടിന് സമീപം പടിഞ്ഞാറൻ വേലി തകർന്നു അടിയന്തര ചികിത്സ സഹായം വേണം,NO,
1787944533010,Redmi Note 9 Pro,12,ml,vakyansh_malayalam_base.int8.onnx,int8,ml_21_long_tactical_1,9.65,CLEAN,3,WARM,2547,0.264,64.71,18.70,711.83,713.25,കൂൺപോയി ആത്പ ഒന്നു ബേസ് വ്യാവോയ അറിയിക്കുന്നു ഗീട് കോടിനേറ്റ് നാല്പത്തി രണ്ടിനു സമീവം പടിഞ്ഞാറൻ വേലി തകരുന്നു അടിയെന്തര ചികിത്സ സഹായം വേണം,കോൺവോയ് ആൽഫ ഒന്ന് ബേസ് ബ്രാവോയെ അറിയിക്കുന്നു ഗ്രിഡ് കോർഡിനേറ്റ് നാൽപ്പത്തിരണ്ടിന് സമീപം പടിഞ്ഞാറൻ വേലി തകർന്നു അടിയന്തര ചികിത്സ സഹായം വേണം,NO,
1787944535450,Redmi Note 9 Pro,12,ml,vakyansh_malayalam_base.int8.onnx,int8,ml_22_long_tactical_2,8.75,CLEAN,1,WARM,2323,0.265,33.33,6.03,711.94,712.78,സ്റ്റേഷൻ ഡെലപ്പ സ്ഥിരീരിക്കുന്നു സെക്കർ മൂന്നിൽ ഓക്സിജൻ നില മുപ്പത് ശതമാനമായി കുറഞ്ഞു എല്ലാ ജീവനക്കാരും തെക്കൻ േറ്റിലേക്ക് ാറുക,സ്റ്റേഷൻ ഡെൽറ്റ സ്ഥിരീകരിക്കുന്നു സെക്ടർ മൂന്നിൽ ഓക്സിജൻ നില മുപ്പത് ശതമാനമായി കുറഞ്ഞു എല്ലാ ജീവനക്കാരും തെക്കൻ ഗേറ്റിലേക്ക് മാറുക,YES,
1787944538019,Redmi Note 9 Pro,12,ml,vakyansh_malayalam_base.int8.onnx,int8,ml_22_long_tactical_2,8.75,CLEAN,2,WARM,2452,0.280,33.33,6.03,713.24,713.24,സ്റ്റേഷൻ ഡെലപ്പ സ്ഥിരീരിക്കുന്നു സെക്കർ മൂന്നിൽ ഓക്സിജൻ നില മുപ്പത് ശതമാനമായി കുറഞ്ഞു എല്ലാ ജീവനക്കാരും തെക്കൻ േറ്റിലേക്ക് ാറുക,സ്റ്റേഷൻ ഡെൽറ്റ സ്ഥിരീകരിക്കുന്നു സെക്ടർ മൂന്നിൽ ഓക്സിജൻ നില മുപ്പത് ശതമാനമായി കുറഞ്ഞു എല്ലാ ജീവനക്കാരും തെക്കൻ ഗേറ്റിലേക്ക് മാറുക,YES,
1787944540628,Redmi Note 9 Pro,12,ml,vakyansh_malayalam_base.int8.onnx,int8,ml_22_long_tactical_2,8.75,CLEAN,3,WARM,2485,0.284,33.33,6.03,714.58,714.58,സ്റ്റേഷൻ ഡെലപ്പ സ്ഥിരീരിക്കുന്നു സെക്കർ മൂന്നിൽ ഓക്സിജൻ നില മുപ്പത് ശതമാനമായി കുറഞ്ഞു എല്ലാ ജീവനക്കാരും തെക്കൻ േറ്റിലേക്ക് ാറുക,സ്റ്റേഷൻ ഡെൽറ്റ സ്ഥിരീകരിക്കുന്നു സെക്ടർ മൂന്നിൽ ഓക്സിജൻ നില മുപ്പത് ശതമാനമായി കുറഞ്ഞു എല്ലാ ജീവനക്കാരും തെക്കൻ ഗേറ്റിലേക്ക് മാറുക,YES,
1787944542879,Redmi Note 9 Pro,12,ml,vakyansh_malayalam_base.int8.onnx,int8,ml_23_long_tactical_3,7.91,CLEAN,1,WARM,2123,0.268,41.67,7.83,712.41,715.40,തിരച്ചിൽ രക്ഷാസംഘം പന്ത്രന വെള്ള പൊക്ക പ്രദേശത്തേക്ക നീങ്ങുന്നു വെള്ളം രണ്ട് മീറ്റർ ഉയേരന്നു ബോട്ടുകൾ സജ്ജമാക്കിയിട്ടുണ്ട്,തിരച്ചിൽ രക്ഷാസംഘം പന്ത്രണ്ട് വെള്ളപ്പൊക്ക പ്രദേശത്തേക്ക് നീങ്ങുന്നു വെള്ളം രണ്ട് മീറ്റർ ഉയർന്നു ബോട്ടുകൾ സജ്ജമാക്കിയിട്ടുണ്ട്,YES,
1787944545049,Redmi Note 9 Pro,12,ml,vakyansh_malayalam_base.int8.onnx,int8,ml_23_long_tactical_3,7.91,CLEAN,2,WARM,2065,0.261,41.67,7.83,713.64,713.64,തിരച്ചിൽ രക്ഷാസംഘം പന്ത്രന വെള്ള പൊക്ക പ്രദേശത്തേക്ക നീങ്ങുന്നു വെള്ളം രണ്ട് മീറ്റർ ഉയേരന്നു ബോട്ടുകൾ സജ്ജമാക്കിയിട്ടുണ്ട്,തിരച്ചിൽ രക്ഷാസംഘം പന്ത്രണ്ട് വെള്ളപ്പൊക്ക പ്രദേശത്തേക്ക് നീങ്ങുന്നു വെള്ളം രണ്ട് മീറ്റർ ഉയർന്നു ബോട്ടുകൾ സജ്ജമാക്കിയിട്ടുണ്ട്,YES,
1787944547305,Redmi Note 9 Pro,12,ml,vakyansh_malayalam_base.int8.onnx,int8,ml_23_long_tactical_3,7.91,CLEAN,3,WARM,2148,0.272,41.67,7.83,714.82,714.82,തിരച്ചിൽ രക്ഷാസംഘം പന്ത്രന വെള്ള പൊക്ക പ്രദേശത്തേക്ക നീങ്ങുന്നു വെള്ളം രണ്ട് മീറ്റർ ഉയേരന്നു ബോട്ടുകൾ സജ്ജമാക്കിയിട്ടുണ്ട്,തിരച്ചിൽ രക്ഷാസംഘം പന്ത്രണ്ട് വെള്ളപ്പൊക്ക പ്രദേശത്തേക്ക് നീങ്ങുന്നു വെള്ളം രണ്ട് മീറ്റർ ഉയർന്നു ബോട്ടുകൾ സജ്ജമാക്കിയിട്ടുണ്ട്,YES,
1787944549868,Redmi Note 9 Pro,12,ml,vakyansh_malayalam_base.int8.onnx,int8,ml_24_long_tactical_4,8.45,CLEAN,1,WARM,2427,0.287,53.33,8.04,711.32,715.70,അടിയന്തര മൂന്നറിയിപ്പ് തീരദേശ സെക്കർ ഏഴിൽ കണത്ത കാറ്റും മഴയും വീഷശുന്നു കാറ്റിൻറെ വഗത എഴുപതി കിലോമീറ്റർ സുരക്ഷിതമായി ഇരിക്കുവ,അടിയന്തര മുന്നറിയിപ്പ് തീരദേശ സെക്ടർ ഏഴിൽ കനത്ത കാറ്റും മഴയും വീശുന്നു കാറ്റിന്റെ വേഗത എഴുപത് കിലോമീറ്റർ സുരക്ഷിതമായി ഇരിക്കുക,YES,
1787944552297,Redmi Note 9 Pro,12,ml,vakyansh_malayalam_base.int8.onnx,int8,ml_24_long_tactical_4,8.45,CLEAN,2,WARM,2322,0.275,53.33,8.04,712.58,712.58,അടിയന്തര മൂന്നറിയിപ്പ് തീരദേശ സെക്കർ ഏഴിൽ കണത്ത കാറ്റും മഴയും വീഷശുന്നു കാറ്റിൻറെ വഗത എഴുപതി കിലോമീറ്റർ സുരക്ഷിതമായി ഇരിക്കുവ,അടിയന്തര മുന്നറിയിപ്പ് തീരദേശ സെക്ടർ ഏഴിൽ കനത്ത കാറ്റും മഴയും വീശുന്നു കാറ്റിന്റെ വേഗത എഴുപത് കിലോമീറ്റർ സുരക്ഷിതമായി ഇരിക്കുക,YES,
1787944554629,Redmi Note 9 Pro,12,ml,vakyansh_malayalam_base.int8.onnx,int8,ml_24_long_tactical_4,8.45,CLEAN,3,WARM,2228,0.264,53.33,8.04,713.91,715.52,അടിയന്തര മൂന്നറിയിപ്പ് തീരദേശ സെക്കർ ഏഴിൽ കണത്ത കാറ്റും മഴയും വീഷശുന്നു കാറ്റിൻറെ വഗത എഴുപതി കിലോമീറ്റർ സുരക്ഷിതമായി ഇരിക്കുവ,അടിയന്തര മുന്നറിയിപ്പ് തീരദേശ സെക്ടർ ഏഴിൽ കനത്ത കാറ്റും മഴയും വീശുന്നു കാറ്റിന്റെ വേഗത എഴുപത് കിലോമീറ്റർ സുരക്ഷിതമായി ഇരിക്കുക,YES,
1787944556976,Redmi Note 9 Pro,12,ml,vakyansh_malayalam_base.int8.onnx,int8,ml_25_long_tactical_5,8.29,CLEAN,1,WARM,2222,0.268,61.54,12.50,713.28,714.90,കമാൻഡ് സെന് പട്ട്രോളിംഗ് സംഖത്തോടു പടിഞ്ഞാറൻ ഹൈവെ ജങഷൻ നാലിൽ എത്താനും രേഡിയോ ബെന്ദം നിലനിത്താനും നിർദ്ദേശിക്കുന്നു,കമാൻഡ് സെന്റർ പട്രോളിംഗ് സംഘത്തോട് പടിഞ്ഞാറൻ ഹൈവേ ജംഗ്ഷൻ നാലിൽ എത്താനും റേഡിയോ ബന്ധം നിലനിർത്താനും നിർദ്ദേശിക്കുന്നു,YES,
1787944559447,Redmi Note 9 Pro,12,ml,vakyansh_malayalam_base.int8.onnx,int8,ml_25_long_tactical_5,8.29,CLEAN,2,WARM,2350,0.284,61.54,12.50,714.50,714.50,കമാൻഡ് സെന് പട്ട്രോളിംഗ് സംഖത്തോടു പടിഞ്ഞാറൻ ഹൈവെ ജങഷൻ നാലിൽ എത്താനും രേഡിയോ ബെന്ദം നിലനിത്താനും നിർദ്ദേശിക്കുന്നു,കമാൻഡ് സെന്റർ പട്രോളിംഗ് സംഘത്തോട് പടിഞ്ഞാറൻ ഹൈവേ ജംഗ്ഷൻ നാലിൽ എത്താനും റേഡിയോ ബന്ധം നിലനിർത്താനും നിർദ്ദേശിക്കുന്നു,YES,
1787944561882,Redmi Note 9 Pro,12,ml,vakyansh_malayalam_base.int8.onnx,int8,ml_25_long_tactical_5,8.29,CLEAN,3,WARM,2313,0.279,61.54,12.50,711.33,714.58,കമാൻഡ് സെന് പട്ട്രോളിംഗ് സംഖത്തോടു പടിഞ്ഞാറൻ ഹൈവെ ജങഷൻ നാലിൽ എത്താനും രേഡിയോ ബെന്ദം നിലനിത്താനും നിർദ്ദേശിക്കുന്നു,കമാൻഡ് സെന്റർ പട്രോളിംഗ് സംഘത്തോട് പടിഞ്ഞാറൻ ഹൈവേ ജംഗ്ഷൻ നാലിൽ എത്താനും റേഡിയോ ബന്ധം നിലനിർത്താനും നിർദ്ദേശിക്കുന്നു,YES,
1787944563841,Redmi Note 9 Pro,12,ml,vakyansh_malayalam_base.int8.onnx,int8,ml_26_long_tactical_6,7.03,CLEAN,1,WARM,1834,0.261,63.64,13.83,713.03,713.03,വൈദ്യ സഹായ സംഘം ക്യാമപു ഒമ്പതിൽ എത്തിച്ചെരുന്ന ഭക്ഷണവും പ്രതമ ശുശൂഷ സാമതികളും വിതരണം ചെയ്യാൻ തുടങ്ങി,വൈദ്യസഹായ സംഘം ക്യാമ്പ് ഒമ്പതിൽ എത്തിച്ചേർന്നു ഭക്ഷണവും പ്രഥമശുശ്രൂഷാ സാമഗ്രികളും വിതരണം ചെയ്യാൻ തുടങ്ങി,NO,
1787944565750,Redmi Note 9 Pro,12,ml,vakyansh_malayalam_base.int8.onnx,int8,ml_26_long_tactical_6,7.03,CLEAN,2,WARM,1804,0.257,63.64,13.83,714.07,714.07,വൈദ്യ സഹായ സംഘം ക്യാമപു ഒമ്പതിൽ എത്തിച്ചെരുന്ന ഭക്ഷണവും പ്രതമ ശുശൂഷ സാമതികളും വിതരണം ചെയ്യാൻ തുടങ്ങി,വൈദ്യസഹായ സംഘം ക്യാമ്പ് ഒമ്പതിൽ എത്തിച്ചേർന്നു ഭക്ഷണവും പ്രഥമശുശ്രൂഷാ സാമഗ്രികളും വിതരണം ചെയ്യാൻ തുടങ്ങി,NO,
1787944567817,Redmi Note 9 Pro,12,ml,vakyansh_malayalam_base.int8.onnx,int8,ml_26_long_tactical_6,7.03,CLEAN,3,WARM,1950,0.278,63.64,13.83,712.73,714.14,വൈദ്യ സഹായ സംഘം ക്യാമപു ഒമ്പതിൽ എത്തിച്ചെരുന്ന ഭക്ഷണവും പ്രതമ ശുശൂഷ സാമതികളും വിതരണം ചെയ്യാൻ തുടങ്ങി,വൈദ്യസഹായ സംഘം ക്യാമ്പ് ഒമ്പതിൽ എത്തിച്ചേർന്നു ഭക്ഷണവും പ്രഥമശുശ്രൂഷാ സാമഗ്രികളും വിതരണം ചെയ്യാൻ തുടങ്ങി,NO,
1787944569946,Redmi Note 9 Pro,12,ml,vakyansh_malayalam_base.int8.onnx,int8,ml_27_long_tactical_7,7.06,CLEAN,1,WARM,1995,0.283,41.67,12.50,714.41,714.41,വില്ലയിട്ട് അവർ മൂന്നിൽ വൈദ്യുതി തടസപ്പെട്ടു എന്ന് റിപ്പോർട്ട് ബാക്കപ്പ് ജനറേറ്റർ പ്രവർത്തിപ്പിച്ചു ബന്ധം പുനസ്ഥാപിച്ചു,റിലേ ടവർ മൂന്നിൽ വൈദ്യുതി തടസ്സപ്പെട്ടു എന്ന് റിപ്പോർട്ട് ബാക്കപ്പ് ജനറേറ്റർ പ്രവർത്തിപ്പിച്ച് ബന്ധം പുനഃസ്ഥാപിച്ചു,NO,
1787944572131,Redmi Note 9 Pro,12,ml,vakyansh_malayalam_base.int8.onnx,int8,ml_27_long_tactical_7,7.06,CLEAN,2,WARM,2055,0.291,41.67,12.50,711.07,714.49,വില്ലയിട്ട് അവർ മൂന്നിൽ വൈദ്യുതി തടസപ്പെട്ടു എന്ന് റിപ്പോർട്ട് ബാക്കപ്പ് ജനറേറ്റർ പ്രവർത്തിപ്പിച്ചു ബന്ധം പുനസ്ഥാപിച്ചു,റിലേ ടവർ മൂന്നിൽ വൈദ്യുതി തടസ്സപ്പെട്ടു എന്ന് റിപ്പോർട്ട് ബാക്കപ്പ് ജനറേറ്റർ പ്രവർത്തിപ്പിച്ച് ബന്ധം പുനഃസ്ഥാപിച്ചു,NO,
1787944574413,Redmi Note 9 Pro,12,ml,vakyansh_malayalam_base.int8.onnx,int8,ml_27_long_tactical_7,7.06,CLEAN,3,WARM,2149,0.304,41.67,12.50,712.13,712.13,വില്ലയിട്ട് അവർ മൂന്നിൽ വൈദ്യുതി തടസപ്പെട്ടു എന്ന് റിപ്പോർട്ട് ബാക്കപ്പ് ജനറേറ്റർ പ്രവർത്തിപ്പിച്ചു ബന്ധം പുനസ്ഥാപിച്ചു,റിലേ ടവർ മൂന്നിൽ വൈദ്യുതി തടസ്സപ്പെട്ടു എന്ന് റിപ്പോർട്ട് ബാക്കപ്പ് ജനറേറ്റർ പ്രവർത്തിപ്പിച്ച് ബന്ധം പുനഃസ്ഥാപിച്ചു,NO,
1787944576898,Redmi Note 9 Pro,12,ml,vakyansh_malayalam_base.int8.onnx,int8,ml_28_long_tactical_8,7.82,CLEAN,1,WARM,2346,0.300,63.64,11.83,714.04,714.04,സൈനതിക സംഘം വനപാതയിലൂടെ പോയിനത് അഞ്ചിലേക്കി നീ മൊന്നു സാംശയ അസ്പതമായ ഒന്നും കണ്ടില്ല എല്ലാം സുരക്ഷിതമാണ്,സൈനിക സംഘം വനപാതയിലൂടെ പോയിന്റ് അഞ്ചിലേക്ക് നീങ്ങുന്നു സംശയാസ്പദമായ ഒന്നും കണ്ടില്ല എല്ലാം സുരക്ഷിതമാണ്,NO,
1787944579227,Redmi Note 9 Pro,12,ml,vakyansh_malayalam_base.int8.onnx,int8,ml_28_long_tactical_8,7.82,CLEAN,2,WARM,2212,0.283,63.64,11.83,712.65,714.11,സൈനതിക സംഘം വനപാതയിലൂടെ പോയിനത് അഞ്ചിലേക്കി നീ മൊന്നു സാംശയ അസ്പതമായ ഒന്നും കണ്ടില്ല എല്ലാം സുരക്ഷിതമാണ്,സൈനിക സംഘം വനപാതയിലൂടെ പോയിന്റ് അഞ്ചിലേക്ക് നീങ്ങുന്നു സംശയാസ്പദമായ ഒന്നും കണ്ടില്ല എല്ലാം സുരക്ഷിതമാണ്,NO,
1787944581681,Redmi Note 9 Pro,12,ml,vakyansh_malayalam_base.int8.onnx,int8,ml_28_long_tactical_8,7.82,CLEAN,3,WARM,2336,0.299,63.64,11.83,713.81,713.81,സൈനതിക സംഘം വനപാതയിലൂടെ പോയിനത് അഞ്ചിലേക്കി നീ മൊന്നു സാംശയ അസ്പതമായ ഒന്നും കണ്ടില്ല എല്ലാം സുരക്ഷിതമാണ്,സൈനിക സംഘം വനപാതയിലൂടെ പോയിന്റ് അഞ്ചിലേക്ക് നീങ്ങുന്നു സംശയാസ്പദമായ ഒന്നും കണ്ടില്ല എല്ലാം സുരക്ഷിതമാണ്,NO,
1787944583881,Redmi Note 9 Pro,12,ml,vakyansh_malayalam_base.int8.onnx,int8,ml_29_long_tactical_9,7.97,CLEAN,1,WARM,2077,0.260,33.33,9.17,711.75,714.67,നദികകി കുറുകെയുള്ള പാലം വലിയ വാഹനങ്ങൾക്ക് സുരക്ഷിതമല്ലെന്ന് എൻറിനീയറിന ടീം അറിയിച്ചു ദിതാകതം കിഴക്കോട്ട് തിരിച്ചപിട്ടു,നദിക്ക് കുറുകെയുള്ള പാലം വലിയ വാഹനങ്ങൾക്ക് സുരക്ഷിതമല്ലെന്ന് എൻജിനീയറിങ് ടീം അറിയിച്ചു ഗതാഗതം കിഴക്കോട്ട് തിരിച്ചുവിട്ടു,YES,
1787944586060,Redmi Note 9 Pro,12,ml,vakyansh_malayalam_base.int8.onnx,int8,ml_29_long_tactical_9,7.97,CLEAN,2,WARM,2075,0.260,33.33,9.17,712.92,712.92,നദികകി കുറുകെയുള്ള പാലം വലിയ വാഹനങ്ങൾക്ക് സുരക്ഷിതമല്ലെന്ന് എൻറിനീയറിന ടീം അറിയിച്ചു ദിതാകതം കിഴക്കോട്ട് തിരിച്ചപിട്ടു,നദിക്ക് കുറുകെയുള്ള പാലം വലിയ വാഹനങ്ങൾക്ക് സുരക്ഷിതമല്ലെന്ന് എൻജിനീയറിങ് ടീം അറിയിച്ചു ഗതാഗതം കിഴക്കോട്ട് തിരിച്ചുവിട്ടു,YES,
1787944588191,Redmi Note 9 Pro,12,ml,vakyansh_malayalam_base.int8.onnx,int8,ml_29_long_tactical_9,7.97,CLEAN,3,WARM,2021,0.253,33.33,9.17,711.84,713.01,നദികകി കുറുകെയുള്ള പാലം വലിയ വാഹനങ്ങൾക്ക് സുരക്ഷിതമല്ലെന്ന് എൻറിനീയറിന ടീം അറിയിച്ചു ദിതാകതം കിഴക്കോട്ട് തിരിച്ചപിട്ടു,നദിക്ക് കുറുകെയുള്ള പാലം വലിയ വാഹനങ്ങൾക്ക് സുരക്ഷിതമല്ലെന്ന് എൻജിനീയറിങ് ടീം അറിയിച്ചു ഗതാഗതം കിഴക്കോട്ട് തിരിച്ചുവിട്ടു,YES,
1787944590269,Redmi Note 9 Pro,12,ml,vakyansh_malayalam_base.int8.onnx,int8,ml_30_long_tactical_10,7.71,CLEAN,1,WARM,1963,0.255,50.00,7.69,713.70,713.70,എല്ലാ പ്രധാന ചെക്ക് പോസ്റ്റുകളും സുരക്ഷിതമാണെന്ന് ആസ്ഥാനത്ത് സ്ഥിരീകരിച്ച് രാത്രി പറ്രോളി് സംഘം ഉടൻ ചുമതലാ േൾക്കുക,എല്ലാ പ്രധാന ചെക്ക്‌പോസ്റ്റുകളും സുരക്ഷിതമാണെന്ന് ആസ്ഥാനത്ത് സ്ഥിരീകരിച്ചു രാത്രി പട്രോളിംഗ് സംഘം ഉടൻ ചുമതല ഏൽക്കുക,YES,
1787944592360,Redmi Note 9 Pro,12,ml,vakyansh_malayalam_base.int8.onnx,int8,ml_30_long_tactical_10,7.71,CLEAN,2,WARM,1985,0.258,50.00,7.69,711.18,713.79,എല്ലാ പ്രധാന ചെക്ക് പോസ്റ്റുകളും സുരക്ഷിതമാണെന്ന് ആസ്ഥാനത്ത് സ്ഥിരീകരിച്ച് രാത്രി പറ്രോളി് സംഘം ഉടൻ ചുമതലാ േൾക്കുക,എല്ലാ പ്രധാന ചെക്ക്‌പോസ്റ്റുകളും സുരക്ഷിതമാണെന്ന് ആസ്ഥാനത്ത് സ്ഥിരീകരിച്ചു രാത്രി പട്രോളിംഗ് സംഘം ഉടൻ ചുമതല ഏൽക്കുക,YES,
1787944594489,Redmi Note 9 Pro,12,ml,vakyansh_malayalam_base.int8.onnx,int8,ml_30_long_tactical_10,7.71,CLEAN,3,WARM,2022,0.262,50.00,7.69,712.32,712.32,എല്ലാ പ്രധാന ചെക്ക് പോസ്റ്റുകളും സുരക്ഷിതമാണെന്ന് ആസ്ഥാനത്ത് സ്ഥിരീകരിച്ച് രാത്രി പറ്രോളി് സംഘം ഉടൻ ചുമതലാ േൾക്കുക,എല്ലാ പ്രധാന ചെക്ക്‌പോസ്റ്റുകളും സുരക്ഷിതമാണെന്ന് ആസ്ഥാനത്ത് സ്ഥിരീകരിച്ചു രാത്രി പട്രോളിംഗ് സംഘം ഉടൻ ചുമതല ഏൽക്കുക,YES,
1787944692314,Redmi Note 9 Pro,12,hi,vakyansh_hindi_base.int8.onnx,int8,hi_01_normal,4.01,MODERATE_NOISE_15DB,1,COLD,901,0.225,11.11,2.44,466.78,466.78,सभी गश्ती चौथियों की स्थिति सुरक्षित और स्पष्ट है,सभी गश्ती चौकियों की स्थिति सुरक्षित और स्पष्ट है,YES,
1787944693245,Redmi Note 9 Pro,12,hi,vakyansh_hindi_base.int8.onnx,int8,hi_01_normal,4.01,MODERATE_NOISE_15DB,2,WARM,850,0.212,11.11,2.44,465.99,465.99,सभी गश्ती चौथियों की स्थिति सुरक्षित और स्पष्ट है,सभी गश्ती चौकियों की स्थिति सुरक्षित और स्पष्ट है,YES,
1787944694182,Redmi Note 9 Pro,12,hi,vakyansh_hindi_base.int8.onnx,int8,hi_01_normal,4.01,MODERATE_NOISE_15DB,3,WARM,850,0.212,11.11,2.44,466.58,466.58,सभी गश्ती चौथियों की स्थिति सुरक्षित और स्पष्ट है,सभी गश्ती चौकियों की स्थिति सुरक्षित और स्पष्ट है,YES,
1787944694496,Redmi Note 9 Pro,12,hi,vakyansh_hindi_base.int8.onnx,int8,hi_02_short,1.09,MODERATE_NOISE_15DB,1,WARM,233,0.214,100.00,50.00,466.48,466.48,ोसर बे,रोज़र बेस,NO,
1787944694802,Redmi Note 9 Pro,12,hi,vakyansh_hindi_base.int8.onnx,int8,hi_02_short,1.09,MODERATE_NOISE_15DB,2,WARM,232,0.213,100.00,50.00,466.52,466.52,ोसर बे,रोज़र बेस,NO,
1787944695126,Redmi Note 9 Pro,12,hi,vakyansh_hindi_base.int8.onnx,int8,hi_02_short,1.09,MODERATE_NOISE_15DB,3,WARM,243,0.223,100.00,50.00,466.73,466.73,ोसर बे,रोज़र बेस,NO,
1787944696821,Redmi Note 9 Pro,12,hi,vakyansh_hindi_base.int8.onnx,int8,hi_03_long,7.25,MODERATE_NOISE_15DB,1,WARM,1607,0.222,5.56,1.32,536.03,536.03,हमारा दस्ता पश्चिमी राजमार्ग से होते हुए जंक्शन सात ही ओर सामान्य प्रोटोकॉल के तहत बढ़ रहा है,हमारा दस्ता पश्चिमी राजमार्ग से होते हुए जंक्शन सात की ओर सामान्य प्रोटोकॉल के तहत बढ़ रहा है,YES,
1787944698537,Redmi Note 9 Pro,12,hi,vakyansh_hindi_base.int8.onnx,int8,hi_03_long,7.25,MODERATE_NOISE_15DB,2,WARM,1632,0.225,5.56,1.32,625.70,625.70,हमारा दस्ता पश्चिमी राजमार्ग से होते हुए जंक्शन सात ही ओर सामान्य प्रोटोकॉल के तहत बढ़ रहा है,हमारा दस्ता पश्चिमी राजमार्ग से होते हुए जंक्शन सात की ओर सामान्य प्रोटोकॉल के तहत बढ़ रहा है,YES,
1787944700230,Redmi Note 9 Pro,12,hi,vakyansh_hindi_base.int8.onnx,int8,hi_03_long,7.25,MODERATE_NOISE_15DB,3,WARM,1596,0.220,5.56,1.32,626.76,626.76,हमारा दस्ता पश्चिमी राजमार्ग से होते हुए जंक्शन सात ही ओर सामान्य प्रोटोकॉल के तहत बढ़ रहा है,हमारा दस्ता पश्चिमी राजमार्ग से होते हुए जंक्शन सात की ओर सामान्य प्रोटोकॉल के तहत बढ़ रहा है,YES,
1787944701393,Redmi Note 9 Pro,12,hi,vakyansh_hindi_base.int8.onnx,int8,hi_04_numbers,4.93,MODERATE_NOISE_15DB,1,WARM,1051,0.213,33.33,12.50,629.81,629.81,सीन में कोल बारह सदस्य हैं और बैठी स्तर पहत्तर प्रतिशत है,टीम में कुल बारह सदस्य हैं और बैटरी स्तर पचहत्तर प्रतिशत है,YES,
1787944702540,Redmi Note 9 Pro,12,hi,vakyansh_hindi_base.int8.onnx,int8,hi_04_numbers,4.93,MODERATE_NOISE_15DB,2,WARM,1061,0.215,33.33,12.50,630.54,630.54,सीन में कोल बारह सदस्य हैं और बैठी स्तर पहत्तर प्रतिशत है,टीम में कुल बारह सदस्य हैं और बैटरी स्तर पचहत्तर प्रतिशत है,YES,
1787944703666,Redmi Note 9 Pro,12,hi,vakyansh_hindi_base.int8.onnx,int8,hi_04_numbers,4.93,MODERATE_NOISE_15DB,3,WARM,1042,0.211,33.33,12.50,628.56,630.58,सीन में कोल बारह सदस्य हैं और बैठी स्तर पहत्तर प्रतिशत है,टीम में कुल बारह सदस्य हैं और बैटरी स्तर पचहत्तर प्रतिशत है,YES,
1787944704829,Redmi Note 9 Pro,12,hi,vakyansh_hindi_base.int8.onnx,int8,hi_05_location,5.03,MODERATE_NOISE_15DB,1,WARM,1069,0.213,16.67,2.13,631.58,631.58,स्टेशन अल्फा मुख्य द्वार से पचास मीटर उत्तर की ओस्थित है,स्टेशन अल्फा मुख्य द्वार से पचास मीटर उत्तर की ओर स्थित है,YES,
1787944705989,Redmi Note 9 Pro,12,hi,vakyansh_hindi_base.int8.onnx,int8,hi_05_location,5.03,MODERATE_NOISE_15DB,2,WARM,1078,0.214,16.67,2.13,632.33,632.33,स्टेशन अल्फा मुख्य द्वार से पचास मीटर उत्तर की ओस्थित है,स्टेशन अल्फा मुख्य द्वार से पचास मीटर उत्तर की ओर स्थित है,YES,
1787944707152,Redmi Note 9 Pro,12,hi,vakyansh_hindi_base.int8.onnx,int8,hi_05_location,5.03,MODERATE_NOISE_15DB,3,WARM,1080,0.215,16.67,2.13,633.09,633.09,स्टेशन अल्फा मुख्य द्वार से पचास मीटर उत्तर की ओस्थित है,स्टेशन अल्फा मुख्य द्वार से पचास मीटर उत्तर की ओर स्थित है,YES,
1787944708369,Redmi Note 9 Pro,12,hi,vakyansh_hindi_base.int8.onnx,int8,hi_06_emergency,5.18,MODERATE_NOISE_15DB,1,WARM,1127,0.218,10.00,3.92,632.32,632.32,आपाकाली चेतावनी सेक्टर चार में तुरंत सहायता की आवश्यकता है,आपातकालीन चेतावनी सेक्टर चार में तुरंत सहायता की आवश्यकता है,YES,
1787944709580,Redmi Note 9 Pro,12,hi,vakyansh_hindi_base.int8.onnx,int8,hi_06_emergency,5.18,MODERATE_NOISE_15DB,2,WARM,1128,0.218,10.00,3.92,633.08,633.08,आपाकाली चेतावनी सेक्टर चार में तुरंत सहायता की आवश्यकता है,आपातकालीन चेतावनी सेक्टर चार में तुरंत सहायता की आवश्यकता है,YES,
1787944710770,Redmi Note 9 Pro,12,hi,vakyansh_hindi_base.int8.onnx,int8,hi_06_emergency,5.18,MODERATE_NOISE_15DB,3,WARM,1111,0.215,10.00,3.92,633.84,633.84,आपाकाली चेतावनी सेक्टर चार में तुरंत सहायता की आवश्यकता है,आपातकालीन चेतावनी सेक्टर चार में तुरंत सहायता की आवश्यकता है,YES,
1787944711688,Redmi Note 9 Pro,12,hi,vakyansh_hindi_base.int8.onnx,int8,hi_07_radio,3.85,MODERATE_NOISE_15DB,1,WARM,828,0.215,10.00,5.71,632.12,634.24,रेडियो चेक क्या आपको मेरी आबाज आ रही है ओवर,रेडियो चेक क्या आपको मेरी आवाज़ आ रही है ओवर,YES,
1787944712586,Redmi Note 9 Pro,12,hi,vakyansh_hindi_base.int8.onnx,int8,hi_07_radio,3.85,MODERATE_NOISE_15DB,2,WARM,805,0.209,10.00,5.71,632.70,632.70,रेडियो चेक क्या आपको मेरी आबाज आ रही है ओवर,रेडियो चेक क्या आपको मेरी आवाज़ आ रही है ओवर,YES,
1787944713489,Redmi Note 9 Pro,12,hi,vakyansh_hindi_base.int8.onnx,int8,hi_07_radio,3.85,MODERATE_NOISE_15DB,3,WARM,818,0.213,10.00,5.71,633.28,633.28,रेडियो चेक क्या आपको मेरी आबाज आ रही है ओवर,रेडियो चेक क्या आपको मेरी आवाज़ आ रही है ओवर,YES,
1787944714338,Redmi Note 9 Pro,12,hi,vakyansh_hindi_base.int8.onnx,int8,hi_08_punct,3.60,MODERATE_NOISE_15DB,1,WARM,757,0.210,12.50,2.70,634.17,634.17,स््थिति बनाए रखें अगले आदेश की प्रतीक्षा करें,स्थिति बनाए रखें अगले आदेश की प्रतीक्षा करें,YES,
1787944715179,Redmi Note 9 Pro,12,hi,vakyansh_hindi_base.int8.onnx,int8,hi_08_punct,3.60,MODERATE_NOISE_15DB,2,WARM,761,0.212,12.50,2.70,634.70,634.70,स््थिति बनाए रखें अगले आदेश की प्रतीक्षा करें,स्थिति बनाए रखें अगले आदेश की प्रतीक्षा करें,YES,
1787944716033,Redmi Note 9 Pro,12,hi,vakyansh_hindi_base.int8.onnx,int8,hi_08_punct,3.60,MODERATE_NOISE_15DB,3,WARM,760,0.211,12.50,2.70,631.62,634.73,स््थिति बनाए रखें अगले आदेश की प्रतीक्षा करें,स्थिति बनाए रखें अगले आदेश की प्रतीक्षा करें,YES,
1787944717076,Redmi Note 9 Pro,12,hi,vakyansh_hindi_base.int8.onnx,int8,hi_09_proper_nouns,4.46,MODERATE_NOISE_15DB,1,WARM,939,0.211,30.00,4.55,632.68,632.68,दस्ता नायक विक्रम बेस्पर कैप्तन शर्मा को रिपोर्ट करें,दस्ता नायक विक्रम बेस पर कैप्टन शर्मा को रिपोर्ट करें,YES,
1787944718112,Redmi Note 9 Pro,12,hi,vakyansh_hindi_base.int8.onnx,int8,hi_09_proper_nouns,4.46,MODERATE_NOISE_15DB,2,WARM,947,0.213,30.00,4.55,633.33,633.33,दस्ता नायक विक्रम बेस्पर कैप्तन शर्मा को रिपोर्ट करें,दस्ता नायक विक्रम बेस पर कैप्टन शर्मा को रिपोर्ट करें,YES,
1787944719147,Redmi Note 9 Pro,12,hi,vakyansh_hindi_base.int8.onnx,int8,hi_09_proper_nouns,4.46,MODERATE_NOISE_15DB,3,WARM,956,0.215,30.00,4.55,634.00,634.00,दस्ता नायक विक्रम बेस्पर कैप्तन शर्मा को रिपोर्ट करें,दस्ता नायक विक्रम बेस पर कैप्टन शर्मा को रिपोर्ट करें,YES,
1787944720137,Redmi Note 9 Pro,12,hi,vakyansh_hindi_base.int8.onnx,int8,hi_10_fast,4.21,MODERATE_NOISE_15DB,1,WARM,901,0.214,18.18,11.63,632.53,634.42,स्वरक सूचना तीन अब सुरक्षा घेरे में प्रवेश कर रही है,त्वरित सूचना टीम अब सुरक्षा घेरे में प्रवेश कर रही है,YES,
1787944721118,Redmi Note 9 Pro,12,hi,vakyansh_hindi_base.int8.onnx,int8,hi_10_fast,4.21,MODERATE_NOISE_15DB,2,WARM,899,0.213,18.18,11.63,633.15,633.15,स्वरक सूचना तीन अब सुरक्षा घेरे में प्रवेश कर रही है,त्वरित सूचना टीम अब सुरक्षा घेरे में प्रवेश कर रही है,YES,
1787944722096,Redmi Note 9 Pro,12,hi,vakyansh_hindi_base.int8.onnx,int8,hi_10_fast,4.21,MODERATE_NOISE_15DB,3,WARM,895,0.212,18.18,11.63,633.80,633.80,स्वरक सूचना तीन अब सुरक्षा घेरे में प्रवेश कर रही है,त्वरित सूचना टीम अब सुरक्षा घेरे में प्रवेश कर रही है,YES,
1787944723088,Redmi Note 9 Pro,12,hi,vakyansh_hindi_base.int8.onnx,int8,hi_11_tactical_1,4.19,MODERATE_NOISE_15DB,1,WARM,902,0.215,11.11,5.13,631.74,634.22,रेड अलर्ट सभी टीमें सुरक्षित स्थान पर पीछे हते,रेड अलर्ट सभी टीमें सुरक्षित स्थान पर पीछे हटें,YES,
1787944724124,Redmi Note 9 Pro,12,hi,vakyansh_hindi_base.int8.onnx,int8,hi_11_tactical_1,4.19,MODERATE_NOISE_15DB,2,WARM,944,0.225,11.11,5.13,632.37,632.37,रेड अलर्ट सभी टीमें सुरक्षित स्थान पर पीछे हते,रेड अलर्ट सभी टीमें सुरक्षित स्थान पर पीछे हटें,YES,
1787944725138,Redmi Note 9 Pro,12,hi,vakyansh_hindi_base.int8.onnx,int8,hi_11_tactical_1,4.19,MODERATE_NOISE_15DB,3,WARM,934,0.223,11.11,5.13,632.99,632.99,रेड अलर्ट सभी टीमें सुरक्षित स्थान पर पीछे हते,रेड अलर्ट सभी टीमें सुरक्षित स्थान पर पीछे हटें,YES,
1787944725958,Redmi Note 9 Pro,12,hi,vakyansh_hindi_base.int8.onnx,int8,hi_12_tactical_2,3.31,MODERATE_NOISE_15DB,1,WARM,731,0.221,11.11,6.25,633.79,633.79,चिकित्सा दल को सेटर नौ में भेजा गया है,चिकित्सा दल को सेक्टर नौ में भेजा गया है,YES,
1787944726788,Redmi Note 9 Pro,12,hi,vakyansh_hindi_base.int8.onnx,int8,hi_12_tactical_2,3.31,MODERATE_NOISE_15DB,2,WARM,749,0.226,11.11,6.25,634.28,634.28,चिकित्सा दल को सेटर नौ में भेजा गया है,चिकित्सा दल को सेक्टर नौ में भेजा गया है,YES,
1787944727623,Redmi Note 9 Pro,12,hi,vakyansh_hindi_base.int8.onnx,int8,hi_12_tactical_2,3.31,MODERATE_NOISE_15DB,3,WARM,744,0.225,11.11,6.25,632.46,634.31,चिकित्सा दल को सेटर नौ में भेजा गया है,चिकित्सा दल को सेक्टर नौ में भेजा गया है,YES,
1787944728709,Redmi Note 9 Pro,12,hi,vakyansh_hindi_base.int8.onnx,int8,hi_13_tactical_3,3.66,MODERATE_NOISE_15DB,1,WARM,993,0.272,14.29,5.26,633.34,633.34,ऑक्सीजन स्तर चालीस प्रतिशत तुरंत बाहर नितले,ऑक्सीजन स्तर चालीस प्रतिशत तुरंत बाहर निकलें,YES,
1787944729969,Redmi Note 9 Pro,12,hi,vakyansh_hindi_base.int8.onnx,int8,hi_13_tactical_3,3.66,MODERATE_NOISE_15DB,2,WARM,1177,0.322,14.29,5.26,633.90,633.90,ऑक्सीजन स्तर चालीस प्रतिशत तुरंत बाहर नितले,ऑक्सीजन स्तर चालीस प्रतिशत तुरंत बाहर निकलें,YES,
1787944731229,Redmi Note 9 Pro,12,hi,vakyansh_hindi_base.int8.onnx,int8,hi_13_tactical_3,3.66,MODERATE_NOISE_15DB,3,WARM,1174,0.321,14.29,5.26,634.44,634.44,ऑक्सीजन स्तर चालीस प्रतिशत तुरंत बाहर नितले,ऑक्सीजन स्तर चालीस प्रतिशत तुरंत बाहर निकलें,YES,
1787944732230,Redmi Note 9 Pro,12,hi,vakyansh_hindi_base.int8.onnx,int8,hi_14_tactical_4,2.94,MODERATE_NOISE_15DB,1,WARM,909,0.309,25.00,7.69,631.51,634.75,गोदाम दो में धना धुआ देखा गया है,गोदाम दो में घना धुआं देखा गया है,YES,
1787944733220,Redmi Note 9 Pro,12,hi,vakyansh_hindi_base.int8.onnx,int8,hi_14_tactical_4,2.94,MODERATE_NOISE_15DB,2,WARM,900,0.306,25.00,7.69,631.95,631.95,गोदाम दो में धना धुआ देखा गया है,गोदाम दो में घना धुआं देखा गया है,YES,
1787944734119,Redmi Note 9 Pro,12,hi,vakyansh_hindi_base.int8.onnx,int8,hi_14_tactical_4,2.94,MODERATE_NOISE_15DB,3,WARM,818,0.278,25.00,7.69,632.42,632.42,गोदाम दो में धना धुआ देखा गया है,गोदाम दो में घना धुआं देखा गया है,YES,
1787944734961,Redmi Note 9 Pro,12,hi,vakyansh_hindi_base.int8.onnx,int8,hi_15_tactical_5,3.34,MODERATE_NOISE_15DB,1,WARM,729,0.218,22.22,9.38,633.24,633.24,सीमा बाढ़ के पास हुस्पैठ की सूचना मिली है,सीमा बाड़ के पास घुसपैठ की सूचना मिली है,YES,
1787944735795,Redmi Note 9 Pro,12,hi,vakyansh_hindi_base.int8.onnx,int8,hi_15_tactical_5,3.34,MODERATE_NOISE_15DB,2,WARM,740,0.221,22.22,9.38,633.73,633.73,सीमा बाढ़ के पास हुस्पैठ की सूचना मिली है,सीमा बाड़ के पास घुसपैठ की सूचना मिली है,YES,
1787944736619,Redmi Note 9 Pro,12,hi,vakyansh_hindi_base.int8.onnx,int8,hi_15_tactical_5,3.34,MODERATE_NOISE_15DB,3,WARM,739,0.221,22.22,9.38,634.24,634.24,सीमा बाढ़ के पास हुस्पैठ की सूचना मिली है,सीमा बाड़ के पास घुसपैठ की सूचना मिली है,YES,
1787944737888,Redmi Note 9 Pro,12,hi,vakyansh_hindi_base.int8.onnx,int8,hi_16_coords_1,5.34,MODERATE_NOISE_15DB,1,WARM,1178,0.221,25.00,4.88,636.15,636.15,अक्षांश बार दशमलव पांच देशांतर सतहत्तर दशमलव छह,अक्षांश बारह दशमलव पाँच देशांतर सतहत्तर दशमलव छह,YES,
1787944739190,Redmi Note 9 Pro,12,hi,vakyansh_hindi_base.int8.onnx,int8,hi_16_coords_1,5.34,MODERATE_NOISE_15DB,2,WARM,1221,0.229,25.00,4.88,636.92,636.92,अक्षांश बार दशमलव पांच देशांतर सतहत्तर दशमलव छह,अक्षांश बारह दशमलव पाँच देशांतर सतहत्तर दशमलव छह,YES,
1787944740512,Redmi Note 9 Pro,12,hi,vakyansh_hindi_base.int8.onnx,int8,hi_16_coords_1,5.34,MODERATE_NOISE_15DB,3,WARM,1232,0.231,25.00,4.88,635.10,636.95,अक्षांश बार दशमलव पांच देशांतर सतहत्तर दशमलव छह,अक्षांश बारह दशमलव पाँच देशांतर सतहत्तर दशमलव छह,YES,
1787944741354,Redmi Note 9 Pro,12,hi,vakyansh_hindi_base.int8.onnx,int8,hi_17_coords_2,3.25,MODERATE_NOISE_15DB,1,WARM,741,0.228,66.67,21.43,635.86,635.86,छेक पॉइंट देशा ऊंचाई तीन सौ मीटर,चेकपॉइंट डेल्टा ऊँचाई तीन सौ मीटर,NO,
1787944742183,Redmi Note 9 Pro,12,hi,vakyansh_hindi_base.int8.onnx,int8,hi_17_coords_2,3.25,MODERATE_NOISE_15DB,2,WARM,743,0.229,66.67,21.43,636.37,636.37,छेक पॉइंट देशा ऊंचाई तीन सौ मीटर,चेकपॉइंट डेल्टा ऊँचाई तीन सौ मीटर,NO,
1787944743008,Redmi Note 9 Pro,12,hi,vakyansh_hindi_base.int8.onnx,int8,hi_17_coords_2,3.25,MODERATE_NOISE_15DB,3,WARM,737,0.227,66.67,21.43,636.84,636.84,छेक पॉइंट देशा ऊंचाई तीन सौ मीटर,चेकपॉइंट डेल्टा ऊँचाई तीन सौ मीटर,NO,
1787944743901,Redmi Note 9 Pro,12,hi,vakyansh_hindi_base.int8.onnx,int8,hi_18_coords_3,3.39,MODERATE_NOISE_15DB,1,WARM,801,0.236,16.67,9.68,637.67,637.67,इमारत चार कमरा नंबर अठाई सुरक्षित,इमारत चार कमरा नंबर अट्ठाईस सुरक्षित,YES,
1787944744795,Redmi Note 9 Pro,12,hi,vakyansh_hindi_base.int8.onnx,int8,hi_18_coords_3,3.39,MODERATE_NOISE_15DB,2,WARM,798,0.235,16.67,9.68,635.80,637.70,इमारत चार कमरा नंबर अठाई सुरक्षित,इमारत चार कमरा नंबर अट्ठाईस सुरक्षित,YES,
1787944745681,Redmi Note 9 Pro,12,hi,vakyansh_hindi_base.int8.onnx,int8,hi_18_coords_3,3.39,MODERATE_NOISE_15DB,3,WARM,798,0.235,16.67,9.68,636.30,636.30,इमारत चार कमरा नंबर अठाई सुरक्षित,इमारत चार कमरा नंबर अट्ठाईस सुरक्षित,YES,
1787944746632,Redmi Note 9 Pro,12,hi,vakyansh_hindi_base.int8.onnx,int8,hi_19_coords_4,3.63,MODERATE_NOISE_15DB,1,WARM,848,0.233,12.50,6.06,637.15,637.15,जती तीस किलोमीटर प्रति घंटा दक्षिण की ओर,गति तीस किलोमीटर प्रति घंटा दक्षिण की ओर,YES,
1787944747582,Redmi Note 9 Pro,12,hi,vakyansh_hindi_base.int8.onnx,int8,hi_19_coords_4,3.63,MODERATE_NOISE_15DB,2,WARM,860,0.237,12.50,6.06,637.69,637.69,जती तीस किलोमीटर प्रति घंटा दक्षिण की ओर,गति तीस किलोमीटर प्रति घंटा दक्षिण की ओर,YES,
1787944748554,Redmi Note 9 Pro,12,hi,vakyansh_hindi_base.int8.onnx,int8,hi_19_coords_4,3.63,MODERATE_NOISE_15DB,3,WARM,881,0.242,12.50,6.06,638.23,638.23,जती तीस किलोमीटर प्रति घंटा दक्षिण की ओर,गति तीस किलोमीटर प्रति घंटा दक्षिण की ओर,YES,
1787944749556,Redmi Note 9 Pro,12,hi,vakyansh_hindi_base.int8.onnx,int8,hi_20_coords_5,3.69,MODERATE_NOISE_15DB,1,WARM,895,0.243,57.14,17.14,634.97,638.64,जिली ताबर पांच सिग्नल शक्ति अससी प्रतिशत,रिले टावर पाँच सिग्नल शक्ति अस्सी प्रतिशत,NO,
1787944750543,Redmi Note 9 Pro,12,hi,vakyansh_hindi_base.int8.onnx,int8,hi_20_coords_5,3.69,MODERATE_NOISE_15DB,2,WARM,898,0.244,57.14,17.14,635.53,635.53,जिली ताबर पांच सिग्नल शक्ति अससी प्रतिशत,रिले टावर पाँच सिग्नल शक्ति अस्सी प्रतिशत,NO,
1787944751545,Redmi Note 9 Pro,12,hi,vakyansh_hindi_base.int8.onnx,int8,hi_20_coords_5,3.69,MODERATE_NOISE_15DB,3,WARM,908,0.246,57.14,17.14,636.08,636.08,जिली ताबर पांच सिग्नल शक्ति अससी प्रतिशत,रिले टावर पाँच सिग्नल शक्ति अस्सी प्रतिशत,NO,
1787944754518,Redmi Note 9 Pro,12,hi,vakyansh_hindi_base.int8.onnx,int8,hi_21_long_tactical_1,10.77,MODERATE_NOISE_15DB,1,WARM,2868,0.266,22.22,9.43,637.61,637.61,काखला अल्फा एक बेस ब्राबों को सूचित करता है किग्रेट समम्वाय बयालीस के पास पश्चिमी बात टूट गई है और तुरंत चिकित्सा दल की आवश्यकता है,काफिला अल्फा एक बेस ब्रावो को सूचित करता है कि ग्रिड समन्वय बयालीस के पास पश्चिमी बाड़ टूट गई है और तुरंत चिकित्सा दल की आवश्यकता है,YES,
1787944757542,Redmi Note 9 Pro,12,hi,vakyansh_hindi_base.int8.onnx,int8,hi_21_long_tactical_1,10.77,MODERATE_NOISE_15DB,2,WARM,2916,0.271,22.22,9.43,705.15,705.15,काखला अल्फा एक बेस ब्राबों को सूचित करता है किग्रेट समम्वाय बयालीस के पास पश्चिमी बात टूट गई है और तुरंत चिकित्सा दल की आवश्यकता है,काफिला अल्फा एक बेस ब्रावो को सूचित करता है कि ग्रिड समन्वय बयालीस के पास पश्चिमी बाड़ टूट गई है और तुरंत चिकित्सा दल की आवश्यकता है,YES,
1787944760813,Redmi Note 9 Pro,12,hi,vakyansh_hindi_base.int8.onnx,int8,hi_21_long_tactical_1,10.77,MODERATE_NOISE_15DB,3,WARM,3167,0.294,22.22,9.43,703.11,703.11,काखला अल्फा एक बेस ब्राबों को सूचित करता है किग्रेट समम्वाय बयालीस के पास पश्चिमी बात टूट गई है और तुरंत चिकित्सा दल की आवश्यकता है,काफिला अल्फा एक बेस ब्रावो को सूचित करता है कि ग्रिड समन्वय बयालीस के पास पश्चिमी बाड़ टूट गई है और तुरंत चिकित्सा दल की आवश्यकता है,YES,
1787944764018,Redmi Note 9 Pro,12,hi,vakyansh_hindi_base.int8.onnx,int8,hi_22_long_tactical_2,10.07,MODERATE_NOISE_15DB,1,WARM,3078,0.306,19.23,9.52,703.72,704.13,स्टेशन देलता पुष्टि करता है ी सेक्टर टीम में ऑक्सीजन का सर तीस प्रतिशत तक गिर गया है सभी कर्मी दक्षिणी निकास द्वार की ओर बढ़े,स्टेशन डेल्टा पुष्टि करता है कि सेक्टर तीन में ऑक्सीजन का स्तर तीस प्रतिशत तक गिर गया है सभी कर्मी दक्षिणी निकास द्वार की ओर बढ़ें,YES,
1787944766800,Redmi Note 9 Pro,12,hi,vakyansh_hindi_base.int8.onnx,int8,hi_22_long_tactical_2,10.07,MODERATE_NOISE_15DB,2,WARM,2682,0.266,19.23,9.52,702.98,702.98,स्टेशन देलता पुष्टि करता है ी सेक्टर टीम में ऑक्सीजन का सर तीस प्रतिशत तक गिर गया है सभी कर्मी दक्षिणी निकास द्वार की ओर बढ़े,स्टेशन डेल्टा पुष्टि करता है कि सेक्टर तीन में ऑक्सीजन का स्तर तीस प्रतिशत तक गिर गया है सभी कर्मी दक्षिणी निकास द्वार की ओर बढ़ें,YES,
1787944769550,Redmi Note 9 Pro,12,hi,vakyansh_hindi_base.int8.onnx,int8,hi_22_long_tactical_2,10.07,MODERATE_NOISE_15DB,3,WARM,2642,0.262,19.23,9.52,704.56,704.56,स्टेशन देलता पुष्टि करता है ी सेक्टर टीम में ऑक्सीजन का सर तीस प्रतिशत तक गिर गया है सभी कर्मी दक्षिणी निकास द्वार की ओर बढ़े,स्टेशन डेल्टा पुष्टि करता है कि सेक्टर तीन में ऑक्सीजन का स्तर तीस प्रतिशत तक गिर गया है सभी कर्मी दक्षिणी निकास द्वार की ओर बढ़ें,YES,
1787944772378,Redmi Note 9 Pro,12,hi,vakyansh_hindi_base.int8.onnx,int8,hi_23_long_tactical_3,10.37,MODERATE_NOISE_15DB,1,WARM,2713,0.262,18.52,6.12,704.09,704.09,खोज और बचाओ दल बारह बार प्रभावित क्षेत्र में आगे बढ़ रहा है पानी का स्तर सड़क से दो मीटर ूपर पहुँच चुका है नौकाएं तैनात है,खोज और बचाव दल बारह बाढ़ प्रभावित क्षेत्र में आगे बढ़ रहा है पानी का स्तर सड़क से दो मीटर ऊपर पहुंच चुका है नौकाएं तैनात हैं,YES,
1787944775119,Redmi Note 9 Pro,12,hi,vakyansh_hindi_base.int8.onnx,int8,hi_23_long_tactical_3,10.37,MODERATE_NOISE_15DB,2,WARM,2624,0.253,18.52,6.12,702.95,704.18,खोज और बचाओ दल बारह बार प्रभावित क्षेत्र में आगे बढ़ रहा है पानी का स्तर सड़क से दो मीटर ूपर पहुँच चुका है नौकाएं तैनात है,खोज और बचाव दल बारह बाढ़ प्रभावित क्षेत्र में आगे बढ़ रहा है पानी का स्तर सड़क से दो मीटर ऊपर पहुंच चुका है नौकाएं तैनात हैं,YES,
1787944777819,Redmi Note 9 Pro,12,hi,vakyansh_hindi_base.int8.onnx,int8,hi_23_long_tactical_3,10.37,MODERATE_NOISE_15DB,3,WARM,2605,0.251,18.52,6.12,704.45,704.45,खोज और बचाओ दल बारह बार प्रभावित क्षेत्र में आगे बढ़ रहा है पानी का स्तर सड़क से दो मीटर ूपर पहुँच चुका है नौकाएं तैनात है,खोज और बचाव दल बारह बाढ़ प्रभावित क्षेत्र में आगे बढ़ रहा है पानी का स्तर सड़क से दो मीटर ऊपर पहुंच चुका है नौकाएं तैनात हैं,YES,
1787944780571,Redmi Note 9 Pro,12,hi,vakyansh_hindi_base.int8.onnx,int8,hi_24_long_tactical_4,10.12,MODERATE_NOISE_15DB,1,WARM,2631,0.260,17.39,6.06,704.93,705.47,आपातकालीन चेतावनी सतीय सैक्टर साथ में भीषण तूफान आ रहा है हवा की रती सत्तर किलोमीटर प्रति घंटा है सभी उपकरण सुरक्षित करें,आपातकालीन चेतावनी तटीय सेक्टर सात में भीषण तूफान आ रहा है हवा की गति सत्तर किलोमीटर प्रति घंटा है सभी उपकरण सुरक्षित करें,YES,
1787944783305,Redmi Note 9 Pro,12,hi,vakyansh_hindi_base.int8.onnx,int8,hi_24_long_tactical_4,10.12,MODERATE_NOISE_15DB,2,WARM,2629,0.260,17.39,6.06,706.42,706.42,आपातकालीन चेतावनी सतीय सैक्टर साथ में भीषण तूफान आ रहा है हवा की रती सत्तर किलोमीटर प्रति घंटा है सभी उपकरण सुरक्षित करें,आपातकालीन चेतावनी तटीय सेक्टर सात में भीषण तूफान आ रहा है हवा की गति सत्तर किलोमीटर प्रति घंटा है सभी उपकरण सुरक्षित करें,YES,
1787944786100,Redmi Note 9 Pro,12,hi,vakyansh_hindi_base.int8.onnx,int8,hi_24_long_tactical_4,10.12,MODERATE_NOISE_15DB,3,WARM,2689,0.266,17.39,6.06,702.89,706.50,आपातकालीन चेतावनी सतीय सैक्टर साथ में भीषण तूफान आ रहा है हवा की रती सत्तर किलोमीटर प्रति घंटा है सभी उपकरण सुरक्षित करें,आपातकालीन चेतावनी तटीय सेक्टर सात में भीषण तूफान आ रहा है हवा की गति सत्तर किलोमीटर प्रति घंटा है सभी उपकरण सुरक्षित करें,YES,
1787944788738,Redmi Note 9 Pro,12,hi,vakyansh_hindi_base.int8.onnx,int8,hi_25_long_tactical_5,9.31,MODERATE_NOISE_15DB,1,WARM,2515,0.270,9.52,4.26,720.49,720.49,कमांड सेंटर सभी दष्टी दलों को निर्देश देता है कि पश्चिमी राजमार्ग जंक्शन चार पर पहुंचे और रेडियो संपर्क बनाए रखें,कमांड सेंटर सभी गश्ती दलों को निर्देश देता है कि पश्चिमी राजमार्ग जंक्शन चार पर पहुंचें और रेडियो संपर्क बनाए रखें,YES,
1787944791585,Redmi Note 9 Pro,12,hi,vakyansh_hindi_base.int8.onnx,int8,hi_25_long_tactical_5,9.31,MODERATE_NOISE_15DB,2,WARM,2723,0.292,9.52,4.26,721.85,721.85,कमांड सेंटर सभी दष्टी दलों को निर्देश देता है कि पश्चिमी राजमार्ग जंक्शन चार पर पहुंचे और रेडियो संपर्क बनाए रखें,कमांड सेंटर सभी गश्ती दलों को निर्देश देता है कि पश्चिमी राजमार्ग जंक्शन चार पर पहुंचें और रेडियो संपर्क बनाए रखें,YES,
1787944794288,Redmi Note 9 Pro,12,hi,vakyansh_hindi_base.int8.onnx,int8,hi_25_long_tactical_5,9.31,MODERATE_NOISE_15DB,3,WARM,2592,0.278,9.52,4.26,720.12,722.05,कमांड सेंटर सभी दष्टी दलों को निर्देश देता है कि पश्चिमी राजमार्ग जंक्शन चार पर पहुंचे और रेडियो संपर्क बनाए रखें,कमांड सेंटर सभी गश्ती दलों को निर्देश देता है कि पश्चिमी राजमार्ग जंक्शन चार पर पहुंचें और रेडियो संपर्क बनाए रखें,YES,
1787944796871,Redmi Note 9 Pro,12,hi,vakyansh_hindi_base.int8.onnx,int8,hi_26_long_tactical_6,9.21,MODERATE_NOISE_15DB,1,WARM,2459,0.267,18.18,6.38,722.39,724.17,चिकित्सा आपूर्ति कपला राहत शिवर नव में पहुँच चुका है भोजन और प्राथमिक उपचार सामग्री का वितरण शुरू किया जा रहा है,चिकित्सा आपूर्ति काफिला राहत शिविर नौ में पहुंच चुका है भोजन और प्राथमिक उपचार सामग्री का वितरण शुरू किया जा रहा है,YES,
1787944799573,Redmi Note 9 Pro,12,hi,vakyansh_hindi_base.int8.onnx,int8,hi_26_long_tactical_6,9.21,MODERATE_NOISE_15DB,2,WARM,2590,0.281,18.18,6.38,718.19,722.52,चिकित्सा आपूर्ति कपला राहत शिवर नव में पहुँच चुका है भोजन और प्राथमिक उपचार सामग्री का वितरण शुरू किया जा रहा है,चिकित्सा आपूर्ति काफिला राहत शिविर नौ में पहुंच चुका है भोजन और प्राथमिक उपचार सामग्री का वितरण शुरू किया जा रहा है,YES,
1787944802346,Redmi Note 9 Pro,12,hi,vakyansh_hindi_base.int8.onnx,int8,hi_26_long_tactical_6,9.21,MODERATE_NOISE_15DB,3,WARM,2660,0.289,18.18,6.38,719.52,719.52,चिकित्सा आपूर्ति कपला राहत शिवर नव में पहुँच चुका है भोजन और प्राथमिक उपचार सामग्री का वितरण शुरू किया जा रहा है,चिकित्सा आपूर्ति काफिला राहत शिविर नौ में पहुंच चुका है भोजन और प्राथमिक उपचार सामग्री का वितरण शुरू किया जा रहा है,YES,
1787944805020,Redmi Note 9 Pro,12,hi,vakyansh_hindi_base.int8.onnx,int8,hi_27_long_tactical_7,8.42,MODERATE_NOISE_15DB,1,WARM,2543,0.302,18.18,8.64,718.97,720.48,निद्रानी दल ने गिलेताबर तीन पर बिजली आपूर्ति बाधेक होने की सूचना दी है बैकअप जनरेटर चालू कर दिए गए हैं,निगरानी दल ने रिले टावर तीन पर बिजली आपूर्ति बाधित होने की सूचना दी है बैकअप जनरेटर चालू कर दिए गए हैं,YES,
1787944807763,Redmi Note 9 Pro,12,hi,vakyansh_hindi_base.int8.onnx,int8,hi_27_long_tactical_7,8.42,MODERATE_NOISE_15DB,2,WARM,2606,0.310,18.18,8.64,718.02,718.97,निद्रानी दल ने गिलेताबर तीन पर बिजली आपूर्ति बाधेक होने की सूचना दी है बैकअप जनरेटर चालू कर दिए गए हैं,निगरानी दल ने रिले टावर तीन पर बिजली आपूर्ति बाधित होने की सूचना दी है बैकअप जनरेटर चालू कर दिए गए हैं,YES,
1787944810368,Redmi Note 9 Pro,12,hi,vakyansh_hindi_base.int8.onnx,int8,hi_27_long_tactical_7,8.42,MODERATE_NOISE_15DB,3,WARM,2476,0.294,18.18,8.64,719.25,719.25,निद्रानी दल ने गिलेताबर तीन पर बिजली आपूर्ति बाधेक होने की सूचना दी है बैकअप जनरेटर चालू कर दिए गए हैं,निगरानी दल ने रिले टावर तीन पर बिजली आपूर्ति बाधित होने की सूचना दी है बैकअप जनरेटर चालू कर दिए गए हैं,YES,
1787944812747,Redmi Note 9 Pro,12,hi,vakyansh_hindi_base.int8.onnx,int8,hi_28_long_tactical_8,7.90,MODERATE_NOISE_15DB,1,WARM,2242,0.284,14.29,12.66,718.79,720.17,दस्ता राबो वन क्षेत्र से होते हुए बिंदु कांच की ओर बढ़ रहा है कोई संवेदन गतिविधि नहीं देखी गई है,दस्ता ब्रावो वन क्षेत्र से होते हुए बिंदु पाँच की ओर बढ़ रहा है कोई संदिग्ध गतिविधि नहीं देखी गई है,YES,
1787944814941,Redmi Note 9 Pro,12,hi,vakyansh_hindi_base.int8.onnx,int8,hi_28_long_tactical_8,7.90,MODERATE_NOISE_15DB,2,WARM,2074,0.263,14.29,12.66,717.90,718.86,दस्ता राबो वन क्षेत्र से होते हुए बिंदु कांच की ओर बढ़ रहा है कोई संवेदन गतिविधि नहीं देखी गई है,दस्ता ब्रावो वन क्षेत्र से होते हुए बिंदु पाँच की ओर बढ़ रहा है कोई संदिग्ध गतिविधि नहीं देखी गई है,YES,
1787944817107,Redmi Note 9 Pro,12,hi,vakyansh_hindi_base.int8.onnx,int8,hi_28_long_tactical_8,7.90,MODERATE_NOISE_15DB,3,WARM,2069,0.262,14.29,12.66,719.06,719.06,दस्ता राबो वन क्षेत्र से होते हुए बिंदु कांच की ओर बढ़ रहा है कोई संवेदन गतिविधि नहीं देखी गई है,दस्ता ब्रावो वन क्षेत्र से होते हुए बिंदु पाँच की ओर बढ़ रहा है कोई संदिग्ध गतिविधि नहीं देखी गई है,YES,
1787944819757,Redmi Note 9 Pro,12,hi,vakyansh_hindi_base.int8.onnx,int8,hi_29_long_tactical_9,9.77,MODERATE_NOISE_15DB,1,WARM,2539,0.260,29.17,7.29,727.12,727.12,अभियांत्रि की तीन ने नदी के पोल को भारी बहनों के लिए और सुरक्षित घोषित किया है सभी यातायात को पूर्व दिशा में मोड़ा गया है,अभियांत्रिकी टीम ने नदी के पुल को भारी वाहनों के लिए असुरक्षित घोषित किया है सभी यातायात को पूर्व दिशा में मोड़ा गया है,YES,
1787944822379,Redmi Note 9 Pro,12,hi,vakyansh_hindi_base.int8.onnx,int8,hi_29_long_tactical_9,9.77,MODERATE_NOISE_15DB,2,WARM,2521,0.258,29.17,7.29,725.61,727.20,अभियांत्रि की तीन ने नदी के पोल को भारी बहनों के लिए और सुरक्षित घोषित किया है सभी यातायात को पूर्व दिशा में मोड़ा गया है,अभियांत्रिकी टीम ने नदी के पुल को भारी वाहनों के लिए असुरक्षित घोषित किया है सभी यातायात को पूर्व दिशा में मोड़ा गया है,YES,
1787944825059,Redmi Note 9 Pro,12,hi,vakyansh_hindi_base.int8.onnx,int8,hi_29_long_tactical_9,9.77,MODERATE_NOISE_15DB,3,WARM,2577,0.264,29.17,7.29,724.03,725.69,अभियांत्रि की तीन ने नदी के पोल को भारी बहनों के लिए और सुरक्षित घोषित किया है सभी यातायात को पूर्व दिशा में मोड़ा गया है,अभियांत्रिकी टीम ने नदी के पुल को भारी वाहनों के लिए असुरक्षित घोषित किया है सभी यातायात को पूर्व दिशा में मोड़ा गया है,YES,
1787944827698,Redmi Note 9 Pro,12,hi,vakyansh_hindi_base.int8.onnx,int8,hi_30_long_tactical_10,9.57,MODERATE_NOISE_15DB,1,WARM,2522,0.263,8.33,1.94,726.31,726.31,मुख्यालय पुष्टि करता है कि सभी मुख्य चौकियां सुरक्षित हैं रात्रि गष्ती दल तुरंत अपना स्थान ले और हर आधे घंटे में रिपोर्ट करें,मुख्यालय पुष्टि करता है कि सभी मुख्य चौकियां सुरक्षित हैं रात्रि गश्ती दल तुरंत अपना स्थान लें और हर आधे घंटे में रिपोर्ट करें,YES,
1787944830561,Redmi Note 9 Pro,12,hi,vakyansh_hindi_base.int8.onnx,int8,hi_30_long_tactical_10,9.57,MODERATE_NOISE_15DB,2,WARM,2759,0.288,8.33,1.94,727.71,727.71,मुख्यालय पुष्टि करता है कि सभी मुख्य चौकियां सुरक्षित हैं रात्रि गष्ती दल तुरंत अपना स्थान ले और हर आधे घंटे में रिपोर्ट करें,मुख्यालय पुष्टि करता है कि सभी मुख्य चौकियां सुरक्षित हैं रात्रि गश्ती दल तुरंत अपना स्थान लें और हर आधे घंटे में रिपोर्ट करें,YES,
1787944833529,Redmi Note 9 Pro,12,hi,vakyansh_hindi_base.int8.onnx,int8,hi_30_long_tactical_10,9.57,MODERATE_NOISE_15DB,3,WARM,2853,0.298,8.33,1.94,725.91,727.81,मुख्यालय पुष्टि करता है कि सभी मुख्य चौकियां सुरक्षित हैं रात्रि गष्ती दल तुरंत अपना स्थान ले और हर आधे घंटे में रिपोर्ट करें,मुख्यालय पुष्टि करता है कि सभी मुख्य चौकियां सुरक्षित हैं रात्रि गश्ती दल तुरंत अपना स्थान लें और हर आधे घंटे में रिपोर्ट करें,YES,
1787944852956,Redmi Note 9 Pro,12,en,whisper-tiny-en,int8,en_01_normal,3.36,MODERATE_NOISE_15DB,1,COLD,573,0.171,50.00,11.11,366.12,366.12,All patrol check links are reported clear and secure.,all patrol checkpoints are reported clear and secure,NO,
1787944853566,Redmi Note 9 Pro,12,en,whisper-tiny-en,int8,en_01_normal,3.36,MODERATE_NOISE_15DB,2,WARM,528,0.157,50.00,11.11,392.45,392.45,All patrol check links are reported clear and secure.,all patrol checkpoints are reported clear and secure,NO,
1787944854185,Redmi Note 9 Pro,12,en,whisper-tiny-en,int8,en_01_normal,3.36,MODERATE_NOISE_15DB,3,WARM,542,0.161,50.00,11.11,389.91,392.52,All patrol check links are reported clear and secure.,all patrol checkpoints are reported clear and secure,NO,
1787944854563,Redmi Note 9 Pro,12,en,whisper-tiny-en,int8,en_02_short,1.41,MODERATE_NOISE_15DB,1,WARM,298,0.212,66.67,30.77,400.04,400.04,Roger that face.,roger that base,NO,
1787944854934,Redmi Note 9 Pro,12,en,whisper-tiny-en,int8,en_02_short,1.41,MODERATE_NOISE_15DB,2,WARM,301,0.214,66.67,30.77,399.96,400.07,Roger that face.,roger that base,NO,
1787944855293,Redmi Note 9 Pro,12,en,whisper-tiny-en,int8,en_02_short,1.41,MODERATE_NOISE_15DB,3,WARM,290,0.206,66.67,30.77,394.84,399.98,Roger that face.,roger that base,NO,
1787944856248,Redmi Note 9 Pro,12,en,whisper-tiny-en,int8,en_03_long,5.81,MODERATE_NOISE_15DB,1,WARM,847,0.146,42.86,9.64,400.30,400.30,The convoy is proceeding along the Western Highway toward junction seven Understandored Protocol.,the convoy is proceeding along the western highway toward junction seven under standard protocol,NO,
1787944857179,Redmi Note 9 Pro,12,en,whisper-tiny-en,int8,en_03_long,5.81,MODERATE_NOISE_15DB,2,WARM,847,0.146,42.86,9.64,435.55,435.55,The convoy is proceeding along the Western Highway toward junction seven Understandored Protocol.,the convoy is proceeding along the western highway toward junction seven under standard protocol,NO,
1787944858101,Redmi Note 9 Pro,12,en,whisper-tiny-en,int8,en_03_long,5.81,MODERATE_NOISE_15DB,3,WARM,838,0.144,42.86,9.64,435.72,435.72,The convoy is proceeding along the Western Highway toward junction seven Understandored Protocol.,the convoy is proceeding along the western highway toward junction seven under standard protocol,NO,
1787944858746,Redmi Note 9 Pro,12,en,whisper-tiny-en,int8,en_04_numbers,4.45,MODERATE_NOISE_15DB,1,WARM,562,0.126,27.27,30.00,435.17,435.31,twelve personnel are present and battery level is 75%.,twelve personnel are present and battery level is seventy five percent,YES,
1787944859397,Redmi Note 9 Pro,12,en,whisper-tiny-en,int8,en_04_numbers,4.45,MODERATE_NOISE_15DB,2,WARM,572,0.129,27.27,30.00,438.97,438.97,twelve personnel are present and battery level is 75%.,twelve personnel are present and battery level is seventy five percent,YES,
1787944860026,Redmi Note 9 Pro,12,en,whisper-tiny-en,int8,en_04_numbers,4.45,MODERATE_NOISE_15DB,3,WARM,559,0.126,27.27,30.00,439.07,439.07,twelve personnel are present and battery level is 75%.,twelve personnel are present and battery level is seventy five percent,YES,
1787944860696,Redmi Note 9 Pro,12,en,whisper-tiny-en,int8,en_05_location,3.90,MODERATE_NOISE_15DB,1,WARM,586,0.150,30.00,6.25,439.74,439.74,Station Alpha located fifty meters north of the main gate.,station alpha located fifty meters north of the main gate,YES,
1787944861336,Redmi Note 9 Pro,12,en,whisper-tiny-en,int8,en_05_location,3.90,MODERATE_NOISE_15DB,2,WARM,568,0.145,30.00,6.25,439.53,439.78,Station Alpha located fifty meters north of the main gate.,station alpha located fifty meters north of the main gate,YES,
1787944861977,Redmi Note 9 Pro,12,en,whisper-tiny-en,int8,en_05_location,3.90,MODERATE_NOISE_15DB,3,WARM,563,0.144,30.00,6.25,439.58,439.58,Station Alpha located fifty meters north of the main gate.,station alpha located fifty meters north of the main gate,YES,
1787944862576,Redmi Note 9 Pro,12,en,whisper-tiny-en,int8,en_06_emergency,3.84,MODERATE_NOISE_15DB,1,WARM,517,0.135,12.50,2.00,440.37,440.37,emergency alert critical assistance needed at sector four.,emergency alert critical assistance needed at sector four,YES,
1787944863157,Redmi Note 9 Pro,12,en,whisper-tiny-en,int8,en_06_emergency,3.84,MODERATE_NOISE_15DB,2,WARM,507,0.132,12.50,2.00,440.38,440.41,emergency alert critical assistance needed at sector four.,emergency alert critical assistance needed at sector four,YES,
1787944863747,Redmi Note 9 Pro,12,en,whisper-tiny-en,int8,en_06_emergency,3.84,MODERATE_NOISE_15DB,3,WARM,507,0.132,12.50,2.00,440.41,440.41,emergency alert critical assistance needed at sector four.,emergency alert critical assistance needed at sector four,YES,
1787944864312,Redmi Note 9 Pro,12,en,whisper-tiny-en,int8,en_07_radio,3.17,MODERATE_NOISE_15DB,1,WARM,483,0.152,25.00,5.41,440.84,440.84,Radio check do you copy my transmission over?,radio check do you copy my transmission over,YES,
1787944864876,Redmi Note 9 Pro,12,en,whisper-tiny-en,int8,en_07_radio,3.17,MODERATE_NOISE_15DB,2,WARM,486,0.153,25.00,5.41,440.64,440.87,Radio check do you copy my transmission over?,radio check do you copy my transmission over,YES,
1787944865435,Redmi Note 9 Pro,12,en,whisper-tiny-en,int8,en_07_radio,3.17,MODERATE_NOISE_15DB,3,WARM,485,0.153,25.00,5.41,440.65,440.67,Radio check do you copy my transmission over?,radio check do you copy my transmission over,YES,
1787944865985,Redmi Note 9 Pro,12,en,whisper-tiny-en,int8,en_08_punct,3.01,MODERATE_NOISE_15DB,1,WARM,461,0.153,28.57,5.41,441.00,441.00,Hold position stand by for immediate orders.,hold position stand by for immediate orders,YES,
1787944866525,Redmi Note 9 Pro,12,en,whisper-tiny-en,int8,en_08_punct,3.01,MODERATE_NOISE_15DB,2,WARM,466,0.155,28.57,5.41,441.04,441.04,Hold position stand by for immediate orders.,hold position stand by for immediate orders,YES,
1787944867065,Redmi Note 9 Pro,12,en,whisper-tiny-en,int8,en_08_punct,3.01,MODERATE_NOISE_15DB,3,WARM,463,0.154,28.57,5.41,441.12,441.12,Hold position stand by for immediate orders.,hold position stand by for immediate orders,YES,
1787944867704,Redmi Note 9 Pro,12,en,whisper-tiny-en,int8,en_09_proper_nouns,3.70,MODERATE_NOISE_15DB,1,WARM,558,0.151,44.44,9.09,439.26,441.61,squad leader Vikram report to Captain Sharma at base.,squad leader vikram report to captain sharma at base,YES,
1787944868346,Redmi Note 9 Pro,12,en,whisper-tiny-en,int8,en_09_proper_nouns,3.70,MODERATE_NOISE_15DB,2,WARM,565,0.153,44.44,9.09,439.29,439.29,squad leader Vikram report to Captain Sharma at base.,squad leader vikram report to captain sharma at base,YES,
1787944868984,Redmi Note 9 Pro,12,en,whisper-tiny-en,int8,en_09_proper_nouns,3.70,MODERATE_NOISE_15DB,3,WARM,566,0.153,44.44,9.09,439.33,439.33,squad leader Vikram report to Captain Sharma at base.,squad leader vikram report to captain sharma at base,YES,
1787944869525,Redmi Note 9 Pro,12,en,whisper-tiny-en,int8,en_10_fast,2.90,MODERATE_NOISE_15DB,1,WARM,456,0.157,14.29,2.70,439.64,439.64,quick update team moving into perimeter now.,quick update team moving into perimeter now,YES,
1787944870065,Redmi Note 9 Pro,12,en,whisper-tiny-en,int8,en_10_fast,2.90,MODERATE_NOISE_15DB,2,WARM,469,0.162,14.29,2.70,439.65,439.67,quick update team moving into perimeter now.,quick update team moving into perimeter now,YES,
1787944870614,Redmi Note 9 Pro,12,en,whisper-tiny-en,int8,en_10_fast,2.90,MODERATE_NOISE_15DB,3,WARM,475,0.164,14.29,2.70,439.69,439.69,quick update team moving into perimeter now.,quick update team moving into perimeter now,YES,
1787944871215,Redmi Note 9 Pro,12,en,whisper-tiny-en,int8,en_11_tactical_1,3.17,MODERATE_NOISE_15DB,1,WARM,521,0.164,33.33,8.82,440.05,440.05,Red Alert all units fall back to safe zone.,red alert all units fall back to safe zone,YES,
1787944871815,Redmi Note 9 Pro,12,en,whisper-tiny-en,int8,en_11_tactical_1,3.17,MODERATE_NOISE_15DB,2,WARM,525,0.166,33.33,8.82,440.15,440.15,Red Alert all units fall back to safe zone.,red alert all units fall back to safe zone,YES,
1787944872422,Redmi Note 9 Pro,12,en,whisper-tiny-en,int8,en_11_tactical_1,3.17,MODERATE_NOISE_15DB,3,WARM,530,0.167,33.33,8.82,440.21,440.21,Red Alert all units fall back to safe zone.,red alert all units fall back to safe zone,YES,
1787944872944,Redmi Note 9 Pro,12,en,whisper-tiny-en,int8,en_12_tactical_2,2.85,MODERATE_NOISE_15DB,1,WARM,435,0.153,16.67,3.03,440.54,440.54,medical team dispatched to sector nine.,medical team dispatched to sector nine,YES,
1787944873455,Redmi Note 9 Pro,12,en,whisper-tiny-en,int8,en_12_tactical_2,2.85,MODERATE_NOISE_15DB,2,WARM,439,0.154,16.67,3.03,440.52,440.58,medical team dispatched to sector nine.,medical team dispatched to sector nine,YES,
1787944873965,Redmi Note 9 Pro,12,en,whisper-tiny-en,int8,en_12_tactical_2,2.85,MODERATE_NOISE_15DB,3,WARM,432,0.152,16.67,3.03,440.70,440.70,medical team dispatched to sector nine.,medical team dispatched to sector nine,YES,
1787944874557,Redmi Note 9 Pro,12,en,whisper-tiny-en,int8,en_13_tactical_3,3.33,MODERATE_NOISE_15DB,1,WARM,505,0.152,50.00,30.95,441.05,441.05,oxygen level 40% evacuate immediately.,oxygen level forty percent evacuate immediately,YES,
1787944875166,Redmi Note 9 Pro,12,en,whisper-tiny-en,int8,en_13_tactical_3,3.33,MODERATE_NOISE_15DB,2,WARM,531,0.160,50.00,30.95,441.15,441.15,oxygen level 40% evacuate immediately.,oxygen level forty percent evacuate immediately,YES,
1787944875715,Redmi Note 9 Pro,12,en,whisper-tiny-en,int8,en_13_tactical_3,3.33,MODERATE_NOISE_15DB,3,WARM,468,0.141,50.00,30.95,441.15,441.18,oxygen level 40% evacuate immediately.,oxygen level forty percent evacuate immediately,YES,
1787944876225,Redmi Note 9 Pro,12,en,whisper-tiny-en,int8,en_14_tactical_4,2.62,MODERATE_NOISE_15DB,1,WARM,424,0.162,16.67,9.38,441.56,441.56,heavy smoke reported in warehouse 2.,heavy smoke reported in warehouse two,YES,
1787944876746,Redmi Note 9 Pro,12,en,whisper-tiny-en,int8,en_14_tactical_4,2.62,MODERATE_NOISE_15DB,2,WARM,442,0.168,16.67,9.38,441.57,441.58,heavy smoke reported in warehouse 2.,heavy smoke reported in warehouse two,YES,
1787944877316,Redmi Note 9 Pro,12,en,whisper-tiny-en,int8,en_14_tactical_4,2.62,MODERATE_NOISE_15DB,3,WARM,494,0.188,16.67,9.38,441.68,441.68,heavy smoke reported in warehouse 2.,heavy smoke reported in warehouse two,YES,
1787944877855,Redmi Note 9 Pro,12,en,whisper-tiny-en,int8,en_15_tactical_5,2.83,MODERATE_NOISE_15DB,1,WARM,455,0.161,16.67,2.50,439.59,442.10,perimeter breach detected near boundary fence.,perimeter breach detected near boundary fence,YES,
1787944878376,Redmi Note 9 Pro,12,en,whisper-tiny-en,int8,en_15_tactical_5,2.83,MODERATE_NOISE_15DB,2,WARM,439,0.155,16.67,2.50,439.63,439.63,perimeter breach detected near boundary fence.,perimeter breach detected near boundary fence,YES,
1787944878896,Redmi Note 9 Pro,12,en,whisper-tiny-en,int8,en_15_tactical_5,2.83,MODERATE_NOISE_15DB,3,WARM,440,0.155,16.67,2.50,439.59,439.66,perimeter breach detected near boundary fence.,perimeter breach detected near boundary fence,YES,
1787944879747,Redmi Note 9 Pro,12,en,whisper-tiny-en,int8,en_16_coords_1,4.93,MODERATE_NOISE_15DB,1,WARM,767,0.156,100.00,52.38,440.40,440.40,Co-ordinates Latitude twelve.5 Longitude 77.6,coordinates latitude twelve point five longitude seventy seven point six,NO,
1787944880579,Redmi Note 9 Pro,12,en,whisper-tiny-en,int8,en_16_coords_1,4.93,MODERATE_NOISE_15DB,2,WARM,750,0.152,100.00,52.38,442.13,442.13,Co-ordinates Latitude twelve.5 Longitude 77.6,coordinates latitude twelve point five longitude seventy seven point six,NO,
1787944881418,Redmi Note 9 Pro,12,en,whisper-tiny-en,int8,en_16_coords_1,4.93,MODERATE_NOISE_15DB,3,WARM,757,0.154,100.00,52.38,442.33,442.33,Co-ordinates Latitude twelve.5 Longitude 77.6,coordinates latitude twelve point five longitude seventy seven point six,NO,
1787944881918,Redmi Note 9 Pro,12,en,whisper-tiny-en,int8,en_17_coords_2,2.93,MODERATE_NOISE_15DB,1,WARM,409,0.140,16.67,2.44,442.40,442.64,checkpoint Delta altitude three hundred meters,checkpoint delta altitude three hundred meters,YES,
1787944882407,Redmi Note 9 Pro,12,en,whisper-tiny-en,int8,en_17_coords_2,2.93,MODERATE_NOISE_15DB,2,WARM,404,0.138,16.67,2.44,442.47,442.47,checkpoint Delta altitude three hundred meters,checkpoint delta altitude three hundred meters,YES,
1787944882905,Redmi Note 9 Pro,12,en,whisper-tiny-en,int8,en_17_coords_2,2.93,MODERATE_NOISE_15DB,3,WARM,406,0.139,16.67,2.44,442.52,442.52,checkpoint Delta altitude three hundred meters,checkpoint delta altitude three hundred meters,YES,
1787944883377,Redmi Note 9 Pro,12,en,whisper-tiny-en,int8,en_18_coords_3,2.54,MODERATE_NOISE_15DB,1,WARM,386,0.152,66.67,21.88,442.85,442.85,Building 4 Room twenty eight Clear,building four room twenty eight clear,NO,
1787944883837,Redmi Note 9 Pro,12,en,whisper-tiny-en,int8,en_18_coords_3,2.54,MODERATE_NOISE_15DB,2,WARM,385,0.151,66.67,21.88,442.86,442.88,Building 4 Room twenty eight Clear,building four room twenty eight clear,NO,
1787944884322,Redmi Note 9 Pro,12,en,whisper-tiny-en,int8,en_18_coords_3,2.54,MODERATE_NOISE_15DB,3,WARM,400,0.157,66.67,21.88,443.01,443.01,Building 4 Room twenty eight Clear,building four room twenty eight clear,NO,
1787944884889,Redmi Note 9 Pro,12,en,whisper-tiny-en,int8,en_19_coords_4,2.98,MODERATE_NOISE_15DB,1,WARM,474,0.159,42.86,35.00,443.32,443.32,speed thirty km/h heading south,speed thirty kilometers per hour heading south,YES,
1787944885450,Redmi Note 9 Pro,12,en,whisper-tiny-en,int8,en_19_coords_4,2.98,MODERATE_NOISE_15DB,2,WARM,472,0.158,42.86,35.00,443.42,443.42,speed thirty km/h heading south,speed thirty kilometers per hour heading south,YES,
1787944886009,Redmi Note 9 Pro,12,en,whisper-tiny-en,int8,en_19_coords_4,2.98,MODERATE_NOISE_15DB,3,WARM,472,0.158,42.86,35.00,443.49,443.49,speed thirty km/h heading south,speed thirty kilometers per hour heading south,YES,
1787944886629,Redmi Note 9 Pro,12,en,whisper-tiny-en,int8,en_20_coords_5,3.17,MODERATE_NOISE_15DB,1,WARM,520,0.164,71.43,46.34,442.02,443.82,Relay Tower 5 signal strength 80%.,relay tower five signal strength eighty percent,NO,
1787944887228,Redmi Note 9 Pro,12,en,whisper-tiny-en,int8,en_20_coords_5,3.17,MODERATE_NOISE_15DB,2,WARM,509,0.161,71.43,46.34,442.04,442.05,Relay Tower 5 signal strength 80%.,relay tower five signal strength eighty percent,NO,
1787944887829,Redmi Note 9 Pro,12,en,whisper-tiny-en,int8,en_20_coords_5,3.17,MODERATE_NOISE_15DB,3,WARM,516,0.163,71.43,46.34,442.13,442.13,Relay Tower 5 signal strength 80%.,relay tower five signal strength eighty percent,NO,
1787944889481,Redmi Note 9 Pro,12,en,whisper-tiny-en,int8,en_21_long_tactical_1,10.48,MODERATE_NOISE_15DB,1,WARM,1550,0.148,52.00,18.42,443.42,443.42,Pawn Boy Alpha 1 reporting to base Bravo Western perimeter fence breach near Grid Court and at 42 requesting immediate medical evacuation and secondary support team over.,convoy alpha one reporting to base bravo western perimeter fence breached near grid coordinate forty two requesting immediate medical evacuation and secondary support team over,NO,
1787944891071,Redmi Note 9 Pro,12,en,whisper-tiny-en,int8,en_21_long_tactical_1,10.48,MODERATE_NOISE_15DB,2,WARM,1511,0.144,52.00,18.42,461.81,461.81,Pawn Boy Alpha 1 reporting to base Bravo Western perimeter fence breach near Grid Court and at 42 requesting immediate medical evacuation and secondary support team over.,convoy alpha one reporting to base bravo western perimeter fence breached near grid coordinate forty two requesting immediate medical evacuation and secondary support team over,NO,
1787944892671,Redmi Note 9 Pro,12,en,whisper-tiny-en,int8,en_21_long_tactical_1,10.48,MODERATE_NOISE_15DB,3,WARM,1515,0.145,52.00,18.42,461.92,461.94,Pawn Boy Alpha 1 reporting to base Bravo Western perimeter fence breach near Grid Court and at 42 requesting immediate medical evacuation and secondary support team over.,convoy alpha one reporting to base bravo western perimeter fence breached near grid coordinate forty two requesting immediate medical evacuation and secondary support team over,NO,
1787944894090,Redmi Note 9 Pro,12,en,whisper-tiny-en,int8,en_22_long_tactical_2,9.38,MODERATE_NOISE_15DB,1,WARM,1317,0.140,26.09,10.87,463.19,463.19,Station Delta confirms oxygen level dropping to thirty% in sector 3 all personnel evacuate toward southern exit gate and report headcount immediately.,station delta confirms oxygen level dropping to thirty percent in sector three all personnel evacuate toward southern exit gate and report headcount immediately,YES,
1787944895502,Redmi Note 9 Pro,12,en,whisper-tiny-en,int8,en_22_long_tactical_2,9.38,MODERATE_NOISE_15DB,2,WARM,1331,0.142,26.09,10.87,463.40,463.40,Station Delta confirms oxygen level dropping to thirty% in sector 3 all personnel evacuate toward southern exit gate and report headcount immediately.,station delta confirms oxygen level dropping to thirty percent in sector three all personnel evacuate toward southern exit gate and report headcount immediately,YES,
1787944896933,Redmi Note 9 Pro,12,en,whisper-tiny-en,int8,en_22_long_tactical_2,9.38,MODERATE_NOISE_15DB,3,WARM,1341,0.143,26.09,10.87,463.57,463.57,Station Delta confirms oxygen level dropping to thirty% in sector 3 all personnel evacuate toward southern exit gate and report headcount immediately.,station delta confirms oxygen level dropping to thirty percent in sector three all personnel evacuate toward southern exit gate and report headcount immediately,YES,
1787944898345,Redmi Note 9 Pro,12,en,whisper-tiny-en,int8,en_23_long_tactical_3,8.83,MODERATE_NOISE_15DB,1,WARM,1302,0.147,22.73,6.87,464.49,464.50,Search and rescue team twelve moving into flooded district water level rising approximately 2 meters of of street grade deploying inflatable boats now.,search and rescue team twelve moving into flooded district water level rising approximately two meters above street grade deploying inflatable boats now,YES,
1787944899752,Redmi Note 9 Pro,12,en,whisper-tiny-en,int8,en_23_long_tactical_3,8.83,MODERATE_NOISE_15DB,2,WARM,1321,0.150,22.73,6.87,464.73,464.73,Search and rescue team twelve moving into flooded district water level rising approximately 2 meters of of street grade deploying inflatable boats now.,search and rescue team twelve moving into flooded district water level rising approximately two meters above street grade deploying inflatable boats now,YES,
1787944901173,Redmi Note 9 Pro,12,en,whisper-tiny-en,int8,en_23_long_tactical_3,8.83,MODERATE_NOISE_15DB,3,WARM,1334,0.151,22.73,6.87,464.88,464.88,Search and rescue team twelve moving into flooded district water level rising approximately 2 meters of of street grade deploying inflatable boats now.,search and rescue team twelve moving into flooded district water level rising approximately two meters above street grade deploying inflatable boats now,YES,
1787944902583,Redmi Note 9 Pro,12,en,whisper-tiny-en,int8,en_24_long_tactical_4,9.28,MODERATE_NOISE_15DB,1,WARM,1306,0.141,50.00,23.13,463.75,465.98,Emergency Alerts severe weather warning approach in coastal sector 7 wind speeds exceeding 70 km/h secure all equipment and standby.,emergency alert severe weather warning approaching coastal sector seven wind speeds exceeding seventy kilometers per hour secure all equipment and stand by,NO,
1787944903983,Redmi Note 9 Pro,12,en,whisper-tiny-en,int8,en_24_long_tactical_4,9.28,MODERATE_NOISE_15DB,2,WARM,1308,0.141,50.00,23.13,463.83,463.85,Emergency Alerts severe weather warning approach in coastal sector 7 wind speeds exceeding 70 km/h secure all equipment and standby.,emergency alert severe weather warning approaching coastal sector seven wind speeds exceeding seventy kilometers per hour secure all equipment and stand by,NO,
1787944905436,Redmi Note 9 Pro,12,en,whisper-tiny-en,int8,en_24_long_tactical_4,9.28,MODERATE_NOISE_15DB,3,WARM,1362,0.147,50.00,23.13,463.96,463.96,Emergency Alerts severe weather warning approach in coastal sector 7 wind speeds exceeding 70 km/h secure all equipment and standby.,emergency alert severe weather warning approaching coastal sector seven wind speeds exceeding seventy kilometers per hour secure all equipment and stand by,NO,
1787944907008,Redmi Note 9 Pro,12,en,whisper-tiny-en,int8,en_25_long_tactical_5,8.82,MODERATE_NOISE_15DB,1,WARM,1454,0.165,59.09,22.66,464.26,464.88,Command Center to the Troll Units 7 and 8 proceed along Western Highway Junction 4 maintain radio silence until reaching staging post-charlay.,command center to patrol units seven and eight proceed along western highway junction four maintain radio silence until reaching staging post charlie,NO,
1787944908578,Redmi Note 9 Pro,12,en,whisper-tiny-en,int8,en_25_long_tactical_5,8.82,MODERATE_NOISE_15DB,2,WARM,1465,0.166,59.09,22.66,464.45,467.27,Command Center to the Troll Units 7 and 8 proceed along Western Highway Junction 4 maintain radio silence until reaching staging post-charlay.,command center to patrol units seven and eight proceed along western highway junction four maintain radio silence until reaching staging post charlie,NO,
1787944910113,Redmi Note 9 Pro,12,en,whisper-tiny-en,int8,en_25_long_tactical_5,8.82,MODERATE_NOISE_15DB,3,WARM,1433,0.163,59.09,22.66,464.08,464.56,Command Center to the Troll Units 7 and 8 proceed along Western Highway Junction 4 maintain radio silence until reaching staging post-charlay.,command center to patrol units seven and eight proceed along western highway junction four maintain radio silence until reaching staging post charlie,NO,
1787944911463,Redmi Note 9 Pro,12,en,whisper-tiny-en,int8,en_26_long_tactical_6,8.11,MODERATE_NOISE_15DB,1,WARM,1240,0.153,35.00,9.09,462.63,464.97,Medical supply-con by carrying emergency rations and first aid kits has arrived at Relief Camp 9 distribution beginning under supervision.,medical supply convoy carrying emergency rations and first aid kits has arrived at relief camp nine distribution beginning under supervision,YES,
1787944912813,Redmi Note 9 Pro,12,en,whisper-tiny-en,int8,en_26_long_tactical_6,8.11,MODERATE_NOISE_15DB,2,WARM,1254,0.155,35.00,9.09,462.73,462.73,Medical supply-con by carrying emergency rations and first aid kits has arrived at Relief Camp 9 distribution beginning under supervision.,medical supply convoy carrying emergency rations and first aid kits has arrived at relief camp nine distribution beginning under supervision,YES,
1787944914142,Redmi Note 9 Pro,12,en,whisper-tiny-en,int8,en_26_long_tactical_6,8.11,MODERATE_NOISE_15DB,3,WARM,1241,0.153,35.00,9.09,462.88,462.88,Medical supply-con by carrying emergency rations and first aid kits has arrived at Relief Camp 9 distribution beginning under supervision.,medical supply convoy carrying emergency rations and first aid kits has arrived at relief camp nine distribution beginning under supervision,YES,
1787944915462,Redmi Note 9 Pro,12,en,whisper-tiny-en,int8,en_27_long_tactical_7,8.46,MODERATE_NOISE_15DB,1,WARM,1217,0.144,70.59,14.29,463.82,463.82,The Perimeter Reconnaissance Reports Power Failure at Relay Tower 3 back of generators operational communication restored at standard frequency.,perimeter reconnaissance reports power failure at relay tower three backup generators operational communication restored at standard frequency,NO,
1787944916772,Redmi Note 9 Pro,12,en,whisper-tiny-en,int8,en_27_long_tactical_7,8.46,MODERATE_NOISE_15DB,2,WARM,1216,0.144,70.59,14.29,463.94,463.94,The Perimeter Reconnaissance Reports Power Failure at Relay Tower 3 back of generators operational communication restored at standard frequency.,perimeter reconnaissance reports power failure at relay tower three backup generators operational communication restored at standard frequency,NO,
1787944918091,Redmi Note 9 Pro,12,en,whisper-tiny-en,int8,en_27_long_tactical_7,8.46,MODERATE_NOISE_15DB,3,WARM,1232,0.146,70.59,14.29,464.03,464.05,The Perimeter Reconnaissance Reports Power Failure at Relay Tower 3 back of generators operational communication restored at standard frequency.,perimeter reconnaissance reports power failure at relay tower three backup generators operational communication restored at standard frequency,NO,
1787944919453,Redmi Note 9 Pro,12,en,whisper-tiny-en,int8,en_28_long_tactical_8,8.88,MODERATE_NOISE_15DB,1,WARM,1260,0.142,52.63,15.27,465.06,465.06,Tactical Squad Bravo moving through Forest Corridor toward weight-point-5 encounters ERO hostile activity proceeding under normal operational protocol.,tactical squad bravo moving through forest corridor toward waypoint five encounter zero hostile activity proceeding under normal operational protocol,NO,
1787944920863,Redmi Note 9 Pro,12,en,whisper-tiny-en,int8,en_28_long_tactical_8,8.88,MODERATE_NOISE_15DB,2,WARM,1322,0.149,52.63,15.27,465.19,465.19,Tactical Squad Bravo moving through Forest Corridor toward weight-point-5 encounters ERO hostile activity proceeding under normal operational protocol.,tactical squad bravo moving through forest corridor toward waypoint five encounter zero hostile activity proceeding under normal operational protocol,NO,
1787944922234,Redmi Note 9 Pro,12,en,whisper-tiny-en,int8,en_28_long_tactical_8,8.88,MODERATE_NOISE_15DB,3,WARM,1277,0.144,52.63,15.27,465.34,465.34,Tactical Squad Bravo moving through Forest Corridor toward weight-point-5 encounters ERO hostile activity proceeding under normal operational protocol.,tactical squad bravo moving through forest corridor toward waypoint five encounter zero hostile activity proceeding under normal operational protocol,NO,
1787944923502,Redmi Note 9 Pro,12,en,whisper-tiny-en,int8,en_29_long_tactical_9,8.00,MODERATE_NOISE_15DB,1,WARM,1168,0.146,31.58,7.76,464.09,466.32,Engineering Team reports structural damage to bridge across River Nordenspan unsafe for heavy vehicles redirecting all traffic ease.,engineering team reports structural damage to bridge across river northern span unsafe for heavy vehicles redirecting all traffic east,YES,
1787944924796,Redmi Note 9 Pro,12,en,whisper-tiny-en,int8,en_29_long_tactical_9,8.00,MODERATE_NOISE_15DB,2,WARM,1200,0.150,31.58,7.76,464.24,464.24,Engineering Team reports structural damage to bridge across River Nordenspan unsafe for heavy vehicles redirecting all traffic ease.,engineering team reports structural damage to bridge across river northern span unsafe for heavy vehicles redirecting all traffic east,YES,
1787944926127,Redmi Note 9 Pro,12,en,whisper-tiny-en,int8,en_29_long_tactical_9,8.00,MODERATE_NOISE_15DB,3,WARM,1230,0.154,31.58,7.76,464.26,464.33,Engineering Team reports structural damage to bridge across River Nordenspan unsafe for heavy vehicles redirecting all traffic ease.,engineering team reports structural damage to bridge across river northern span unsafe for heavy vehicles redirecting all traffic east,YES,
1787944927630,Redmi Note 9 Pro,12,en,whisper-tiny-en,int8,en_30_long_tactical_10,9.22,MODERATE_NOISE_15DB,1,WARM,1380,0.150,14.29,5.07,465.43,465.43,Headquarters confirms all primary check-ways clear and operational night patrol shifts take positions immediately and report status every thirty minutes over.,headquarters confirms all primary checkpoints clear and operational night patrol shifts take positions immediately and report status every thirty minutes over,YES,
1787944929143,Redmi Note 9 Pro,12,en,whisper-tiny-en,int8,en_30_long_tactical_10,9.22,MODERATE_NOISE_15DB,2,WARM,1398,0.152,14.29,5.07,465.50,465.54,Headquarters confirms all primary check-ways clear and operational night patrol shifts take positions immediately and report status every thirty minutes over.,headquarters confirms all primary checkpoints clear and operational night patrol shifts take positions immediately and report status every thirty minutes over,YES,
1787944930563,Redmi Note 9 Pro,12,en,whisper-tiny-en,int8,en_30_long_tactical_10,9.22,MODERATE_NOISE_15DB,3,WARM,1319,0.143,14.29,5.07,465.68,465.68,Headquarters confirms all primary check-ways clear and operational night patrol shifts take positions immediately and report status every thirty minutes over.,headquarters confirms all primary checkpoints clear and operational night patrol shifts take positions immediately and report status every thirty minutes over,YES,
